--------------------------------------------------------
-- Archivo creado  - martes-agosto-12-2025   
--------------------------------------------------------
--------------------------------------------------------
--  DDL for Table COUNTRIES
--------------------------------------------------------

  CREATE TABLE "COUNTRIES" 
   (	"COUNTRY_ID" CHAR(2), 
	"COUNTRY_NAME" VARCHAR2(60), 
	"REGION_ID" NUMBER, 
	 CONSTRAINT "COUNTRY_C_ID_PK" PRIMARY KEY ("COUNTRY_ID") ENABLE
   ) ORGANIZATION INDEX NOCOMPRESS ;

   COMMENT ON COLUMN "COUNTRIES"."COUNTRY_ID" IS 'Primary key of countries table.';
   COMMENT ON COLUMN "COUNTRIES"."COUNTRY_NAME" IS 'Country name';
   COMMENT ON COLUMN "COUNTRIES"."REGION_ID" IS 'Region ID for the country. Foreign key to region_id column in the departments table.';
   COMMENT ON TABLE "COUNTRIES"  IS 'country table. References with locations table.';
--------------------------------------------------------
--  DDL for Table DEPARTMENTS
--------------------------------------------------------

  CREATE TABLE "DEPARTMENTS" 
   (	"DEPARTMENT_ID" NUMBER(4,0), 
	"DEPARTMENT_NAME" VARCHAR2(30), 
	"MANAGER_ID" NUMBER(6,0), 
	"LOCATION_ID" NUMBER(4,0)
   ) ;

   COMMENT ON COLUMN "DEPARTMENTS"."DEPARTMENT_ID" IS 'Primary key column of departments table.';
   COMMENT ON COLUMN "DEPARTMENTS"."DEPARTMENT_NAME" IS 'A not null column that shows name of a department. Administration, 
Marketing, Purchasing, Human Resources, Shipping, IT, Executive, Public 
Relations, Sales, Finance, and Accounting. ';
   COMMENT ON COLUMN "DEPARTMENTS"."MANAGER_ID" IS 'Manager_id of a department. Foreign key to employee_id column of employees table. The manager_id column of the employee table references this column.';
   COMMENT ON COLUMN "DEPARTMENTS"."LOCATION_ID" IS 'Location id where a department is located. Foreign key to location_id column of locations table.';
   COMMENT ON TABLE "DEPARTMENTS"  IS 'Departments table that shows details of departments where employees 
work. references with locations, employees, and job_history tables.';
--------------------------------------------------------
--  DDL for Table EMPLOYEES
--------------------------------------------------------

  CREATE TABLE "EMPLOYEES" 
   (	"EMPLOYEE_ID" NUMBER(6,0), 
	"FIRST_NAME" VARCHAR2(20), 
	"LAST_NAME" VARCHAR2(25), 
	"EMAIL" VARCHAR2(25), 
	"PHONE_NUMBER" VARCHAR2(20), 
	"HIRE_DATE" DATE, 
	"JOB_ID" VARCHAR2(10), 
	"SALARY" NUMBER(8,2), 
	"COMMISSION_PCT" NUMBER(2,2), 
	"MANAGER_ID" NUMBER(6,0), 
	"DEPARTMENT_ID" NUMBER(4,0)
   ) ;

   COMMENT ON COLUMN "EMPLOYEES"."EMPLOYEE_ID" IS 'Primary key of employees table.';
   COMMENT ON COLUMN "EMPLOYEES"."FIRST_NAME" IS 'First name of the employee. A not null column.';
   COMMENT ON COLUMN "EMPLOYEES"."LAST_NAME" IS 'Last name of the employee. A not null column.';
   COMMENT ON COLUMN "EMPLOYEES"."EMAIL" IS 'Email id of the employee';
   COMMENT ON COLUMN "EMPLOYEES"."PHONE_NUMBER" IS 'Phone number of the employee; includes country code and area code';
   COMMENT ON COLUMN "EMPLOYEES"."HIRE_DATE" IS 'Date when the employee started on this job. A not null column.';
   COMMENT ON COLUMN "EMPLOYEES"."JOB_ID" IS 'Current job of the employee; foreign key to job_id column of the 
jobs table. A not null column.';
   COMMENT ON COLUMN "EMPLOYEES"."SALARY" IS 'Monthly salary of the employee. Must be greater 
than zero (enforced by constraint emp_salary_min)';
   COMMENT ON COLUMN "EMPLOYEES"."COMMISSION_PCT" IS 'Commission percentage of the employee; Only employees in sales 
department elgible for commission percentage';
   COMMENT ON COLUMN "EMPLOYEES"."MANAGER_ID" IS 'Manager id of the employee; has same domain as manager_id in 
departments table. Foreign key to employee_id column of employees table. 
(useful for reflexive joins and CONNECT BY query)';
   COMMENT ON COLUMN "EMPLOYEES"."DEPARTMENT_ID" IS 'Department id where employee works; foreign key to department_id 
column of the departments table';
   COMMENT ON TABLE "EMPLOYEES"  IS 'employees table. References with departments,
jobs, job_history tables. Contains a self reference.';
--------------------------------------------------------
--  DDL for Table JOB_HISTORY
--------------------------------------------------------

  CREATE TABLE "JOB_HISTORY" 
   (	"EMPLOYEE_ID" NUMBER(6,0), 
	"START_DATE" DATE, 
	"END_DATE" DATE, 
	"JOB_ID" VARCHAR2(10), 
	"DEPARTMENT_ID" NUMBER(4,0)
   ) ;

   COMMENT ON COLUMN "JOB_HISTORY"."EMPLOYEE_ID" IS 'A not null column in the complex primary key employee_id+start_date. 
Foreign key to employee_id column of the employee table';
   COMMENT ON COLUMN "JOB_HISTORY"."START_DATE" IS 'A not null column in the complex primary key employee_id+start_date. 
Must be less than the end_date of the job_history table. (enforced by 
constraint jhist_date_interval)';
   COMMENT ON COLUMN "JOB_HISTORY"."END_DATE" IS 'Last day of the employee in this job role. A not null column. Must be 
greater than the start_date of the job_history table. 
(enforced by constraint jhist_date_interval)';
   COMMENT ON COLUMN "JOB_HISTORY"."JOB_ID" IS 'Job role in which the employee worked in the past; foreign key to 
job_id column in the jobs table. A not null column.';
   COMMENT ON COLUMN "JOB_HISTORY"."DEPARTMENT_ID" IS 'Department id in which the employee worked in the past; foreign key to deparment_id column in the departments table';
   COMMENT ON TABLE "JOB_HISTORY"  IS 'Table that stores job history of the employees. If an employee 
changes departments within the job or changes jobs within the department, 
new rows get inserted into this table with old job information of the 
employee. Contains a complex primary key: employee_id+start_date.
References with jobs, employees, and departments tables.';
--------------------------------------------------------
--  DDL for Table JOBS
--------------------------------------------------------

  CREATE TABLE "JOBS" 
   (	"JOB_ID" VARCHAR2(10), 
	"JOB_TITLE" VARCHAR2(35), 
	"MIN_SALARY" NUMBER(6,0), 
	"MAX_SALARY" NUMBER(6,0)
   ) ;

   COMMENT ON COLUMN "JOBS"."JOB_ID" IS 'Primary key of jobs table.';
   COMMENT ON COLUMN "JOBS"."JOB_TITLE" IS 'A not null column that shows job title, e.g. AD_VP, FI_ACCOUNTANT';
   COMMENT ON COLUMN "JOBS"."MIN_SALARY" IS 'Minimum salary for a job title.';
   COMMENT ON COLUMN "JOBS"."MAX_SALARY" IS 'Maximum salary for a job title';
   COMMENT ON TABLE "JOBS"  IS 'jobs table with job titles and salary ranges.
References with employees and job_history table.';
--------------------------------------------------------
--  DDL for Table LOCATIONS
--------------------------------------------------------

  CREATE TABLE "LOCATIONS" 
   (	"LOCATION_ID" NUMBER(4,0), 
	"STREET_ADDRESS" VARCHAR2(40), 
	"POSTAL_CODE" VARCHAR2(12), 
	"CITY" VARCHAR2(30), 
	"STATE_PROVINCE" VARCHAR2(25), 
	"COUNTRY_ID" CHAR(2)
   ) ;

   COMMENT ON COLUMN "LOCATIONS"."LOCATION_ID" IS 'Primary key of locations table';
   COMMENT ON COLUMN "LOCATIONS"."STREET_ADDRESS" IS 'Street address of an office, warehouse, or production site of a company.
Contains building number and street name';
   COMMENT ON COLUMN "LOCATIONS"."POSTAL_CODE" IS 'Postal code of the location of an office, warehouse, or production site 
of a company. ';
   COMMENT ON COLUMN "LOCATIONS"."CITY" IS 'A not null column that shows city where an office, warehouse, or 
production site of a company is located. ';
   COMMENT ON COLUMN "LOCATIONS"."STATE_PROVINCE" IS 'State or Province where an office, warehouse, or production site of a 
company is located.';
   COMMENT ON COLUMN "LOCATIONS"."COUNTRY_ID" IS 'Country where an office, warehouse, or production site of a company is
located. Foreign key to country_id column of the countries table.';
   COMMENT ON TABLE "LOCATIONS"  IS 'Locations table that contains specific address of a specific office,
warehouse, and/or production site of a company. Does not store addresses /
locations of customers. references with the departments and countries tables. ';
--------------------------------------------------------
--  DDL for Table REGIONS
--------------------------------------------------------

  CREATE TABLE "REGIONS" 
   (	"REGION_ID" NUMBER, 
	"REGION_NAME" VARCHAR2(25)
   ) ;

   COMMENT ON COLUMN "REGIONS"."REGION_ID" IS 'Primary key of regions table.';
   COMMENT ON COLUMN "REGIONS"."REGION_NAME" IS 'Names of regions. Locations are in the countries of these regions.';
   COMMENT ON TABLE "REGIONS"  IS 'Regions table that contains region numbers and names. references with the Countries table.';
REM INSERTING into COUNTRIES
SET DEFINE OFF;
Insert into COUNTRIES (COUNTRY_ID,COUNTRY_NAME,REGION_ID) values ('AR','Argentina','20');
Insert into COUNTRIES (COUNTRY_ID,COUNTRY_NAME,REGION_ID) values ('AU','Australia','40');
Insert into COUNTRIES (COUNTRY_ID,COUNTRY_NAME,REGION_ID) values ('BE','Belgium','10');
Insert into COUNTRIES (COUNTRY_ID,COUNTRY_NAME,REGION_ID) values ('BR','Brazil','20');
Insert into COUNTRIES (COUNTRY_ID,COUNTRY_NAME,REGION_ID) values ('CA','Canada','20');
Insert into COUNTRIES (COUNTRY_ID,COUNTRY_NAME,REGION_ID) values ('CH','Switzerland','10');
Insert into COUNTRIES (COUNTRY_ID,COUNTRY_NAME,REGION_ID) values ('CN','China','30');
Insert into COUNTRIES (COUNTRY_ID,COUNTRY_NAME,REGION_ID) values ('DE','Germany','10');
Insert into COUNTRIES (COUNTRY_ID,COUNTRY_NAME,REGION_ID) values ('DK','Denmark','10');
Insert into COUNTRIES (COUNTRY_ID,COUNTRY_NAME,REGION_ID) values ('EG','Egypt','50');
Insert into COUNTRIES (COUNTRY_ID,COUNTRY_NAME,REGION_ID) values ('FR','France','10');
Insert into COUNTRIES (COUNTRY_ID,COUNTRY_NAME,REGION_ID) values ('GB','United Kingdom of Great Britain and Northern Ireland','10');
Insert into COUNTRIES (COUNTRY_ID,COUNTRY_NAME,REGION_ID) values ('IL','Israel','30');
Insert into COUNTRIES (COUNTRY_ID,COUNTRY_NAME,REGION_ID) values ('IN','India','30');
Insert into COUNTRIES (COUNTRY_ID,COUNTRY_NAME,REGION_ID) values ('IT','Italy','10');
Insert into COUNTRIES (COUNTRY_ID,COUNTRY_NAME,REGION_ID) values ('JP','Japan','30');
Insert into COUNTRIES (COUNTRY_ID,COUNTRY_NAME,REGION_ID) values ('KW','Kuwait','30');
Insert into COUNTRIES (COUNTRY_ID,COUNTRY_NAME,REGION_ID) values ('ML','Malaysia','30');
Insert into COUNTRIES (COUNTRY_ID,COUNTRY_NAME,REGION_ID) values ('MX','Mexico','20');
Insert into COUNTRIES (COUNTRY_ID,COUNTRY_NAME,REGION_ID) values ('NG','Nigeria','50');
Insert into COUNTRIES (COUNTRY_ID,COUNTRY_NAME,REGION_ID) values ('NL','Netherlands','10');
Insert into COUNTRIES (COUNTRY_ID,COUNTRY_NAME,REGION_ID) values ('SG','Singapore','30');
Insert into COUNTRIES (COUNTRY_ID,COUNTRY_NAME,REGION_ID) values ('US','United States of America','20');
Insert into COUNTRIES (COUNTRY_ID,COUNTRY_NAME,REGION_ID) values ('ZM','Zambia','50');
Insert into COUNTRIES (COUNTRY_ID,COUNTRY_NAME,REGION_ID) values ('ZW','Zimbabwe','50');
REM INSERTING into DEPARTMENTS
SET DEFINE OFF;
Insert into DEPARTMENTS (DEPARTMENT_ID,DEPARTMENT_NAME,MANAGER_ID,LOCATION_ID) values ('10','Administration','200','1700');
Insert into DEPARTMENTS (DEPARTMENT_ID,DEPARTMENT_NAME,MANAGER_ID,LOCATION_ID) values ('20','Marketing','201','1800');
Insert into DEPARTMENTS (DEPARTMENT_ID,DEPARTMENT_NAME,MANAGER_ID,LOCATION_ID) values ('30','Purchasing','114','1700');
Insert into DEPARTMENTS (DEPARTMENT_ID,DEPARTMENT_NAME,MANAGER_ID,LOCATION_ID) values ('40','Human Resources','203','2400');
Insert into DEPARTMENTS (DEPARTMENT_ID,DEPARTMENT_NAME,MANAGER_ID,LOCATION_ID) values ('50','Shipping','121','1500');
Insert into DEPARTMENTS (DEPARTMENT_ID,DEPARTMENT_NAME,MANAGER_ID,LOCATION_ID) values ('60','IT','103','1400');
Insert into DEPARTMENTS (DEPARTMENT_ID,DEPARTMENT_NAME,MANAGER_ID,LOCATION_ID) values ('70','Public Relations','204','2700');
Insert into DEPARTMENTS (DEPARTMENT_ID,DEPARTMENT_NAME,MANAGER_ID,LOCATION_ID) values ('80','Sales','145','2500');
Insert into DEPARTMENTS (DEPARTMENT_ID,DEPARTMENT_NAME,MANAGER_ID,LOCATION_ID) values ('90','Executive','100','1700');
Insert into DEPARTMENTS (DEPARTMENT_ID,DEPARTMENT_NAME,MANAGER_ID,LOCATION_ID) values ('100','Finance','108','1700');
Insert into DEPARTMENTS (DEPARTMENT_ID,DEPARTMENT_NAME,MANAGER_ID,LOCATION_ID) values ('110','Accounting','205','1700');
Insert into DEPARTMENTS (DEPARTMENT_ID,DEPARTMENT_NAME,MANAGER_ID,LOCATION_ID) values ('120','Treasury',null,'1700');
Insert into DEPARTMENTS (DEPARTMENT_ID,DEPARTMENT_NAME,MANAGER_ID,LOCATION_ID) values ('130','Corporate Tax',null,'1700');
Insert into DEPARTMENTS (DEPARTMENT_ID,DEPARTMENT_NAME,MANAGER_ID,LOCATION_ID) values ('140','Control And Credit',null,'1700');
Insert into DEPARTMENTS (DEPARTMENT_ID,DEPARTMENT_NAME,MANAGER_ID,LOCATION_ID) values ('150','Shareholder Services',null,'1700');
Insert into DEPARTMENTS (DEPARTMENT_ID,DEPARTMENT_NAME,MANAGER_ID,LOCATION_ID) values ('160','Benefits',null,'1700');
Insert into DEPARTMENTS (DEPARTMENT_ID,DEPARTMENT_NAME,MANAGER_ID,LOCATION_ID) values ('170','Manufacturing',null,'1700');
Insert into DEPARTMENTS (DEPARTMENT_ID,DEPARTMENT_NAME,MANAGER_ID,LOCATION_ID) values ('180','Construction',null,'1700');
Insert into DEPARTMENTS (DEPARTMENT_ID,DEPARTMENT_NAME,MANAGER_ID,LOCATION_ID) values ('190','Contracting',null,'1700');
Insert into DEPARTMENTS (DEPARTMENT_ID,DEPARTMENT_NAME,MANAGER_ID,LOCATION_ID) values ('200','Operations',null,'1700');
Insert into DEPARTMENTS (DEPARTMENT_ID,DEPARTMENT_NAME,MANAGER_ID,LOCATION_ID) values ('210','IT Support',null,'1700');
Insert into DEPARTMENTS (DEPARTMENT_ID,DEPARTMENT_NAME,MANAGER_ID,LOCATION_ID) values ('220','NOC',null,'1700');
Insert into DEPARTMENTS (DEPARTMENT_ID,DEPARTMENT_NAME,MANAGER_ID,LOCATION_ID) values ('230','IT Helpdesk',null,'1700');
Insert into DEPARTMENTS (DEPARTMENT_ID,DEPARTMENT_NAME,MANAGER_ID,LOCATION_ID) values ('240','Government Sales',null,'1700');
Insert into DEPARTMENTS (DEPARTMENT_ID,DEPARTMENT_NAME,MANAGER_ID,LOCATION_ID) values ('250','Retail Sales',null,'1700');
Insert into DEPARTMENTS (DEPARTMENT_ID,DEPARTMENT_NAME,MANAGER_ID,LOCATION_ID) values ('260','Recruiting',null,'1700');
Insert into DEPARTMENTS (DEPARTMENT_ID,DEPARTMENT_NAME,MANAGER_ID,LOCATION_ID) values ('270','Payroll',null,'1700');
REM INSERTING into EMPLOYEES
SET DEFINE OFF;
Insert into EMPLOYEES (EMPLOYEE_ID,FIRST_NAME,LAST_NAME,EMAIL,PHONE_NUMBER,HIRE_DATE,JOB_ID,SALARY,COMMISSION_PCT,MANAGER_ID,DEPARTMENT_ID) values ('100','Steven','King','SKING','1.515.555.0100',to_date('17/06/13','DD/MM/RR'),'AD_PRES','24000',null,null,'90');
Insert into EMPLOYEES (EMPLOYEE_ID,FIRST_NAME,LAST_NAME,EMAIL,PHONE_NUMBER,HIRE_DATE,JOB_ID,SALARY,COMMISSION_PCT,MANAGER_ID,DEPARTMENT_ID) values ('101','Neena','Yang','NYANG','1.515.555.0101',to_date('21/09/15','DD/MM/RR'),'AD_VP','17000',null,'100','90');
Insert into EMPLOYEES (EMPLOYEE_ID,FIRST_NAME,LAST_NAME,EMAIL,PHONE_NUMBER,HIRE_DATE,JOB_ID,SALARY,COMMISSION_PCT,MANAGER_ID,DEPARTMENT_ID) values ('102','Lex','Garcia','LGARCIA','1.515.555.0102',to_date('13/01/11','DD/MM/RR'),'AD_VP','17000',null,'100','90');
Insert into EMPLOYEES (EMPLOYEE_ID,FIRST_NAME,LAST_NAME,EMAIL,PHONE_NUMBER,HIRE_DATE,JOB_ID,SALARY,COMMISSION_PCT,MANAGER_ID,DEPARTMENT_ID) values ('103','Alexander','James','AJAMES','1.590.555.0103',to_date('03/01/16','DD/MM/RR'),'IT_PROG','9000',null,'102','60');
Insert into EMPLOYEES (EMPLOYEE_ID,FIRST_NAME,LAST_NAME,EMAIL,PHONE_NUMBER,HIRE_DATE,JOB_ID,SALARY,COMMISSION_PCT,MANAGER_ID,DEPARTMENT_ID) values ('104','Bruce','Miller','BMILLER','1.590.555.0104',to_date('21/05/17','DD/MM/RR'),'IT_PROG','6000',null,'103','60');
Insert into EMPLOYEES (EMPLOYEE_ID,FIRST_NAME,LAST_NAME,EMAIL,PHONE_NUMBER,HIRE_DATE,JOB_ID,SALARY,COMMISSION_PCT,MANAGER_ID,DEPARTMENT_ID) values ('105','David','Williams','DWILLIAMS','1.590.555.0105',to_date('25/06/15','DD/MM/RR'),'IT_PROG','4800',null,'103','60');
Insert into EMPLOYEES (EMPLOYEE_ID,FIRST_NAME,LAST_NAME,EMAIL,PHONE_NUMBER,HIRE_DATE,JOB_ID,SALARY,COMMISSION_PCT,MANAGER_ID,DEPARTMENT_ID) values ('106','Valli','Jackson','VJACKSON','1.590.555.0106',to_date('05/02/16','DD/MM/RR'),'IT_PROG','4800',null,'103','60');
Insert into EMPLOYEES (EMPLOYEE_ID,FIRST_NAME,LAST_NAME,EMAIL,PHONE_NUMBER,HIRE_DATE,JOB_ID,SALARY,COMMISSION_PCT,MANAGER_ID,DEPARTMENT_ID) values ('107','Diana','Nguyen','DNGUYEN','1.590.555.0107',to_date('07/02/17','DD/MM/RR'),'IT_PROG','4200',null,'103','60');
Insert into EMPLOYEES (EMPLOYEE_ID,FIRST_NAME,LAST_NAME,EMAIL,PHONE_NUMBER,HIRE_DATE,JOB_ID,SALARY,COMMISSION_PCT,MANAGER_ID,DEPARTMENT_ID) values ('108','Nancy','Gruenberg','NGRUENBE','1.515.555.0108',to_date('17/08/12','DD/MM/RR'),'FI_MGR','12008',null,'101','100');
Insert into EMPLOYEES (EMPLOYEE_ID,FIRST_NAME,LAST_NAME,EMAIL,PHONE_NUMBER,HIRE_DATE,JOB_ID,SALARY,COMMISSION_PCT,MANAGER_ID,DEPARTMENT_ID) values ('109','Daniel','Faviet','DFAVIET','1.515.555.0109',to_date('16/08/12','DD/MM/RR'),'FI_ACCOUNT','9000',null,'108','100');
Insert into EMPLOYEES (EMPLOYEE_ID,FIRST_NAME,LAST_NAME,EMAIL,PHONE_NUMBER,HIRE_DATE,JOB_ID,SALARY,COMMISSION_PCT,MANAGER_ID,DEPARTMENT_ID) values ('110','John','Chen','JCHEN','1.515.555.0110',to_date('28/09/15','DD/MM/RR'),'FI_ACCOUNT','8200',null,'108','100');
Insert into EMPLOYEES (EMPLOYEE_ID,FIRST_NAME,LAST_NAME,EMAIL,PHONE_NUMBER,HIRE_DATE,JOB_ID,SALARY,COMMISSION_PCT,MANAGER_ID,DEPARTMENT_ID) values ('111','Ismael','Sciarra','ISCIARRA','1.515.555.0111',to_date('30/09/15','DD/MM/RR'),'FI_ACCOUNT','7700',null,'108','100');
Insert into EMPLOYEES (EMPLOYEE_ID,FIRST_NAME,LAST_NAME,EMAIL,PHONE_NUMBER,HIRE_DATE,JOB_ID,SALARY,COMMISSION_PCT,MANAGER_ID,DEPARTMENT_ID) values ('112','Jose Manuel','Urman','JMURMAN','1.515.555.0112',to_date('07/03/16','DD/MM/RR'),'FI_ACCOUNT','7800',null,'108','100');
Insert into EMPLOYEES (EMPLOYEE_ID,FIRST_NAME,LAST_NAME,EMAIL,PHONE_NUMBER,HIRE_DATE,JOB_ID,SALARY,COMMISSION_PCT,MANAGER_ID,DEPARTMENT_ID) values ('113','Luis','Popp','LPOPP','1.515.555.0113',to_date('07/12/17','DD/MM/RR'),'FI_ACCOUNT','6900',null,'108','100');
Insert into EMPLOYEES (EMPLOYEE_ID,FIRST_NAME,LAST_NAME,EMAIL,PHONE_NUMBER,HIRE_DATE,JOB_ID,SALARY,COMMISSION_PCT,MANAGER_ID,DEPARTMENT_ID) values ('114','Den','Li','DLI','1.515.555.0114',to_date('07/12/12','DD/MM/RR'),'PU_MAN','11000',null,'100','30');
Insert into EMPLOYEES (EMPLOYEE_ID,FIRST_NAME,LAST_NAME,EMAIL,PHONE_NUMBER,HIRE_DATE,JOB_ID,SALARY,COMMISSION_PCT,MANAGER_ID,DEPARTMENT_ID) values ('115','Alexander','Khoo','AKHOO','1.515.555.0115',to_date('18/05/13','DD/MM/RR'),'PU_CLERK','3100',null,'114','30');
Insert into EMPLOYEES (EMPLOYEE_ID,FIRST_NAME,LAST_NAME,EMAIL,PHONE_NUMBER,HIRE_DATE,JOB_ID,SALARY,COMMISSION_PCT,MANAGER_ID,DEPARTMENT_ID) values ('116','Shelli','Baida','SBAIDA','1.515.555.0116',to_date('24/12/15','DD/MM/RR'),'PU_CLERK','2900',null,'114','30');
Insert into EMPLOYEES (EMPLOYEE_ID,FIRST_NAME,LAST_NAME,EMAIL,PHONE_NUMBER,HIRE_DATE,JOB_ID,SALARY,COMMISSION_PCT,MANAGER_ID,DEPARTMENT_ID) values ('117','Sigal','Tobias','STOBIAS','1.515.555.0117',to_date('24/07/15','DD/MM/RR'),'PU_CLERK','2800',null,'114','30');
Insert into EMPLOYEES (EMPLOYEE_ID,FIRST_NAME,LAST_NAME,EMAIL,PHONE_NUMBER,HIRE_DATE,JOB_ID,SALARY,COMMISSION_PCT,MANAGER_ID,DEPARTMENT_ID) values ('118','Guy','Himuro','GHIMURO','1.515.555.0118',to_date('15/11/16','DD/MM/RR'),'PU_CLERK','2600',null,'114','30');
Insert into EMPLOYEES (EMPLOYEE_ID,FIRST_NAME,LAST_NAME,EMAIL,PHONE_NUMBER,HIRE_DATE,JOB_ID,SALARY,COMMISSION_PCT,MANAGER_ID,DEPARTMENT_ID) values ('119','Karen','Colmenares','KCOLMENA','1.515.555.0119',to_date('10/08/17','DD/MM/RR'),'PU_CLERK','2500',null,'114','30');
Insert into EMPLOYEES (EMPLOYEE_ID,FIRST_NAME,LAST_NAME,EMAIL,PHONE_NUMBER,HIRE_DATE,JOB_ID,SALARY,COMMISSION_PCT,MANAGER_ID,DEPARTMENT_ID) values ('120','Matthew','Weiss','MWEISS','1.650.555.0120',to_date('18/07/14','DD/MM/RR'),'ST_MAN','8000',null,'100','50');
Insert into EMPLOYEES (EMPLOYEE_ID,FIRST_NAME,LAST_NAME,EMAIL,PHONE_NUMBER,HIRE_DATE,JOB_ID,SALARY,COMMISSION_PCT,MANAGER_ID,DEPARTMENT_ID) values ('121','Adam','Fripp','AFRIPP','1.650.555.0121',to_date('10/04/15','DD/MM/RR'),'ST_MAN','8200',null,'100','50');
Insert into EMPLOYEES (EMPLOYEE_ID,FIRST_NAME,LAST_NAME,EMAIL,PHONE_NUMBER,HIRE_DATE,JOB_ID,SALARY,COMMISSION_PCT,MANAGER_ID,DEPARTMENT_ID) values ('122','Payam','Kaufling','PKAUFLIN','1.650.555.0122',to_date('01/05/13','DD/MM/RR'),'ST_MAN','7900',null,'100','50');
Insert into EMPLOYEES (EMPLOYEE_ID,FIRST_NAME,LAST_NAME,EMAIL,PHONE_NUMBER,HIRE_DATE,JOB_ID,SALARY,COMMISSION_PCT,MANAGER_ID,DEPARTMENT_ID) values ('123','Shanta','Vollman','SVOLLMAN','1.650.555.0123',to_date('10/10/15','DD/MM/RR'),'ST_MAN','6500',null,'100','50');
Insert into EMPLOYEES (EMPLOYEE_ID,FIRST_NAME,LAST_NAME,EMAIL,PHONE_NUMBER,HIRE_DATE,JOB_ID,SALARY,COMMISSION_PCT,MANAGER_ID,DEPARTMENT_ID) values ('124','Kevin','Mourgos','KMOURGOS','1.650.555.0124',to_date('16/11/17','DD/MM/RR'),'ST_MAN','5800',null,'100','50');
Insert into EMPLOYEES (EMPLOYEE_ID,FIRST_NAME,LAST_NAME,EMAIL,PHONE_NUMBER,HIRE_DATE,JOB_ID,SALARY,COMMISSION_PCT,MANAGER_ID,DEPARTMENT_ID) values ('125','Julia','Nayer','JNAYER','1.650.555.0125',to_date('16/07/15','DD/MM/RR'),'ST_CLERK','3200',null,'120','50');
Insert into EMPLOYEES (EMPLOYEE_ID,FIRST_NAME,LAST_NAME,EMAIL,PHONE_NUMBER,HIRE_DATE,JOB_ID,SALARY,COMMISSION_PCT,MANAGER_ID,DEPARTMENT_ID) values ('126','Irene','Mikkilineni','IMIKKILI','1.650.555.0126',to_date('28/09/16','DD/MM/RR'),'ST_CLERK','2700',null,'120','50');
Insert into EMPLOYEES (EMPLOYEE_ID,FIRST_NAME,LAST_NAME,EMAIL,PHONE_NUMBER,HIRE_DATE,JOB_ID,SALARY,COMMISSION_PCT,MANAGER_ID,DEPARTMENT_ID) values ('127','James','Landry','JLANDRY','1.650.555.0127',to_date('14/01/17','DD/MM/RR'),'ST_CLERK','2400',null,'120','50');
Insert into EMPLOYEES (EMPLOYEE_ID,FIRST_NAME,LAST_NAME,EMAIL,PHONE_NUMBER,HIRE_DATE,JOB_ID,SALARY,COMMISSION_PCT,MANAGER_ID,DEPARTMENT_ID) values ('128','Steven','Markle','SMARKLE','1.650.555.0128',to_date('08/03/18','DD/MM/RR'),'ST_CLERK','2200',null,'120','50');
Insert into EMPLOYEES (EMPLOYEE_ID,FIRST_NAME,LAST_NAME,EMAIL,PHONE_NUMBER,HIRE_DATE,JOB_ID,SALARY,COMMISSION_PCT,MANAGER_ID,DEPARTMENT_ID) values ('129','Laura','Bissot','LBISSOT','1.650.555.0129',to_date('20/08/15','DD/MM/RR'),'ST_CLERK','3300',null,'121','50');
Insert into EMPLOYEES (EMPLOYEE_ID,FIRST_NAME,LAST_NAME,EMAIL,PHONE_NUMBER,HIRE_DATE,JOB_ID,SALARY,COMMISSION_PCT,MANAGER_ID,DEPARTMENT_ID) values ('130','Mozhe','Atkinson','MATKINSO','1.650.555.0130',to_date('30/10/15','DD/MM/RR'),'ST_CLERK','2800',null,'121','50');
Insert into EMPLOYEES (EMPLOYEE_ID,FIRST_NAME,LAST_NAME,EMAIL,PHONE_NUMBER,HIRE_DATE,JOB_ID,SALARY,COMMISSION_PCT,MANAGER_ID,DEPARTMENT_ID) values ('131','James','Marlow','JAMRLOW','1.650.555.0131',to_date('16/02/15','DD/MM/RR'),'ST_CLERK','2500',null,'121','50');
Insert into EMPLOYEES (EMPLOYEE_ID,FIRST_NAME,LAST_NAME,EMAIL,PHONE_NUMBER,HIRE_DATE,JOB_ID,SALARY,COMMISSION_PCT,MANAGER_ID,DEPARTMENT_ID) values ('132','TJ','Olson','TJOLSON','1.650.555.0132',to_date('10/04/17','DD/MM/RR'),'ST_CLERK','2100',null,'121','50');
Insert into EMPLOYEES (EMPLOYEE_ID,FIRST_NAME,LAST_NAME,EMAIL,PHONE_NUMBER,HIRE_DATE,JOB_ID,SALARY,COMMISSION_PCT,MANAGER_ID,DEPARTMENT_ID) values ('133','Jason','Mallin','JMALLIN','1.650.555.0133',to_date('14/06/14','DD/MM/RR'),'ST_CLERK','3300',null,'122','50');
Insert into EMPLOYEES (EMPLOYEE_ID,FIRST_NAME,LAST_NAME,EMAIL,PHONE_NUMBER,HIRE_DATE,JOB_ID,SALARY,COMMISSION_PCT,MANAGER_ID,DEPARTMENT_ID) values ('134','Michael','Rogers','MROGERS','1.650.555.0134',to_date('26/08/16','DD/MM/RR'),'ST_CLERK','2900',null,'122','50');
Insert into EMPLOYEES (EMPLOYEE_ID,FIRST_NAME,LAST_NAME,EMAIL,PHONE_NUMBER,HIRE_DATE,JOB_ID,SALARY,COMMISSION_PCT,MANAGER_ID,DEPARTMENT_ID) values ('135','Ki','Gee','KGEE','1.650.555.0135',to_date('12/12/17','DD/MM/RR'),'ST_CLERK','2400',null,'122','50');
Insert into EMPLOYEES (EMPLOYEE_ID,FIRST_NAME,LAST_NAME,EMAIL,PHONE_NUMBER,HIRE_DATE,JOB_ID,SALARY,COMMISSION_PCT,MANAGER_ID,DEPARTMENT_ID) values ('136','Hazel','Philtanker','HPHILTAN','1.650.555.0136',to_date('06/02/18','DD/MM/RR'),'ST_CLERK','2200',null,'122','50');
Insert into EMPLOYEES (EMPLOYEE_ID,FIRST_NAME,LAST_NAME,EMAIL,PHONE_NUMBER,HIRE_DATE,JOB_ID,SALARY,COMMISSION_PCT,MANAGER_ID,DEPARTMENT_ID) values ('137','Renske','Ladwig','RLADWIG','1.650.555.0137',to_date('14/07/13','DD/MM/RR'),'ST_CLERK','3600',null,'123','50');
Insert into EMPLOYEES (EMPLOYEE_ID,FIRST_NAME,LAST_NAME,EMAIL,PHONE_NUMBER,HIRE_DATE,JOB_ID,SALARY,COMMISSION_PCT,MANAGER_ID,DEPARTMENT_ID) values ('138','Stephen','Stiles','SSTILES','1.650.555.0138',to_date('26/10/15','DD/MM/RR'),'ST_CLERK','3200',null,'123','50');
Insert into EMPLOYEES (EMPLOYEE_ID,FIRST_NAME,LAST_NAME,EMAIL,PHONE_NUMBER,HIRE_DATE,JOB_ID,SALARY,COMMISSION_PCT,MANAGER_ID,DEPARTMENT_ID) values ('139','John','Seo','JSEO','1.650.555.0139',to_date('12/02/16','DD/MM/RR'),'ST_CLERK','2700',null,'123','50');
Insert into EMPLOYEES (EMPLOYEE_ID,FIRST_NAME,LAST_NAME,EMAIL,PHONE_NUMBER,HIRE_DATE,JOB_ID,SALARY,COMMISSION_PCT,MANAGER_ID,DEPARTMENT_ID) values ('140','Joshua','Patel','JPATEL','1.650.555.0140',to_date('06/04/16','DD/MM/RR'),'ST_CLERK','2500',null,'123','50');
Insert into EMPLOYEES (EMPLOYEE_ID,FIRST_NAME,LAST_NAME,EMAIL,PHONE_NUMBER,HIRE_DATE,JOB_ID,SALARY,COMMISSION_PCT,MANAGER_ID,DEPARTMENT_ID) values ('141','Trenna','Rajs','TRAJS','1.650.555.0141',to_date('17/10/13','DD/MM/RR'),'ST_CLERK','3500',null,'124','50');
Insert into EMPLOYEES (EMPLOYEE_ID,FIRST_NAME,LAST_NAME,EMAIL,PHONE_NUMBER,HIRE_DATE,JOB_ID,SALARY,COMMISSION_PCT,MANAGER_ID,DEPARTMENT_ID) values ('142','Curtis','Davies','CDAVIES','1.650.555.0142',to_date('29/01/15','DD/MM/RR'),'ST_CLERK','3100',null,'124','50');
Insert into EMPLOYEES (EMPLOYEE_ID,FIRST_NAME,LAST_NAME,EMAIL,PHONE_NUMBER,HIRE_DATE,JOB_ID,SALARY,COMMISSION_PCT,MANAGER_ID,DEPARTMENT_ID) values ('143','Randall','Matos','RMATOS','1.650.555.0143',to_date('15/03/16','DD/MM/RR'),'ST_CLERK','2600',null,'124','50');
Insert into EMPLOYEES (EMPLOYEE_ID,FIRST_NAME,LAST_NAME,EMAIL,PHONE_NUMBER,HIRE_DATE,JOB_ID,SALARY,COMMISSION_PCT,MANAGER_ID,DEPARTMENT_ID) values ('144','Peter','Vargas','PVARGAS','1.650.555.0144',to_date('09/07/16','DD/MM/RR'),'ST_CLERK','2500',null,'124','50');
Insert into EMPLOYEES (EMPLOYEE_ID,FIRST_NAME,LAST_NAME,EMAIL,PHONE_NUMBER,HIRE_DATE,JOB_ID,SALARY,COMMISSION_PCT,MANAGER_ID,DEPARTMENT_ID) values ('145','John','Singh','JSINGH','44.1632.960000',to_date('01/10/14','DD/MM/RR'),'SA_MAN','14000','0,4','100','80');
Insert into EMPLOYEES (EMPLOYEE_ID,FIRST_NAME,LAST_NAME,EMAIL,PHONE_NUMBER,HIRE_DATE,JOB_ID,SALARY,COMMISSION_PCT,MANAGER_ID,DEPARTMENT_ID) values ('146','Karen','Partners','KPARTNER','44.1632.960001',to_date('05/01/15','DD/MM/RR'),'SA_MAN','13500','0,3','100','80');
Insert into EMPLOYEES (EMPLOYEE_ID,FIRST_NAME,LAST_NAME,EMAIL,PHONE_NUMBER,HIRE_DATE,JOB_ID,SALARY,COMMISSION_PCT,MANAGER_ID,DEPARTMENT_ID) values ('147','Alberto','Errazuriz','AERRAZUR','44.1632.960002',to_date('10/03/15','DD/MM/RR'),'SA_MAN','12000','0,3','100','80');
Insert into EMPLOYEES (EMPLOYEE_ID,FIRST_NAME,LAST_NAME,EMAIL,PHONE_NUMBER,HIRE_DATE,JOB_ID,SALARY,COMMISSION_PCT,MANAGER_ID,DEPARTMENT_ID) values ('148','Gerald','Cambrault','GCAMBRAU','44.1632.960003',to_date('15/10/17','DD/MM/RR'),'SA_MAN','11000','0,3','100','80');
Insert into EMPLOYEES (EMPLOYEE_ID,FIRST_NAME,LAST_NAME,EMAIL,PHONE_NUMBER,HIRE_DATE,JOB_ID,SALARY,COMMISSION_PCT,MANAGER_ID,DEPARTMENT_ID) values ('149','Eleni','Zlotkey','EZLOTKEY','44.1632.960004',to_date('29/01/18','DD/MM/RR'),'SA_MAN','10500','0,2','100','80');
Insert into EMPLOYEES (EMPLOYEE_ID,FIRST_NAME,LAST_NAME,EMAIL,PHONE_NUMBER,HIRE_DATE,JOB_ID,SALARY,COMMISSION_PCT,MANAGER_ID,DEPARTMENT_ID) values ('150','Sean','Tucker','STUCKER','44.1632.960005',to_date('30/01/15','DD/MM/RR'),'SA_REP','10000','0,3','145','80');
Insert into EMPLOYEES (EMPLOYEE_ID,FIRST_NAME,LAST_NAME,EMAIL,PHONE_NUMBER,HIRE_DATE,JOB_ID,SALARY,COMMISSION_PCT,MANAGER_ID,DEPARTMENT_ID) values ('151','David','Bernstein','DBERNSTE','44.1632.960006',to_date('24/03/15','DD/MM/RR'),'SA_REP','9500','0,25','145','80');
Insert into EMPLOYEES (EMPLOYEE_ID,FIRST_NAME,LAST_NAME,EMAIL,PHONE_NUMBER,HIRE_DATE,JOB_ID,SALARY,COMMISSION_PCT,MANAGER_ID,DEPARTMENT_ID) values ('152','Peter','Hall','PHALL','44.1632.960007',to_date('20/08/15','DD/MM/RR'),'SA_REP','9000','0,25','145','80');
Insert into EMPLOYEES (EMPLOYEE_ID,FIRST_NAME,LAST_NAME,EMAIL,PHONE_NUMBER,HIRE_DATE,JOB_ID,SALARY,COMMISSION_PCT,MANAGER_ID,DEPARTMENT_ID) values ('153','Christopher','Olsen','COLSEN','44.1632.960008',to_date('30/03/16','DD/MM/RR'),'SA_REP','8000','0,2','145','80');
Insert into EMPLOYEES (EMPLOYEE_ID,FIRST_NAME,LAST_NAME,EMAIL,PHONE_NUMBER,HIRE_DATE,JOB_ID,SALARY,COMMISSION_PCT,MANAGER_ID,DEPARTMENT_ID) values ('154','Nanette','Cambrault','NCAMBRAU','44.1632.960009',to_date('09/12/16','DD/MM/RR'),'SA_REP','7500','0,2','145','80');
Insert into EMPLOYEES (EMPLOYEE_ID,FIRST_NAME,LAST_NAME,EMAIL,PHONE_NUMBER,HIRE_DATE,JOB_ID,SALARY,COMMISSION_PCT,MANAGER_ID,DEPARTMENT_ID) values ('155','Oliver','Tuvault','OTUVAULT','44.1632.960010',to_date('23/11/17','DD/MM/RR'),'SA_REP','7000','0,15','145','80');
Insert into EMPLOYEES (EMPLOYEE_ID,FIRST_NAME,LAST_NAME,EMAIL,PHONE_NUMBER,HIRE_DATE,JOB_ID,SALARY,COMMISSION_PCT,MANAGER_ID,DEPARTMENT_ID) values ('156','Janette','King','JKING','44.1632.960011',to_date('30/01/14','DD/MM/RR'),'SA_REP','10000','0,35','146','80');
Insert into EMPLOYEES (EMPLOYEE_ID,FIRST_NAME,LAST_NAME,EMAIL,PHONE_NUMBER,HIRE_DATE,JOB_ID,SALARY,COMMISSION_PCT,MANAGER_ID,DEPARTMENT_ID) values ('157','Patrick','Sully','PSULLY','44.1632.960012',to_date('04/03/14','DD/MM/RR'),'SA_REP','9500','0,35','146','80');
Insert into EMPLOYEES (EMPLOYEE_ID,FIRST_NAME,LAST_NAME,EMAIL,PHONE_NUMBER,HIRE_DATE,JOB_ID,SALARY,COMMISSION_PCT,MANAGER_ID,DEPARTMENT_ID) values ('158','Allan','McEwen','AMCEWEN','44.1632.960013',to_date('01/08/14','DD/MM/RR'),'SA_REP','9000','0,35','146','80');
Insert into EMPLOYEES (EMPLOYEE_ID,FIRST_NAME,LAST_NAME,EMAIL,PHONE_NUMBER,HIRE_DATE,JOB_ID,SALARY,COMMISSION_PCT,MANAGER_ID,DEPARTMENT_ID) values ('159','Lindsey','Smith','LSMITH','44.1632.960014',to_date('10/03/15','DD/MM/RR'),'SA_REP','8000','0,3','146','80');
Insert into EMPLOYEES (EMPLOYEE_ID,FIRST_NAME,LAST_NAME,EMAIL,PHONE_NUMBER,HIRE_DATE,JOB_ID,SALARY,COMMISSION_PCT,MANAGER_ID,DEPARTMENT_ID) values ('160','Louise','Doran','LDORAN','44.1632.960015',to_date('15/12/15','DD/MM/RR'),'SA_REP','7500','0,3','146','80');
Insert into EMPLOYEES (EMPLOYEE_ID,FIRST_NAME,LAST_NAME,EMAIL,PHONE_NUMBER,HIRE_DATE,JOB_ID,SALARY,COMMISSION_PCT,MANAGER_ID,DEPARTMENT_ID) values ('161','Sarath','Sewall','SSEWALL','44.1632.960016',to_date('03/11/16','DD/MM/RR'),'SA_REP','7000','0,25','146','80');
Insert into EMPLOYEES (EMPLOYEE_ID,FIRST_NAME,LAST_NAME,EMAIL,PHONE_NUMBER,HIRE_DATE,JOB_ID,SALARY,COMMISSION_PCT,MANAGER_ID,DEPARTMENT_ID) values ('162','Clara','Vishney','CVISHNEY','44.1632.960017',to_date('11/11/15','DD/MM/RR'),'SA_REP','10500','0,25','147','80');
Insert into EMPLOYEES (EMPLOYEE_ID,FIRST_NAME,LAST_NAME,EMAIL,PHONE_NUMBER,HIRE_DATE,JOB_ID,SALARY,COMMISSION_PCT,MANAGER_ID,DEPARTMENT_ID) values ('163','Danielle','Greene','DGREENE','44.1632.960018',to_date('19/03/17','DD/MM/RR'),'SA_REP','9500','0,15','147','80');
Insert into EMPLOYEES (EMPLOYEE_ID,FIRST_NAME,LAST_NAME,EMAIL,PHONE_NUMBER,HIRE_DATE,JOB_ID,SALARY,COMMISSION_PCT,MANAGER_ID,DEPARTMENT_ID) values ('164','Mattea','Marvins','MMARVINS','44.1632.960019',to_date('24/01/18','DD/MM/RR'),'SA_REP','7200','0,1','147','80');
Insert into EMPLOYEES (EMPLOYEE_ID,FIRST_NAME,LAST_NAME,EMAIL,PHONE_NUMBER,HIRE_DATE,JOB_ID,SALARY,COMMISSION_PCT,MANAGER_ID,DEPARTMENT_ID) values ('165','David','Lee','DLEE','44.1632.960020',to_date('23/02/18','DD/MM/RR'),'SA_REP','6800','0,1','147','80');
Insert into EMPLOYEES (EMPLOYEE_ID,FIRST_NAME,LAST_NAME,EMAIL,PHONE_NUMBER,HIRE_DATE,JOB_ID,SALARY,COMMISSION_PCT,MANAGER_ID,DEPARTMENT_ID) values ('166','Sundar','Ande','SANDE','44.1632.960021',to_date('24/03/18','DD/MM/RR'),'SA_REP','6400','0,1','147','80');
Insert into EMPLOYEES (EMPLOYEE_ID,FIRST_NAME,LAST_NAME,EMAIL,PHONE_NUMBER,HIRE_DATE,JOB_ID,SALARY,COMMISSION_PCT,MANAGER_ID,DEPARTMENT_ID) values ('167','Amit','Banda','ABANDA','44.1632.960022',to_date('21/04/18','DD/MM/RR'),'SA_REP','6200','0,1','147','80');
Insert into EMPLOYEES (EMPLOYEE_ID,FIRST_NAME,LAST_NAME,EMAIL,PHONE_NUMBER,HIRE_DATE,JOB_ID,SALARY,COMMISSION_PCT,MANAGER_ID,DEPARTMENT_ID) values ('168','Lisa','Ozer','LOZER','44.1632.960023',to_date('11/03/15','DD/MM/RR'),'SA_REP','11500','0,25','148','80');
Insert into EMPLOYEES (EMPLOYEE_ID,FIRST_NAME,LAST_NAME,EMAIL,PHONE_NUMBER,HIRE_DATE,JOB_ID,SALARY,COMMISSION_PCT,MANAGER_ID,DEPARTMENT_ID) values ('169','Harrison','Bloom','HBLOOM','44.1632.960024',to_date('23/03/16','DD/MM/RR'),'SA_REP','10000','0,2','148','80');
Insert into EMPLOYEES (EMPLOYEE_ID,FIRST_NAME,LAST_NAME,EMAIL,PHONE_NUMBER,HIRE_DATE,JOB_ID,SALARY,COMMISSION_PCT,MANAGER_ID,DEPARTMENT_ID) values ('170','Tayler','Fox','TFOX','44.1632.960025',to_date('24/01/16','DD/MM/RR'),'SA_REP','9600','0,2','148','80');
Insert into EMPLOYEES (EMPLOYEE_ID,FIRST_NAME,LAST_NAME,EMAIL,PHONE_NUMBER,HIRE_DATE,JOB_ID,SALARY,COMMISSION_PCT,MANAGER_ID,DEPARTMENT_ID) values ('171','William','Smith','WSMITH','44.1632.960026',to_date('23/02/17','DD/MM/RR'),'SA_REP','7400','0,15','148','80');
Insert into EMPLOYEES (EMPLOYEE_ID,FIRST_NAME,LAST_NAME,EMAIL,PHONE_NUMBER,HIRE_DATE,JOB_ID,SALARY,COMMISSION_PCT,MANAGER_ID,DEPARTMENT_ID) values ('172','Elizabeth','Bates','EBATES','44.1632.960027',to_date('24/03/17','DD/MM/RR'),'SA_REP','7300','0,15','148','80');
Insert into EMPLOYEES (EMPLOYEE_ID,FIRST_NAME,LAST_NAME,EMAIL,PHONE_NUMBER,HIRE_DATE,JOB_ID,SALARY,COMMISSION_PCT,MANAGER_ID,DEPARTMENT_ID) values ('173','Sundita','Kumar','SKUMAR','44.1632.960028',to_date('21/04/18','DD/MM/RR'),'SA_REP','6100','0,1','148','80');
Insert into EMPLOYEES (EMPLOYEE_ID,FIRST_NAME,LAST_NAME,EMAIL,PHONE_NUMBER,HIRE_DATE,JOB_ID,SALARY,COMMISSION_PCT,MANAGER_ID,DEPARTMENT_ID) values ('174','Ellen','Abel','EABEL','44.1632.960029',to_date('11/05/14','DD/MM/RR'),'SA_REP','11000','0,3','149','80');
Insert into EMPLOYEES (EMPLOYEE_ID,FIRST_NAME,LAST_NAME,EMAIL,PHONE_NUMBER,HIRE_DATE,JOB_ID,SALARY,COMMISSION_PCT,MANAGER_ID,DEPARTMENT_ID) values ('175','Alyssa','Hutton','AHUTTON','44.1632.960030',to_date('19/03/15','DD/MM/RR'),'SA_REP','8800','0,25','149','80');
Insert into EMPLOYEES (EMPLOYEE_ID,FIRST_NAME,LAST_NAME,EMAIL,PHONE_NUMBER,HIRE_DATE,JOB_ID,SALARY,COMMISSION_PCT,MANAGER_ID,DEPARTMENT_ID) values ('176','Jonathon','Taylor','JTAYLOR','44.1632.960031',to_date('24/03/16','DD/MM/RR'),'SA_REP','8600','0,2','149','80');
Insert into EMPLOYEES (EMPLOYEE_ID,FIRST_NAME,LAST_NAME,EMAIL,PHONE_NUMBER,HIRE_DATE,JOB_ID,SALARY,COMMISSION_PCT,MANAGER_ID,DEPARTMENT_ID) values ('177','Jack','Livingston','JLIVINGS','44.1632.960032',to_date('23/04/16','DD/MM/RR'),'SA_REP','8400','0,2','149','80');
Insert into EMPLOYEES (EMPLOYEE_ID,FIRST_NAME,LAST_NAME,EMAIL,PHONE_NUMBER,HIRE_DATE,JOB_ID,SALARY,COMMISSION_PCT,MANAGER_ID,DEPARTMENT_ID) values ('178','Kimberely','Grant','KGRANT','44.1632.960033',to_date('24/05/17','DD/MM/RR'),'SA_REP','7000','0,15','149',null);
Insert into EMPLOYEES (EMPLOYEE_ID,FIRST_NAME,LAST_NAME,EMAIL,PHONE_NUMBER,HIRE_DATE,JOB_ID,SALARY,COMMISSION_PCT,MANAGER_ID,DEPARTMENT_ID) values ('179','Charles','Johnson','CJOHNSON','44.1632.960034',to_date('04/01/18','DD/MM/RR'),'SA_REP','6200','0,1','149','80');
Insert into EMPLOYEES (EMPLOYEE_ID,FIRST_NAME,LAST_NAME,EMAIL,PHONE_NUMBER,HIRE_DATE,JOB_ID,SALARY,COMMISSION_PCT,MANAGER_ID,DEPARTMENT_ID) values ('180','Winston','Taylor','WTAYLOR','1.650.555.0145',to_date('24/01/16','DD/MM/RR'),'SH_CLERK','3200',null,'120','50');
Insert into EMPLOYEES (EMPLOYEE_ID,FIRST_NAME,LAST_NAME,EMAIL,PHONE_NUMBER,HIRE_DATE,JOB_ID,SALARY,COMMISSION_PCT,MANAGER_ID,DEPARTMENT_ID) values ('181','Jean','Fleaur','JFLEAUR','1.650.555.0146',to_date('23/02/16','DD/MM/RR'),'SH_CLERK','3100',null,'120','50');
Insert into EMPLOYEES (EMPLOYEE_ID,FIRST_NAME,LAST_NAME,EMAIL,PHONE_NUMBER,HIRE_DATE,JOB_ID,SALARY,COMMISSION_PCT,MANAGER_ID,DEPARTMENT_ID) values ('182','Martha','Sullivan','MSULLIVA','1.650.555.0147',to_date('21/06/17','DD/MM/RR'),'SH_CLERK','2500',null,'120','50');
Insert into EMPLOYEES (EMPLOYEE_ID,FIRST_NAME,LAST_NAME,EMAIL,PHONE_NUMBER,HIRE_DATE,JOB_ID,SALARY,COMMISSION_PCT,MANAGER_ID,DEPARTMENT_ID) values ('183','Girard','Geoni','GGEONI','1.650.555.0148',to_date('03/02/18','DD/MM/RR'),'SH_CLERK','2800',null,'120','50');
Insert into EMPLOYEES (EMPLOYEE_ID,FIRST_NAME,LAST_NAME,EMAIL,PHONE_NUMBER,HIRE_DATE,JOB_ID,SALARY,COMMISSION_PCT,MANAGER_ID,DEPARTMENT_ID) values ('184','Nandita','Sarchand','NSARCHAN','1.650.555.0149',to_date('27/01/14','DD/MM/RR'),'SH_CLERK','4200',null,'121','50');
Insert into EMPLOYEES (EMPLOYEE_ID,FIRST_NAME,LAST_NAME,EMAIL,PHONE_NUMBER,HIRE_DATE,JOB_ID,SALARY,COMMISSION_PCT,MANAGER_ID,DEPARTMENT_ID) values ('185','Alexis','Bull','ABULL','1.650.555.0150',to_date('20/02/15','DD/MM/RR'),'SH_CLERK','4100',null,'121','50');
Insert into EMPLOYEES (EMPLOYEE_ID,FIRST_NAME,LAST_NAME,EMAIL,PHONE_NUMBER,HIRE_DATE,JOB_ID,SALARY,COMMISSION_PCT,MANAGER_ID,DEPARTMENT_ID) values ('186','Julia','Dellinger','JDELLING','1.650.555.0151',to_date('24/06/16','DD/MM/RR'),'SH_CLERK','3400',null,'121','50');
Insert into EMPLOYEES (EMPLOYEE_ID,FIRST_NAME,LAST_NAME,EMAIL,PHONE_NUMBER,HIRE_DATE,JOB_ID,SALARY,COMMISSION_PCT,MANAGER_ID,DEPARTMENT_ID) values ('187','Anthony','Cabrio','ACABRIO','1.650.555.0152',to_date('07/02/17','DD/MM/RR'),'SH_CLERK','3000',null,'121','50');
Insert into EMPLOYEES (EMPLOYEE_ID,FIRST_NAME,LAST_NAME,EMAIL,PHONE_NUMBER,HIRE_DATE,JOB_ID,SALARY,COMMISSION_PCT,MANAGER_ID,DEPARTMENT_ID) values ('188','Kelly','Chung','KCHUNG','1.650.555.0153',to_date('14/06/15','DD/MM/RR'),'SH_CLERK','3800',null,'122','50');
Insert into EMPLOYEES (EMPLOYEE_ID,FIRST_NAME,LAST_NAME,EMAIL,PHONE_NUMBER,HIRE_DATE,JOB_ID,SALARY,COMMISSION_PCT,MANAGER_ID,DEPARTMENT_ID) values ('189','Jennifer','Dilly','JDILLY','1.650.555.0154',to_date('13/08/15','DD/MM/RR'),'SH_CLERK','3600',null,'122','50');
Insert into EMPLOYEES (EMPLOYEE_ID,FIRST_NAME,LAST_NAME,EMAIL,PHONE_NUMBER,HIRE_DATE,JOB_ID,SALARY,COMMISSION_PCT,MANAGER_ID,DEPARTMENT_ID) values ('190','Timothy','Venzl','TVENZL','1.650.555.0155',to_date('11/07/16','DD/MM/RR'),'SH_CLERK','2900',null,'122','50');
Insert into EMPLOYEES (EMPLOYEE_ID,FIRST_NAME,LAST_NAME,EMAIL,PHONE_NUMBER,HIRE_DATE,JOB_ID,SALARY,COMMISSION_PCT,MANAGER_ID,DEPARTMENT_ID) values ('191','Randall','Perkins','RPERKINS','1.650.555.0156',to_date('19/12/17','DD/MM/RR'),'SH_CLERK','2500',null,'122','50');
Insert into EMPLOYEES (EMPLOYEE_ID,FIRST_NAME,LAST_NAME,EMAIL,PHONE_NUMBER,HIRE_DATE,JOB_ID,SALARY,COMMISSION_PCT,MANAGER_ID,DEPARTMENT_ID) values ('192','Sarah','Bell','SBELL','1.650.555.0157',to_date('04/02/14','DD/MM/RR'),'SH_CLERK','4000',null,'123','50');
Insert into EMPLOYEES (EMPLOYEE_ID,FIRST_NAME,LAST_NAME,EMAIL,PHONE_NUMBER,HIRE_DATE,JOB_ID,SALARY,COMMISSION_PCT,MANAGER_ID,DEPARTMENT_ID) values ('193','Britney','Everett','BEVERETT','1.650.555.0158',to_date('03/03/15','DD/MM/RR'),'SH_CLERK','3900',null,'123','50');
Insert into EMPLOYEES (EMPLOYEE_ID,FIRST_NAME,LAST_NAME,EMAIL,PHONE_NUMBER,HIRE_DATE,JOB_ID,SALARY,COMMISSION_PCT,MANAGER_ID,DEPARTMENT_ID) values ('194','Samuel','McLeod','SMCLEOD','1.650.555.0159',to_date('01/07/16','DD/MM/RR'),'SH_CLERK','3200',null,'123','50');
Insert into EMPLOYEES (EMPLOYEE_ID,FIRST_NAME,LAST_NAME,EMAIL,PHONE_NUMBER,HIRE_DATE,JOB_ID,SALARY,COMMISSION_PCT,MANAGER_ID,DEPARTMENT_ID) values ('195','Vance','Jones','VJONES','1.650.555.0160',to_date('17/03/17','DD/MM/RR'),'SH_CLERK','2800',null,'123','50');
Insert into EMPLOYEES (EMPLOYEE_ID,FIRST_NAME,LAST_NAME,EMAIL,PHONE_NUMBER,HIRE_DATE,JOB_ID,SALARY,COMMISSION_PCT,MANAGER_ID,DEPARTMENT_ID) values ('196','Alana','Walsh','AWALSH','1.650.555.0161',to_date('24/04/16','DD/MM/RR'),'SH_CLERK','3100',null,'124','50');
Insert into EMPLOYEES (EMPLOYEE_ID,FIRST_NAME,LAST_NAME,EMAIL,PHONE_NUMBER,HIRE_DATE,JOB_ID,SALARY,COMMISSION_PCT,MANAGER_ID,DEPARTMENT_ID) values ('197','Kevin','Feeney','KFEENEY','1.650.555.0162',to_date('23/05/16','DD/MM/RR'),'SH_CLERK','3000',null,'124','50');
Insert into EMPLOYEES (EMPLOYEE_ID,FIRST_NAME,LAST_NAME,EMAIL,PHONE_NUMBER,HIRE_DATE,JOB_ID,SALARY,COMMISSION_PCT,MANAGER_ID,DEPARTMENT_ID) values ('198','Donald','OConnell','DOCONNEL','1.650.555.0163',to_date('21/06/17','DD/MM/RR'),'SH_CLERK','2600',null,'124','50');
Insert into EMPLOYEES (EMPLOYEE_ID,FIRST_NAME,LAST_NAME,EMAIL,PHONE_NUMBER,HIRE_DATE,JOB_ID,SALARY,COMMISSION_PCT,MANAGER_ID,DEPARTMENT_ID) values ('199','Douglas','Grant','DGRANT','1.650.555.0164',to_date('13/01/18','DD/MM/RR'),'SH_CLERK','2600',null,'124','50');
Insert into EMPLOYEES (EMPLOYEE_ID,FIRST_NAME,LAST_NAME,EMAIL,PHONE_NUMBER,HIRE_DATE,JOB_ID,SALARY,COMMISSION_PCT,MANAGER_ID,DEPARTMENT_ID) values ('200','Jennifer','Whalen','JWHALEN','1.515.555.0165',to_date('17/09/13','DD/MM/RR'),'AD_ASST','4400',null,'101','10');
Insert into EMPLOYEES (EMPLOYEE_ID,FIRST_NAME,LAST_NAME,EMAIL,PHONE_NUMBER,HIRE_DATE,JOB_ID,SALARY,COMMISSION_PCT,MANAGER_ID,DEPARTMENT_ID) values ('201','Michael','Martinez','MMARTINE','1.515.555.0166',to_date('17/02/14','DD/MM/RR'),'MK_MAN','13000',null,'100','20');
Insert into EMPLOYEES (EMPLOYEE_ID,FIRST_NAME,LAST_NAME,EMAIL,PHONE_NUMBER,HIRE_DATE,JOB_ID,SALARY,COMMISSION_PCT,MANAGER_ID,DEPARTMENT_ID) values ('202','Pat','Davis','PDAVIS','1.603.555.0167',to_date('17/08/15','DD/MM/RR'),'MK_REP','6000',null,'201','20');
Insert into EMPLOYEES (EMPLOYEE_ID,FIRST_NAME,LAST_NAME,EMAIL,PHONE_NUMBER,HIRE_DATE,JOB_ID,SALARY,COMMISSION_PCT,MANAGER_ID,DEPARTMENT_ID) values ('203','Susan','Jacobs','SJACOBS','1.515.555.0168',to_date('07/06/12','DD/MM/RR'),'HR_REP','6500',null,'101','40');
Insert into EMPLOYEES (EMPLOYEE_ID,FIRST_NAME,LAST_NAME,EMAIL,PHONE_NUMBER,HIRE_DATE,JOB_ID,SALARY,COMMISSION_PCT,MANAGER_ID,DEPARTMENT_ID) values ('204','Hermann','Brown','HBROWN','1.515.555.0169',to_date('07/06/12','DD/MM/RR'),'PR_REP','10000',null,'101','70');
Insert into EMPLOYEES (EMPLOYEE_ID,FIRST_NAME,LAST_NAME,EMAIL,PHONE_NUMBER,HIRE_DATE,JOB_ID,SALARY,COMMISSION_PCT,MANAGER_ID,DEPARTMENT_ID) values ('205','Shelley','Higgins','SHIGGINS','1.515.555.0170',to_date('07/06/12','DD/MM/RR'),'AC_MGR','12008',null,'101','110');
Insert into EMPLOYEES (EMPLOYEE_ID,FIRST_NAME,LAST_NAME,EMAIL,PHONE_NUMBER,HIRE_DATE,JOB_ID,SALARY,COMMISSION_PCT,MANAGER_ID,DEPARTMENT_ID) values ('206','William','Gietz','WGIETZ','1.515.555.0171',to_date('07/06/12','DD/MM/RR'),'AC_ACCOUNT','8300',null,'205','110');
REM INSERTING into JOB_HISTORY
SET DEFINE OFF;
Insert into JOB_HISTORY (EMPLOYEE_ID,START_DATE,END_DATE,JOB_ID,DEPARTMENT_ID) values ('102',to_date('13/01/11','DD/MM/RR'),to_date('24/07/16','DD/MM/RR'),'IT_PROG','60');
Insert into JOB_HISTORY (EMPLOYEE_ID,START_DATE,END_DATE,JOB_ID,DEPARTMENT_ID) values ('101',to_date('21/09/07','DD/MM/RR'),to_date('27/10/11','DD/MM/RR'),'AC_ACCOUNT','110');
Insert into JOB_HISTORY (EMPLOYEE_ID,START_DATE,END_DATE,JOB_ID,DEPARTMENT_ID) values ('101',to_date('28/10/11','DD/MM/RR'),to_date('15/03/15','DD/MM/RR'),'AC_MGR','110');
Insert into JOB_HISTORY (EMPLOYEE_ID,START_DATE,END_DATE,JOB_ID,DEPARTMENT_ID) values ('201',to_date('17/02/14','DD/MM/RR'),to_date('19/12/17','DD/MM/RR'),'MK_REP','20');
Insert into JOB_HISTORY (EMPLOYEE_ID,START_DATE,END_DATE,JOB_ID,DEPARTMENT_ID) values ('114',to_date('24/03/16','DD/MM/RR'),to_date('31/12/17','DD/MM/RR'),'ST_CLERK','50');
Insert into JOB_HISTORY (EMPLOYEE_ID,START_DATE,END_DATE,JOB_ID,DEPARTMENT_ID) values ('122',to_date('01/01/17','DD/MM/RR'),to_date('31/12/17','DD/MM/RR'),'ST_CLERK','50');
Insert into JOB_HISTORY (EMPLOYEE_ID,START_DATE,END_DATE,JOB_ID,DEPARTMENT_ID) values ('200',to_date('17/09/05','DD/MM/RR'),to_date('17/06/11','DD/MM/RR'),'AD_ASST','90');
Insert into JOB_HISTORY (EMPLOYEE_ID,START_DATE,END_DATE,JOB_ID,DEPARTMENT_ID) values ('176',to_date('24/03/16','DD/MM/RR'),to_date('31/12/16','DD/MM/RR'),'SA_REP','80');
Insert into JOB_HISTORY (EMPLOYEE_ID,START_DATE,END_DATE,JOB_ID,DEPARTMENT_ID) values ('176',to_date('01/01/17','DD/MM/RR'),to_date('31/12/17','DD/MM/RR'),'SA_MAN','80');
Insert into JOB_HISTORY (EMPLOYEE_ID,START_DATE,END_DATE,JOB_ID,DEPARTMENT_ID) values ('200',to_date('01/07/12','DD/MM/RR'),to_date('31/12/16','DD/MM/RR'),'AC_ACCOUNT','90');
REM INSERTING into JOBS
SET DEFINE OFF;
Insert into JOBS (JOB_ID,JOB_TITLE,MIN_SALARY,MAX_SALARY) values ('AD_PRES','President','20080','40000');
Insert into JOBS (JOB_ID,JOB_TITLE,MIN_SALARY,MAX_SALARY) values ('AD_VP','Administration Vice President','15000','30000');
Insert into JOBS (JOB_ID,JOB_TITLE,MIN_SALARY,MAX_SALARY) values ('AD_ASST','Administration Assistant','3000','6000');
Insert into JOBS (JOB_ID,JOB_TITLE,MIN_SALARY,MAX_SALARY) values ('FI_MGR','Finance Manager','8200','16000');
Insert into JOBS (JOB_ID,JOB_TITLE,MIN_SALARY,MAX_SALARY) values ('FI_ACCOUNT','Accountant','4200','9000');
Insert into JOBS (JOB_ID,JOB_TITLE,MIN_SALARY,MAX_SALARY) values ('AC_MGR','Accounting Manager','8200','16000');
Insert into JOBS (JOB_ID,JOB_TITLE,MIN_SALARY,MAX_SALARY) values ('AC_ACCOUNT','Public Accountant','4200','9000');
Insert into JOBS (JOB_ID,JOB_TITLE,MIN_SALARY,MAX_SALARY) values ('SA_MAN','Sales Manager','10000','20080');
Insert into JOBS (JOB_ID,JOB_TITLE,MIN_SALARY,MAX_SALARY) values ('SA_REP','Sales Representative','6000','12008');
Insert into JOBS (JOB_ID,JOB_TITLE,MIN_SALARY,MAX_SALARY) values ('PU_MAN','Purchasing Manager','8000','15000');
Insert into JOBS (JOB_ID,JOB_TITLE,MIN_SALARY,MAX_SALARY) values ('PU_CLERK','Purchasing Clerk','2500','5500');
Insert into JOBS (JOB_ID,JOB_TITLE,MIN_SALARY,MAX_SALARY) values ('ST_MAN','Stock Manager','5500','8500');
Insert into JOBS (JOB_ID,JOB_TITLE,MIN_SALARY,MAX_SALARY) values ('ST_CLERK','Stock Clerk','2008','5000');
Insert into JOBS (JOB_ID,JOB_TITLE,MIN_SALARY,MAX_SALARY) values ('SH_CLERK','Shipping Clerk','2500','5500');
Insert into JOBS (JOB_ID,JOB_TITLE,MIN_SALARY,MAX_SALARY) values ('IT_PROG','Programmer','4000','10000');
Insert into JOBS (JOB_ID,JOB_TITLE,MIN_SALARY,MAX_SALARY) values ('MK_MAN','Marketing Manager','9000','15000');
Insert into JOBS (JOB_ID,JOB_TITLE,MIN_SALARY,MAX_SALARY) values ('MK_REP','Marketing Representative','4000','9000');
Insert into JOBS (JOB_ID,JOB_TITLE,MIN_SALARY,MAX_SALARY) values ('HR_REP','Human Resources Representative','4000','9000');
Insert into JOBS (JOB_ID,JOB_TITLE,MIN_SALARY,MAX_SALARY) values ('PR_REP','Public Relations Representative','4500','10500');
REM INSERTING into LOCATIONS
SET DEFINE OFF;
Insert into LOCATIONS (LOCATION_ID,STREET_ADDRESS,POSTAL_CODE,CITY,STATE_PROVINCE,COUNTRY_ID) values ('1000','1297 Via Cola di Rie','00989','Roma',null,'IT');
Insert into LOCATIONS (LOCATION_ID,STREET_ADDRESS,POSTAL_CODE,CITY,STATE_PROVINCE,COUNTRY_ID) values ('1100','93091 Calle della Testa','10934','Venice',null,'IT');
Insert into LOCATIONS (LOCATION_ID,STREET_ADDRESS,POSTAL_CODE,CITY,STATE_PROVINCE,COUNTRY_ID) values ('1200','2017 Shinjuku-ku','1689','Tokyo','Tokyo Prefecture','JP');
Insert into LOCATIONS (LOCATION_ID,STREET_ADDRESS,POSTAL_CODE,CITY,STATE_PROVINCE,COUNTRY_ID) values ('1300','9450 Kamiya-cho','6823','Hiroshima',null,'JP');
Insert into LOCATIONS (LOCATION_ID,STREET_ADDRESS,POSTAL_CODE,CITY,STATE_PROVINCE,COUNTRY_ID) values ('1400','2014 Jabberwocky Rd','26192','Southlake','Texas','US');
Insert into LOCATIONS (LOCATION_ID,STREET_ADDRESS,POSTAL_CODE,CITY,STATE_PROVINCE,COUNTRY_ID) values ('1500','2011 Interiors Blvd','99236','South San Francisco','California','US');
Insert into LOCATIONS (LOCATION_ID,STREET_ADDRESS,POSTAL_CODE,CITY,STATE_PROVINCE,COUNTRY_ID) values ('1600','2007 Zagora St','50090','South Brunswick','New Jersey','US');
Insert into LOCATIONS (LOCATION_ID,STREET_ADDRESS,POSTAL_CODE,CITY,STATE_PROVINCE,COUNTRY_ID) values ('1700','2004 Charade Rd','98199','Seattle','Washington','US');
Insert into LOCATIONS (LOCATION_ID,STREET_ADDRESS,POSTAL_CODE,CITY,STATE_PROVINCE,COUNTRY_ID) values ('1800','147 Spadina Ave','M5V 2L7','Toronto','Ontario','CA');
Insert into LOCATIONS (LOCATION_ID,STREET_ADDRESS,POSTAL_CODE,CITY,STATE_PROVINCE,COUNTRY_ID) values ('1900','6092 Boxwood St','YSW 9T2','Whitehorse','Yukon','CA');
Insert into LOCATIONS (LOCATION_ID,STREET_ADDRESS,POSTAL_CODE,CITY,STATE_PROVINCE,COUNTRY_ID) values ('2000','40-5-12 Laogianggen','190518','Beijing',null,'CN');
Insert into LOCATIONS (LOCATION_ID,STREET_ADDRESS,POSTAL_CODE,CITY,STATE_PROVINCE,COUNTRY_ID) values ('2100','1298 Vileparle (E)','490231','Bombay','Maharashtra','IN');
Insert into LOCATIONS (LOCATION_ID,STREET_ADDRESS,POSTAL_CODE,CITY,STATE_PROVINCE,COUNTRY_ID) values ('2200','12-98 Victoria Street','2901','Sydney','New South Wales','AU');
Insert into LOCATIONS (LOCATION_ID,STREET_ADDRESS,POSTAL_CODE,CITY,STATE_PROVINCE,COUNTRY_ID) values ('2300','198 Clementi North','540198','Singapore',null,'SG');
Insert into LOCATIONS (LOCATION_ID,STREET_ADDRESS,POSTAL_CODE,CITY,STATE_PROVINCE,COUNTRY_ID) values ('2400','8204 Arthur St',null,'London',null,'GB');
Insert into LOCATIONS (LOCATION_ID,STREET_ADDRESS,POSTAL_CODE,CITY,STATE_PROVINCE,COUNTRY_ID) values ('2500','Magdalen Centre, The Oxford Science Park','OX9 9ZB','Oxford','Oxford','GB');
Insert into LOCATIONS (LOCATION_ID,STREET_ADDRESS,POSTAL_CODE,CITY,STATE_PROVINCE,COUNTRY_ID) values ('2600','9702 Chester Road','09629850293','Stretford','Manchester','GB');
Insert into LOCATIONS (LOCATION_ID,STREET_ADDRESS,POSTAL_CODE,CITY,STATE_PROVINCE,COUNTRY_ID) values ('2700','Schwanthalerstr. 7031','80925','Munich','Bavaria','DE');
Insert into LOCATIONS (LOCATION_ID,STREET_ADDRESS,POSTAL_CODE,CITY,STATE_PROVINCE,COUNTRY_ID) values ('2800','Rua Frei Caneca 1360 ','01307-002','Sao Paulo','Sao Paulo','BR');
Insert into LOCATIONS (LOCATION_ID,STREET_ADDRESS,POSTAL_CODE,CITY,STATE_PROVINCE,COUNTRY_ID) values ('2900','20 Rue des Corps-Saints','1730','Geneva','Geneve','CH');
Insert into LOCATIONS (LOCATION_ID,STREET_ADDRESS,POSTAL_CODE,CITY,STATE_PROVINCE,COUNTRY_ID) values ('3000','Murtenstrasse 921','3095','Bern','BE','CH');
Insert into LOCATIONS (LOCATION_ID,STREET_ADDRESS,POSTAL_CODE,CITY,STATE_PROVINCE,COUNTRY_ID) values ('3100','Pieter Breughelstraat 837','3029SK','Utrecht','Utrecht','NL');
Insert into LOCATIONS (LOCATION_ID,STREET_ADDRESS,POSTAL_CODE,CITY,STATE_PROVINCE,COUNTRY_ID) values ('3200','Mariano Escobedo 9991','11932','Mexico City','Distrito Federal','MX');
REM INSERTING into REGIONS
SET DEFINE OFF;
Insert into REGIONS (REGION_ID,REGION_NAME) values ('10','Europe');
Insert into REGIONS (REGION_ID,REGION_NAME) values ('20','Americas');
Insert into REGIONS (REGION_ID,REGION_NAME) values ('30','Asia');
Insert into REGIONS (REGION_ID,REGION_NAME) values ('40','Oceania');
Insert into REGIONS (REGION_ID,REGION_NAME) values ('50','Africa');
--------------------------------------------------------
--  DDL for Index COUNTRY_C_ID_PK
--------------------------------------------------------

  CREATE UNIQUE INDEX "COUNTRY_C_ID_PK" ON "COUNTRIES" ("COUNTRY_ID") 
  ;
--------------------------------------------------------
--  DDL for Index DEPT_ID_PK
--------------------------------------------------------

  CREATE UNIQUE INDEX "DEPT_ID_PK" ON "DEPARTMENTS" ("DEPARTMENT_ID") 
  ;
--------------------------------------------------------
--  DDL for Index DEPT_LOCATION_IX
--------------------------------------------------------

  CREATE INDEX "DEPT_LOCATION_IX" ON "DEPARTMENTS" ("LOCATION_ID") 
  ;
--------------------------------------------------------
--  DDL for Index EMP_EMAIL_UK
--------------------------------------------------------

  CREATE UNIQUE INDEX "EMP_EMAIL_UK" ON "EMPLOYEES" ("EMAIL") 
  ;
--------------------------------------------------------
--  DDL for Index EMP_EMP_ID_PK
--------------------------------------------------------

  CREATE UNIQUE INDEX "EMP_EMP_ID_PK" ON "EMPLOYEES" ("EMPLOYEE_ID") 
  ;
--------------------------------------------------------
--  DDL for Index EMP_DEPARTMENT_IX
--------------------------------------------------------

  CREATE INDEX "EMP_DEPARTMENT_IX" ON "EMPLOYEES" ("DEPARTMENT_ID") 
  ;
--------------------------------------------------------
--  DDL for Index EMP_JOB_IX
--------------------------------------------------------

  CREATE INDEX "EMP_JOB_IX" ON "EMPLOYEES" ("JOB_ID") 
  ;
--------------------------------------------------------
--  DDL for Index EMP_MANAGER_IX
--------------------------------------------------------

  CREATE INDEX "EMP_MANAGER_IX" ON "EMPLOYEES" ("MANAGER_ID") 
  ;
--------------------------------------------------------
--  DDL for Index EMP_NAME_IX
--------------------------------------------------------

  CREATE INDEX "EMP_NAME_IX" ON "EMPLOYEES" ("LAST_NAME", "FIRST_NAME") 
  ;
--------------------------------------------------------
--  DDL for Index JHIST_EMP_ID_ST_DATE_PK
--------------------------------------------------------

  CREATE UNIQUE INDEX "JHIST_EMP_ID_ST_DATE_PK" ON "JOB_HISTORY" ("EMPLOYEE_ID", "START_DATE") 
  ;
--------------------------------------------------------
--  DDL for Index JHIST_JOB_IX
--------------------------------------------------------

  CREATE INDEX "JHIST_JOB_IX" ON "JOB_HISTORY" ("JOB_ID") 
  ;
--------------------------------------------------------
--  DDL for Index JHIST_EMPLOYEE_IX
--------------------------------------------------------

  CREATE INDEX "JHIST_EMPLOYEE_IX" ON "JOB_HISTORY" ("EMPLOYEE_ID") 
  ;
--------------------------------------------------------
--  DDL for Index JHIST_DEPARTMENT_IX
--------------------------------------------------------

  CREATE INDEX "JHIST_DEPARTMENT_IX" ON "JOB_HISTORY" ("DEPARTMENT_ID") 
  ;
--------------------------------------------------------
--  DDL for Index JOB_ID_PK
--------------------------------------------------------

  CREATE UNIQUE INDEX "JOB_ID_PK" ON "JOBS" ("JOB_ID") 
  ;
--------------------------------------------------------
--  DDL for Index LOC_ID_PK
--------------------------------------------------------

  CREATE UNIQUE INDEX "LOC_ID_PK" ON "LOCATIONS" ("LOCATION_ID") 
  ;
--------------------------------------------------------
--  DDL for Index LOC_CITY_IX
--------------------------------------------------------

  CREATE INDEX "LOC_CITY_IX" ON "LOCATIONS" ("CITY") 
  ;
--------------------------------------------------------
--  DDL for Index LOC_STATE_PROVINCE_IX
--------------------------------------------------------

  CREATE INDEX "LOC_STATE_PROVINCE_IX" ON "LOCATIONS" ("STATE_PROVINCE") 
  ;
--------------------------------------------------------
--  DDL for Index LOC_COUNTRY_IX
--------------------------------------------------------

  CREATE INDEX "LOC_COUNTRY_IX" ON "LOCATIONS" ("COUNTRY_ID") 
  ;
--------------------------------------------------------
--  DDL for Index REG_ID_PK
--------------------------------------------------------

  CREATE UNIQUE INDEX "REG_ID_PK" ON "REGIONS" ("REGION_ID") 
  ;
--------------------------------------------------------
--  Constraints for Table COUNTRIES
--------------------------------------------------------

  ALTER TABLE "COUNTRIES" MODIFY ("COUNTRY_ID" CONSTRAINT "COUNTRY_ID_NN" NOT NULL ENABLE);
  ALTER TABLE "COUNTRIES" ADD CONSTRAINT "COUNTRY_C_ID_PK" PRIMARY KEY ("COUNTRY_ID")
  USING INDEX  ENABLE;
--------------------------------------------------------
--  Constraints for Table DEPARTMENTS
--------------------------------------------------------

  ALTER TABLE "DEPARTMENTS" MODIFY ("DEPARTMENT_NAME" CONSTRAINT "DEPT_NAME_NN" NOT NULL ENABLE);
  ALTER TABLE "DEPARTMENTS" ADD CONSTRAINT "DEPT_ID_PK" PRIMARY KEY ("DEPARTMENT_ID")
  USING INDEX "DEPT_ID_PK"  ENABLE;
--------------------------------------------------------
--  Constraints for Table EMPLOYEES
--------------------------------------------------------

  ALTER TABLE "EMPLOYEES" MODIFY ("LAST_NAME" CONSTRAINT "EMP_LAST_NAME_NN" NOT NULL ENABLE);
  ALTER TABLE "EMPLOYEES" MODIFY ("EMAIL" CONSTRAINT "EMP_EMAIL_NN" NOT NULL ENABLE);
  ALTER TABLE "EMPLOYEES" MODIFY ("HIRE_DATE" CONSTRAINT "EMP_HIRE_DATE_NN" NOT NULL ENABLE);
  ALTER TABLE "EMPLOYEES" MODIFY ("JOB_ID" CONSTRAINT "EMP_JOB_NN" NOT NULL ENABLE);
  ALTER TABLE "EMPLOYEES" ADD CONSTRAINT "EMP_SALARY_MIN" CHECK (salary > 0) ENABLE;
  ALTER TABLE "EMPLOYEES" ADD CONSTRAINT "EMP_EMAIL_UK" UNIQUE ("EMAIL")
  USING INDEX  ENABLE;
  ALTER TABLE "EMPLOYEES" ADD CONSTRAINT "EMP_EMP_ID_PK" PRIMARY KEY ("EMPLOYEE_ID")
  USING INDEX "EMP_EMP_ID_PK"  ENABLE;
--------------------------------------------------------
--  Constraints for Table JOB_HISTORY
--------------------------------------------------------

  ALTER TABLE "JOB_HISTORY" MODIFY ("EMPLOYEE_ID" CONSTRAINT "JHIST_EMPLOYEE_NN" NOT NULL ENABLE);
  ALTER TABLE "JOB_HISTORY" MODIFY ("START_DATE" CONSTRAINT "JHIST_START_DATE_NN" NOT NULL ENABLE);
  ALTER TABLE "JOB_HISTORY" MODIFY ("END_DATE" CONSTRAINT "JHIST_END_DATE_NN" NOT NULL ENABLE);
  ALTER TABLE "JOB_HISTORY" MODIFY ("JOB_ID" CONSTRAINT "JHIST_JOB_NN" NOT NULL ENABLE);
  ALTER TABLE "JOB_HISTORY" ADD CONSTRAINT "JHIST_DATE_INTERVAL" CHECK (end_date > start_date) ENABLE;
  ALTER TABLE "JOB_HISTORY" ADD CONSTRAINT "JHIST_EMP_ID_ST_DATE_PK" PRIMARY KEY ("EMPLOYEE_ID", "START_DATE")
  USING INDEX "JHIST_EMP_ID_ST_DATE_PK"  ENABLE;
--------------------------------------------------------
--  Constraints for Table JOBS
--------------------------------------------------------

  ALTER TABLE "JOBS" MODIFY ("JOB_TITLE" CONSTRAINT "JOB_TITLE_NN" NOT NULL ENABLE);
  ALTER TABLE "JOBS" ADD CONSTRAINT "JOB_ID_PK" PRIMARY KEY ("JOB_ID")
  USING INDEX "JOB_ID_PK"  ENABLE;
--------------------------------------------------------
--  Constraints for Table LOCATIONS
--------------------------------------------------------

  ALTER TABLE "LOCATIONS" MODIFY ("CITY" CONSTRAINT "LOC_CITY_NN" NOT NULL ENABLE);
  ALTER TABLE "LOCATIONS" ADD CONSTRAINT "LOC_ID_PK" PRIMARY KEY ("LOCATION_ID")
  USING INDEX "LOC_ID_PK"  ENABLE;
--------------------------------------------------------
--  Constraints for Table REGIONS
--------------------------------------------------------

  ALTER TABLE "REGIONS" MODIFY ("REGION_ID" CONSTRAINT "REGION_ID_NN" NOT NULL ENABLE);
  ALTER TABLE "REGIONS" ADD CONSTRAINT "REG_ID_PK" PRIMARY KEY ("REGION_ID")
  USING INDEX "REG_ID_PK"  ENABLE;
--------------------------------------------------------
--  Ref Constraints for Table COUNTRIES
--------------------------------------------------------

  ALTER TABLE "COUNTRIES" ADD CONSTRAINT "COUNTR_REG_FK" FOREIGN KEY ("REGION_ID")
	  REFERENCES "REGIONS" ("REGION_ID") ENABLE;
--------------------------------------------------------
--  Ref Constraints for Table DEPARTMENTS
--------------------------------------------------------

  ALTER TABLE "DEPARTMENTS" ADD CONSTRAINT "DEPT_LOC_FK" FOREIGN KEY ("LOCATION_ID")
	  REFERENCES "LOCATIONS" ("LOCATION_ID") ENABLE;
  ALTER TABLE "DEPARTMENTS" ADD CONSTRAINT "DEPT_MGR_FK" FOREIGN KEY ("MANAGER_ID")
	  REFERENCES "EMPLOYEES" ("EMPLOYEE_ID") ENABLE;
--------------------------------------------------------
--  Ref Constraints for Table EMPLOYEES
--------------------------------------------------------

  ALTER TABLE "EMPLOYEES" ADD CONSTRAINT "EMP_DEPT_FK" FOREIGN KEY ("DEPARTMENT_ID")
	  REFERENCES "DEPARTMENTS" ("DEPARTMENT_ID") ENABLE;
  ALTER TABLE "EMPLOYEES" ADD CONSTRAINT "EMP_JOB_FK" FOREIGN KEY ("JOB_ID")
	  REFERENCES "JOBS" ("JOB_ID") ENABLE;
  ALTER TABLE "EMPLOYEES" ADD CONSTRAINT "EMP_MANAGER_FK" FOREIGN KEY ("MANAGER_ID")
	  REFERENCES "EMPLOYEES" ("EMPLOYEE_ID") ENABLE;
--------------------------------------------------------
--  Ref Constraints for Table JOB_HISTORY
--------------------------------------------------------

  ALTER TABLE "JOB_HISTORY" ADD CONSTRAINT "JHIST_JOB_FK" FOREIGN KEY ("JOB_ID")
	  REFERENCES "JOBS" ("JOB_ID") ENABLE;
  ALTER TABLE "JOB_HISTORY" ADD CONSTRAINT "JHIST_EMP_FK" FOREIGN KEY ("EMPLOYEE_ID")
	  REFERENCES "EMPLOYEES" ("EMPLOYEE_ID") ENABLE;
  ALTER TABLE "JOB_HISTORY" ADD CONSTRAINT "JHIST_DEPT_FK" FOREIGN KEY ("DEPARTMENT_ID")
	  REFERENCES "DEPARTMENTS" ("DEPARTMENT_ID") ENABLE;
--------------------------------------------------------
--  Ref Constraints for Table LOCATIONS
--------------------------------------------------------

  ALTER TABLE "LOCATIONS" ADD CONSTRAINT "LOC_C_ID_FK" FOREIGN KEY ("COUNTRY_ID")
	  REFERENCES "COUNTRIES" ("COUNTRY_ID") ENABLE;
