-- borrado de objetos
DROP TABLE estado_civil CASCADE CONSTRAINTS;
DROP TABLE propiedad CASCADE CONSTRAINTS;
DROP TABLE empleado CASCADE CONSTRAINTS;
DROP TABLE propietario CASCADE CONSTRAINTS;
DROP TABLE cliente CASCADE CONSTRAINTS;
DROP TABLE tipo_propiedad CASCADE CONSTRAINTS;
DROP TABLE comuna CASCADE CONSTRAINTS;
DROP TABLE categoria_empleado CASCADE CONSTRAINTS;
DROP TABLE propiedad_arrendada CASCADE CONSTRAINTS;
DROP SEQUENCE sq_cat;
DROP SEQUENCE sq_com;
 
-- creacion de objetos
CREATE SEQUENCE sq_cat;
CREATE SEQUENCE sq_com START WITH 80;


CREATE TABLE COMUNA
(id_comuna NUMBER(3) NOT NULL,
 nombre_comuna VARCHAR2(30) NOT NULL,
 CONSTRAINT pk_comuna PRIMARY KEY (id_comuna));

CREATE TABLE CATEGORIA_EMPLEADO
(id_categoria_emp NUMBER(1) NOT NULL,
 desc_categoria_emp VARCHAR2(30) NOT NULL,
 CONSTRAINT pk_categoria_empleado PRIMARY KEY (id_categoria_emp));

CREATE TABLE TIPO_PROPIEDAD
(id_tipo_propiedad VARCHAR2(1) NOT NULL,
 desc_tipo_propiedad VARCHAR2(30) NOT NULL,
 CONSTRAINT pk_tipo_propiedad PRIMARY KEY (id_tipo_propiedad ));

CREATE TABLE ESTADO_CIVIL
(id_estcivil   NUMBER(1) NOT NULL,
 desc_Estcivil    Varchar2(25) Not Null,
 CONSTRAINT pk_estado_civil PRIMARY KEY(id_estcivil));

CREATE TABLE PROPIETARIO
(numrut_prop  NUMBER(10) Not Null,
 dvrut_prop  VARCHAR2(1) NOT NULL,
 appaterno_prop VARCHAR2(15) NOT NULL,
 apmaterno_prop VARCHAR2(15) NOT NULL,
 nombre_prop VARCHAR2(25) NOT NULL,
 direccion_prop VARCHAR2(60) NOT NULL,
 id_estcivil   NUMBER(1) NOT NULL,
 fonofijo_prop VARCHAR2(15) NOT NULL,
 celular_prop VARCHAR2(15),
 id_Comuna Number(3),
 CONSTRAINT pk_propietario PRIMARY KEY (numrut_prop));

CREATE TABLE CLIENTE
(numrut_cli NUMBER(10) NOT NULL,
 dvrut_cli  VARCHAR2(1) NOT NULL,
 appaterno_cli VARCHAR2(15) NOT NULL,
 apmaterno_cli VARCHAR2(15) NOT NULL,
 nombre_cli VARCHAR2(25) NOT NULL,
 direccion_cli VARCHAR2(60) NOT NULL,
 id_estcivil   NUMBER(1) NOT NULL, 
 fonofijo_cli NUMBER(15) NOT NULL,
 celular_cli NUMBER(15),
 renta_cli NUMBER(7) NOT NULL,
 CONSTRAINT pk_cliente PRIMARY KEY (numrut_cli));

CREATE TABLE EMPLEADO
(numrut_emp NUMBER(10) NOT NULL,
 dvrut_emp  VARCHAR2(1) NOT NULL,
 appaterno_emp VARCHAR2(15) NOT NULL,
 apmaterno_emp VARCHAR2(15) NOT NULL,
 nombre_emp VARCHAR2(25) NOT NULL,
 direccion_emp VARCHAR2(60) NOT NULL,
 id_estcivil NUMBER(1) NOT NULL,
 fonofijo_emp VARCHAR2(15) NOT NULL,
 celular_emp VARCHAR2(15),
 fecnac_emp DATE,
 fecing_emp DATE NOT NULL,
 sueldo_emp NUMBER(7) NOT NULL,
 id_comuna NUMBER(3),
 id_categoria_emp NUMBER(1),
 numrut_supervisor NUMBER(10),
 CONSTRAINT pk_empleado PRIMARY KEY (numrut_emp));

CREATE TABLE PROPIEDAD
(nro_propiedad NUMBER(6) NOT NULL,
 fecha_entrega_propiedad DATE NOT NULL,
 direccion_propiedad VARCHAR2(60) NOT NULL,
 superficie NUMBER(8,2) NOT NULL,
 nro_dormitorios NUMBER(1),
 nro_banos NUMBER(1),
 valor_arriendo NUMBER(7) NOT NULL,
 valor_gasto_comun NUMBER(6),
 id_tipo_propiedad VARCHAR2(1) NOT NULL,
 id_comuna NUMBER(3) NOT NULL,
 numrut_prop NUMBER(10) NOT NULL,
 numrut_emp NUMBER(10),
 CONSTRAINT pk_propiedad PRIMARY KEY (nro_propiedad));
 

CREATE TABLE PROPIEDAD_ARRENDADA
(nro_propiedad NUMBER(6) NOT NULL,
 fecini_arriendo DATE NOT NULL,
 fecter_arriendo DATE, 
 numrut_cli NUMBER(10) NOT NULL,
 CONSTRAINT pk_propiedad_arrendada PRIMARY KEY (nro_propiedad,fecini_arriendo));

-- creacion de llaves foraneas 
ALTER TABLE empleado
   ADD CONSTRAINT fk_empleado_comuna FOREIGN KEY (id_comuna)
   REFERENCES comuna (id_comuna);

ALTER TABLE propietario
   ADD CONSTRAINT fk_propietario_comuna FOREIGN KEY (id_comuna)
   REFERENCES comuna (id_comuna);

ALTER TABLE empleado
   ADD CONSTRAINT fk_empleado_categoria_empleado FOREIGN KEY (id_categoria_emp)
   REFERENCES categoria_empleado (id_categoria_emp);

ALTER TABLE empleado
   Add Constraint Fk_Empleado_Empleado Foreign Key (numrut_supervisor)
   REFERENCES empleado (numrut_emp);
   
ALTER TABLE propiedad
   ADD CONSTRAINT fk_propiedad_tipo_propiedad FOREIGN KEY (id_tipo_propiedad)
   REFERENCES tipo_propiedad (id_tipo_propiedad);

ALTER TABLE propiedad
   ADD CONSTRAINT fk_propiedad_comuna FOREIGN KEY (id_comuna)
   REFERENCES comuna (id_comuna);

ALTER TABLE propiedad
   ADD CONSTRAINT fk_propiedad_propietario FOREIGN KEY (numrut_prop)
   REFERENCES propietario (numrut_prop);

ALTER TABLE propiedad
   ADD CONSTRAINT fk_propiedad_empleado FOREIGN KEY (numrut_emp)
   REFERENCES empleado (numrut_emp);
    
ALTER TABLE propiedad_arrendada
   ADD CONSTRAINT fk_propiedad_arrendada_cliente FOREIGN KEY (numrut_cli)
   REFERENCES cliente(numrut_cli);

ALTER TABLE propiedad_arrendada
   ADD CONSTRAINT fk_propiedad_arrendada_prop FOREIGN KEY (nro_propiedad)
   REFERENCES propiedad(nro_propiedad);

ALTER TABLE propietario
   ADD CONSTRAINT fk_propietario_estado_civil FOREIGN KEY (id_estcivil)
   REFERENCES estado_civil (id_estcivil);

ALTER TABLE cliente
   ADD CONSTRAINT fk_cliente_estado_civil FOREIGN KEY (id_estcivil)
   REFERENCES estado_civil (id_estcivil);

ALTER TABLE empleado
   ADD CONSTRAINT fk_empleado_estado_civil FOREIGN KEY (id_estcivil)
   REFERENCES estado_civil (id_estcivil);
   
-- insercion de datos

INSERT INTO comuna VALUES (sq_com.NEXTVAL,'Las Condes');
INSERT INTO comuna VALUES (sq_com.NEXTVAL,'Providencia');
INSERT INTO comuna VALUES (sq_com.NEXTVAL,'Santiago');
INSERT INTO comuna VALUES (sq_com.NEXTVAL,'Ñuñoa');
INSERT INTO comuna VALUES (sq_com.NEXTVAL,'Vitacura');
INSERT INTO comuna VALUES (sq_com.NEXTVAL,'La Reina');
INSERT INTO comuna VALUES (sq_com.NEXTVAL,'La Florida');
INSERT INTO comuna VALUES (sq_com.NEXTVAL,'Maipú');
INSERT INTO comuna VALUES (sq_com.NEXTVAL,'Lo Barnechea');
INSERT INTO comuna VALUES (sq_com.NEXTVAL,'Macul');
INSERT INTO comuna VALUES (sq_com.NEXTVAL,'San Miguel');
INSERT INTO comuna VALUES (sq_com.NEXTVAL,'Peñalolén');
INSERT INTO comuna VALUES (sq_com.NEXTVAL,'Puente Alto');
INSERT INTO comuna VALUES (sq_com.NEXTVAL,'Recoleta');
INSERT INTO comuna VALUES (sq_com.NEXTVAL,'Estación Central');
INSERT INTO comuna VALUES (sq_com.NEXTVAL,'San Bernardo');
INSERT INTO comuna VALUES (sq_com.NEXTVAL,'Independencia');
INSERT INTO comuna VALUES (sq_com.NEXTVAL,'La Cisterna');
INSERT INTO comuna VALUES (sq_com.NEXTVAL,'Quilicura');
INSERT INTO comuna VALUES (sq_com.NEXTVAL,'Quinta Normal');
INSERT INTO comuna VALUES (sq_com.NEXTVAL,'Conchalí');
INSERT INTO comuna VALUES (sq_com.NEXTVAL,'San Joaquín');
INSERT INTO comuna VALUES (sq_com.NEXTVAL,'Huechuraba');
INSERT INTO comuna VALUES (sq_com.NEXTVAL,'El Bosque');
INSERT INTO comuna VALUES (sq_com.NEXTVAL,'Cerrillos');
INSERT INTO comuna VALUES (sq_com.NEXTVAL,'Cerro Navia');
INSERT INTO comuna VALUES (sq_com.NEXTVAL,'La Granja');
INSERT INTO comuna VALUES (sq_com.NEXTVAL,'La Pintana');
INSERT INTO comuna VALUES (sq_com.NEXTVAL,'Lo Espejo');
INSERT INTO comuna VALUES (sq_com.NEXTVAL,'Lo Prado');
INSERT INTO comuna VALUES (sq_com.NEXTVAL,'Pedro Aguirre Cerda');
INSERT INTO comuna VALUES (sq_com.NEXTVAL,'Pudahuel');
INSERT INTO comuna VALUES (sq_com.NEXTVAL,'Renca');
INSERT INTO comuna VALUES (sq_com.NEXTVAL,'San Ramón');
INSERT INTO comuna VALUES (sq_com.NEXTVAL,'Melipilla');
INSERT INTO comuna VALUES (sq_com.NEXTVAL,'San Pedro');
INSERT INTO comuna VALUES (sq_com.NEXTVAL,'Alhué');
INSERT INTO comuna VALUES (sq_com.NEXTVAL,'María Pinto');
INSERT INTO comuna VALUES (sq_com.NEXTVAL,'Curacaví');
INSERT INTO comuna VALUES (sq_com.NEXTVAL,'Talagante');
INSERT INTO comuna VALUES (sq_com.NEXTVAL,'El Monte');
INSERT INTO comuna VALUES (sq_com.NEXTVAL,'Buin');
INSERT INTO comuna VALUES (sq_com.NEXTVAL,'Paine');
INSERT INTO comuna VALUES (sq_com.NEXTVAL,'Peñaflor');
INSERT INTO comuna VALUES (sq_com.NEXTVAL,'Isla de Maipo');
INSERT INTO comuna VALUES (sq_com.NEXTVAL,'Colina');
INSERT INTO comuna VALUES (sq_com.NEXTVAL,'Pirque');


INSERT INTO categoria_empleado VALUES (sq_cat.NEXTVAL,'Gerente');
INSERT INTO categoria_empleado VALUES (sq_cat.NEXTVAL,'Supervisor');
INSERT INTO categoria_empleado VALUES (sq_cat.NEXTVAL,'Ejecutivo de Arriendo');
INSERT INTO categoria_empleado VALUES (sq_cat.NEXTVAL,'Auxiliar');


INSERT INTO tipo_propiedad VALUES ('A','Casa sin Amoblar');
INSERT INTO tipo_propiedad VALUES ('B','Casa Amoblada');
INSERT INTO tipo_propiedad VALUES ('C','Departamento sin Amoblar');
INSERT INTO tipo_propiedad VALUES ('D','Departamento Amoblado');
INSERT INTO tipo_propiedad VALUES ('E','Local Comercial');
INSERT INTO tipo_propiedad VALUES ('F','Parcela sin Casa');
INSERT INTO tipo_propiedad VALUES ('G','Parcela con Casa');
INSERT INTO tipo_propiedad VALUES ('H','Sitio');

INSERT INTO estado_civil VALUES(1,'Soltero');
INSERT INTO estado_civil VALUES(2,'Casado');
INSERT INTO estado_civil VALUES(3,'Separado');
INSERT INTO estado_civil VALUES(4,'Divorciado');
INSERT INTO estado_civil VALUES(5,'Viudo');


INSERT INTO empleado VALUES (11649964,'0','GALVEZ','CASTRO','MARTA','CLOVIS MONTERO 0260 D/202',1,'23417556','25273328','20121971','11081994',1515239,80,3,NULL);
INSERT INTO empleado VALUES (12113369,'4','ROMERO','DIAZ','NANCY','TENIENTE RAMON JIMENEZ 4753',4,'25631567','22623877','09061968','31081989',2710153,81,3,11649964);
INSERT INTO empleado VALUES (12456905,'1','CANALES','BASTIAS','JORGE','GENERAL CONCHA PEDREGAL #885',2,'27779827','27413395','21121957','12081981',2945675,81,3,11649964);
INSERT INTO empleado VALUES (12466553,'2','VIDAL','PEREZ','TERESA','FCO. DE CAMARGO 14515 D/14',3,'28583700','28122603','20111969','13081994',1202614,82,3,12456905);
INSERT INTO empleado VALUES (11745244,'3','VENEGAS','SOTO','KARINA','ARICA 3850',1,'27790734','27494190','23061963','14081986',1439042,83,3,12456905);
INSERT INTO empleado VALUES (11999100,'4','CONTRERAS','CASTILLO','CLAUDIO','ISABEL RIQUELME 6075',2,'27764142','25232677','15031966','15081992',364163,84,4,11649964);
INSERT INTO empleado VALUES (12888868,'5','PAEZ','MACMILLAN','JOSE','FERNANDEZ CONCHA 500',3,'22399493','27735417','25071964','16081989',1896155,85,3,12456905);
INSERT INTO empleado VALUES (12811094,'6','MOLINA','GONZALEZ','PAULA','PJE.TIMBAL 1095 V/POMAIRE',4,'25313830',NULL,'26081978','17082001',1757577,86,3,12456905);
INSERT INTO empleado VALUES (14255602,'7','MUÑOZ','ROJAS','CARLOTA','TERCEIRA 7426 V/LIBERTAD',1,'26490093','27414886','27091982','18082004',2658577,87,2,11649964);
INSERT INTO empleado VALUES (11630572,'8','ARAVENA','HERBAGE','GUSTAVO','FERNANDO DE ARAGON 8420',3,'25588481','26256661','15031966','19081999',1957095,88,3,12113369);
INSERT INTO empleado VALUES (11636534,'9','ADASME','ZUÑIGA','LUIS','LITTLE ROCK 117 V/PDTE.KENNEDY',1,'26483081','26213403','29101973','20081994',1614934,89,3,12113369);
INSERT INTO empleado VALUES (12272880,'K','LAPAZ','SEPULVEDA','MARCO','GUARDIA MARINA. RIQUELME 561',2,'26038967','22814034','01101989','21082012',1352596,92,3,12456905);
INSERT INTO empleado VALUES (11846972,'5','OGAZ','VARAS','MARCO','OVALLE Nº5798 V/ OHIGGINS',3,'27763209','27377830','31121959','22081983',253590,94,4,11649964);
INSERT INTO empleado VALUES (14283083,'6','MONDACA','COLLAO','AUGUSTO','NUEVA COLON Nº1152',4,'27357104','25376873','01101989','23082011',1144245,95,2,11649964);
INSERT INTO empleado VALUES (14541837,'7','ALVAREZ','RIVERA','MARCO','HONDURAS B/8908 D/102 L.BRISAS',1,'22875902','25292497','02011977','24081994',1541418,97,3,12113369);
INSERT INTO empleado VALUES (12482036,'8','OLAVE','CASTILLO','ADRIAN','ELISA CORREA 188',2,'22888897','28441077','03011956','25081984',1068086,98,3,12113369);
INSERT INTO empleado VALUES (12468081,'9','SANCHEZ','GONZALEZ','PAOLA','AV.OSSA 01240 V/MI VIÑITA',3,'25273328','25581593','04101987','26082010',1330355,99,3,12113369);
INSERT INTO empleado VALUES (12260812,'0','RIOS','ZUÑIGA','RAFAEL','LOS CASTAÑOS 1427 VILLA C.C.U.',4,'26410462','28501857','05111991','27082011',367056,106,4,11649964);
INSERT INTO empleado VALUES (12899759,'1','CACERES','JIMENEZ','ERIKA','PJE.NAVARINO 15758 V/P.DE OÑA',1,'28593881','22650316','06011974','28081992',2281415,107,3,12456905);
INSERT INTO empleado VALUES (12868553,'2','CHACON','AMAYA','PATRICIA','LO ERRAZURIZ 530 V/EL SENDERO',2,'25577963',NULL,'07111985','29082004',1723055,108,3,12456905);
INSERT INTO empleado VALUES (12648200,'3','NARVAEZ','MUÑOZ','LUIS','AMBRIOSO OHIGGINS  2010',3,'27742268','25317272','08101993','30082012',1966613,80,3,12456905);
INSERT INTO empleado VALUES (11670042,'5','GONGORA','DEVIA','VALESKA','PASAJE VENUS 2765',1,'23244270','26224817','10011975','01091996',1635086,82,3,12113369);
INSERT INTO Empleado VALUES (12642309,'K','NAVARRO','SANTIBAÑEZ','JUAN','SANTA ELENA 300 V/LOS ALAMOS',2,'27441530','25342599','11101986','02092009',1659230,83,3,12456905);
INSERT INTO empleado VALUES (18560875,'5','BARRERA','ONETO','MARIA','CARRERA 520',1,'23247042','26817224','10012000','0109' || TO_CHAR(SYSDATE,'YYYY'),420000,82,4,12113369);
INSERT INTO Empleado VALUES (17963421,'K','RIVAS','MORENO','JUAN','SANTA MARIA 520 V/LOS ALERCES',2,'21530744','22599534','11101998','0209' || TO_CHAR(SYSDATE,'YYYY'),480000,83,3,12456905);


INSERT INTO cliente VALUES (10639521,'0','UVAL','RIQUELME','MIGUEL','SAN PABLO 7545 B/2 DPTO. 12',5,'26439756','52710253',1300000);
INSERT INTO cliente VALUES (13074837,'1','AMENGUAL','SALDIAS','CESAR','PJE.CODORNICES 1550 V/EL RODEO','1','22168405','55212406',1400000);
INSERT INTO cliente VALUES (12251882,'2','MORICE','DONOSO','CLAUDIO','CHACALLUTA 9519','2','22814948','77413705',1200000);
INSERT INTO cliente VALUES (10238830,'3','SOTO','ARMAZAN','JUAN','LOS MORELOS 803',5,'25237022','92853737',1200000);
INSERT INTO cliente VALUES (12777063,'4','VILLENA','CAVERO','PABLO','NAVIDAD 1345 SEC.LA PALMILLA',3,'26234565','27497042',600000);
INSERT INTO cliente VALUES (12467572,'5','RIQUELME','BRIGNARDELLO','MIGUEL','AMERICO VESPUCIO 1505 V/MEXICO',5,'25381416','52794874',500000);
INSERT INTO cliente VALUES (12866487,'6','STOLLER','VARGAS','LORENA','PASCUAL BABURIZZA 655','1','22773144','85450443',1250000);
INSERT INTO cliente VALUES (13463138,'7','BRAVO','HENRIQUEZ','PABLO','FLACO MARIN #107 V/ C. NORTE','2','27766349','55341874',1380000);
INSERT INTO cliente VALUES (11657132,'8','ACUÑA','BARRERA','RONNY','OBS.ASTRONOMICO UC PAR.METROP.',5,'27370770','62737281',1420000);
INSERT INTO cliente VALUES (12487147,'9','MARIN','ARAVENA','JUAN','LAS PALMAS 134 V/CALIFORNIA','1','27780321','97773749',560000);
INSERT INTO cliente VALUES (12817700,'K','VARGAS','GARAY','CLAUDIA','PJE.BELEN Nº8 P/GERALDINE','2','2425678','88122441',1400000);
INSERT INTO cliente VALUES (9499044,'5','ROJAS','ACHA','CLAUDIO','DR LUIS BISQUERT 2924 DPTO. 4',5,'22380333','25262465',1300000);
INSERT INTO cliente VALUES (11996940,'6','ORELLANA','SAAVEDRA','JUAN','SANTA MARTA 9415 P/STA. TERESA','1','56434256','25421693',1200000);
INSERT INTO cliente VALUES (14558221,'7','PASTEN','JORQUERA','ALAN','BALMACEDA Nº15','2','28421196','62278556',1180000);
INSERT INTO cliente VALUES (12459100,'8','POBLETE','FUENTES','SERGIO','TINGUIRIRICA 3553 V/FORESTA',3,'27464857','75631102',1340000);
INSERT INTO cliente VALUES (8716085,'9','HORMAZABAL','SAGREDO','HUGO','DORSAL 5912 V/MANUEL RODRIGUEZ','1','27789260','76432652',1260000);
INSERT INTO cliente VALUES (12503185,'0','SILVA','GONZALEZ','PAUL','CALLE HOLANDA 073 V/PORVENIR','2','28509240','67416145',1300000);
INSERT INTO cliente VALUES (10586995,'1','MUÑOZ','FERNANDEZ','JOSE','AV.LAS TORRES 152',4,'26434104',NULL,1200000);
INSERT INTO cliente VALUES (11949670,'2','CONTRERAS','MIRANDA','CLAUDIO','VISTA HERMOSA 2126 P/H.ALTO',5,'28310255','65582082',500000);
INSERT INTO cliente VALUES (9771046,'3','ZAMORANO','ELIZONDO','LUIS','ALAMEDA 301','1','26332876','52811129',1320000);
INSERT INTO cliente VALUES (12095272,'4','ROJAS','RODRIGUEZ','DAMASO','URMENETA 1124 D.302','2','26210614',NULL,1160000);
INSERT INTO cliente VALUES (14632410,'5','VILLANUEVA','YEPES','MONICA','GASPAR DE LA BARRERA 2815',4,'26830779','56832705',1240000);
INSERT INTO cliente VALUES (15353262,'K','BARRIOS','HIDALGO','LUIS','BALMACEDA 966',5,'28213310','96255762',1260000);
INSERT INTO cliente VALUES (4604866,'0','AGUIRRE','MUñOZ','LUIS','VICHUQUEN 1462','1','26238494',NULL,1300000);
INSERT INTO cliente VALUES (14148957,'1','MARTIN','DONOSO','JUAN','PJE. LOS FLORENTINOS 1804','2','25428017','82936654',1400000);
INSERT INTO cliente VALUES (12831482,'2','ORELLANA','GARRIDO','PATRICIO','LOS GUAITECAS 1751',5,'28572849','76442200',1200000);
INSERT INTO cliente VALUES (12186256,'3','FUENTES','MORENO','MANUEL','HANOI 7474','1','26493855','55311880',1200000);
INSERT INTO cliente VALUES (11976208,'4','OPAZO','AGUILERA','MARIA','LOS TILOS 8924 P/LUIS BELTRAN','2','26442611','65351928',1600000);
INSERT INTO cliente VALUES (12998853,'5','TRINKE','TRINKE','CRISTIAN','MANCO CAPAC 1756',3,'27461014','67765258',500000);
INSERT INTO cliente VALUES (12947165,'6','HISI','DIAZ','ROSA','ICARO 3580 V/SANTA INES',5,'27360251','52893123',1250000);
INSERT INTO cliente VALUES (13043565,'7','AGUILERA','ROMAN','WILLIBALDO','ANDES 4717','1','27748105','55285702',1380000);
INSERT INTO cliente VALUES (13072743,'8','ORELLANA','SERQUEIRA','JAIME','AV. 5 DE ABRIL 5693 A DPTO. 42','2','27417338','8491680',1420000);
INSERT INTO cliente VALUES (16960649,'9','RIQUELME','CHAVEZ','ROCIO','BALMACEDA 1070',4,'28598452','92871989',560000);
INSERT INTO cliente VALUES (12468646,'K','ALVAREZ','MUÑOZ','MANUEL','EDUARDO MATTE 2180','2','25557973','95292190',1400000);
INSERT INTO cliente VALUES (12656375,'5','SALDIAS','ROJAS','DAVID','LOS TURISTAS 0735 P/EL SALTO',4,'26224280',NULL,1300000);
INSERT INTO cliente VALUES (11635470,'6','RAMIREZ','GUTIERREZ','JOEL','SIERRA BELLA 1687',5,'25225838',NULL,1200000);
INSERT INTO cliente VALUES (14415848,'7','MACHUCA','ADONIS','MIGUEL','LOS JAZMINES 1537 DPTO. 41 V.O','1','22383938','58152298',1180000);
INSERT INTO cliente VALUES (12241168,'8','RAMIREZ','GUTIERREZ','RODRIGO','GUIDO RENNI 4225','2','25225838','85286676',1340000);
INSERT INTO cliente VALUES (9798044,'9','MALTRAIN','CORTES','JUAN','ENZO PINZA 3330',5,'25554298','95577263',1260000);
INSERT INTO cliente VALUES (12832359,'0','SALAS','TORO','CARLOS','PJE.LLEUQUE 0861 V/EL PERAL 3','1','22959031','77764463',1300000);
INSERT INTO cliente VALUES (12302426,'1','ALVARADO','ARAUNA','ALEX','PJE.CHONCHI 6678 V/LOS TRONCOS','2','25230195','67783253',1200000);
INSERT INTO cliente VALUES (12859931,'2','CESPEDES','LANDEROS','CRISTIAN','BAUTISTA IBARRAL 277',4,'27765868','65296851',1500000);
INSERT INTO cliente VALUES (12467533,'3','HERNANDEZ','DIAZ','JUAN','VARGAS SALCEDO 1541',5,'25332923','55417672',320000);
INSERT INTO cliente VALUES (12470801,'4','SANCHEZ','RIVERA','JACQUELINE','LUIS INFANTE CERDA 5315','1','27412764','26399737',1160000);
INSERT INTO cliente VALUES (13035746,'5','LARA','LECAROS','DANIEL','FRANCISCO ESCALONA 3790',5,'26210890','68111801',1240000);
INSERT INTO cliente VALUES (12866998,'K','AVILA','RETAMALES','CRISTIAN','TURMALINA 1495 V/LA SALUD','1','25457317','78172323',1260000);
INSERT INTO cliente VALUES (11872936,'0','VIDAL','OSSES','LUIS','C.NUEVA IMPERIAL 1045 B/1 DEPTO. 25','2','25293595','88111254',1300000);
INSERT INTO cliente VALUES (14526736,'1','VALENZUELA','MONTOYA','ROSA','GENARO PRIETO 910 P/EL TRANQUE',5,'28503179','96469095',1400000);
INSERT INTO cliente VALUES (9964101,'2','MENESES','RUBIO','CARLOS','SANTA MARTA 0713','1','25293285','26438047',1200000);
INSERT INTO cliente VALUES (12495120,'3','RUIZ','BRIONES','CRISTIAN','PJE. FREIRINA 3630','2','23243232','85289043',1200000);
INSERT INTO cliente VALUES (13050707,'4','VALLE','CASTRIZELO','FREDY','PALERMO P/LA RAZON 2023',3,'27378107','98725363',600000);
INSERT INTO cliente VALUES (12415220,'5','CASTRO','TOBAR','ALEJANDRA','RODR. DE ARAYA 4651B B/11 DEPTO. 42',5,'22763621','68546237',500000);
INSERT INTO cliente VALUES (12459400,'6','PICHIHUINCA','JORQUERA','RAFAEL','INGENIERO GIROZ 6035','1','27783484','72940059',1250000);
INSERT INTO cliente VALUES (12649413,'7','MANZANO','QUINTANILLA','JESSICA','PJE. LAMPA 1391 V/LOS MINERALE','2','26259699','66213729',1380000);
INSERT INTO cliente VALUES (12610458,'8','BARTLAU','VARGAS','MACARENA','MARIA VIAL 8028',4,'25273848',NULL,1420000);
INSERT INTO cliente VALUES (12364085,'9','ARAYA','CAMUS','FREDDY','CARRERA 027',5,'28461589','62514074',560000);
INSERT INTO cliente VALUES (12460769,'K','DAZA','GUERRERO','ERIC','HERRERA 618','1','26813742','56215369',400000);
INSERT INTO cliente VALUES (13072796,'5','MEDINA','CAMUS','WANDA','ICTINOS 1162 VILLA PEDRO LAGOS','2','22797176','95586941',1300000);
INSERT INTO cliente VALUES (12649650,'6','CUADRA','DISSI','DIEGO','PJE.OLGA DONOSO 4047 P/E.GONEL',4,'26251788',NULL,1200000);
INSERT INTO cliente VALUES (13078214,'7','CONCHA','MONTECINOS','KATHERINE','AV. GRECIA 5055 BL/2 DPTO. 22',5,'22724039',NULL,1180000);
INSERT INTO cliente VALUES (12189232,'8','DELGADO','GALLEGOS','XIMENA','LUXEMBURGO Nº9609','1','22202264',NULL,1340000);
INSERT INTO cliente VALUES (8533901,'9','QUEZADA','VILLENA','CRISTIAN','P. LOS INCAS 1734 V/OLIMPO II','2','25321876','27344236',1260000);
INSERT INTO cliente VALUES (12871924,'0','VENEGAS','TORRES','JESSICA','GARCIA REYES Nº55C',5,'26817651','95596474',1300000);
INSERT INTO cliente VALUES (13072368,'1','JORQUERA','VERA','ALEX','SENDA 12 B/1157 DEPTO. A V/C.18 NOR','1','22424598',NULL,1200000);
INSERT INTO cliente VALUES (11226732,'2','CAVANELA','ORTEGA','JUAN','PJE BATUCO #9457 V/OHIGGINS','2','22816328','88582729',500000);
INSERT INTO cliente VALUES (11695597,'3','BASOALTO','ARANGUIZ','JUAN','SANTA FILOMENA DE NOS',4,'28575175','72850346',1320000);
INSERT INTO cliente VALUES (13082881,'4','FUENTES','FAUNDEZ','FELIPE','GUAYACAN # 063 V/FABERIO',5,'28510780','66228120',1160000);
INSERT INTO cliente VALUES (14319321,'5','SALVO','GUTIERREZ','PATRICIA','PJE # 1 Nº675 P/ANTUPILLAN','1','28587242','57787241',2240000);
Insert Into Cliente Values (10268208,'K','REYES','MORALES','LUIS','BUENOS AIRES #429','2','28586286','97417379',2260000);
INSERT INTO cliente VALUES (13050258,'0','SALAS','CORNEJO','CARLOS','VALLE DEL SOL Nº4028',3,'87418813','25287698',2300000);
INSERT INTO cliente VALUES (13057574,'1','CORNEJO','GONZALEZ','ALEJANDRO','CIENCIAS #8442 P/BIAUT',5,'25586841','72950789',1400000);
INSERT INTO cliente VALUES (13264443,'2','SAN','GARCIA','MARTIN','ALAMEDA #4272 DPTO. 104','2','27783600','62895758',2200000);
INSERT INTO cliente VALUES (12861354,'3','CADIZ','SANDOVAL','FERNANDO','CALLE LUGO 4671 P.10 PAJARITO',4,'27445878','58214142',800000);
INSERT INTO cliente VALUES (12959989,'4','JEREZ','CHACON','PAMELA','INES DE SUARES 220',5,'209388532','57813075',600000);
INSERT INTO cliente VALUES (12721101,'5','JORQUERA','SANCHEZ','LEONEL','ALMIRANTE RIVEROS #9653','1','25580425','67813075',500000);
INSERT INTO cliente VALUES (10711069,'6','CISTERNAS','SAAVEDRA','VICTOR','LAGO GRIS 4673 V/EL ALBA','2','26983708','67813075',1250000);
INSERT INTO cliente VALUES (12871979,'7','RODRIGUEZ','LEMUS','PAOLA','JOAQUIN EDWARDS BELLO #10529',4,'25410073','65428513',3180000);
INSERT INTO cliente VALUES (10320840,'8','DURAN','REBOLLEDO','JAIME','AV.3 PONIENTE 1548 V/VIENA',5,'25327648','77446858',1420000);
INSERT INTO cliente VALUES (13034352,'9','MUñOZ','ASCORRA','CLAUDIA','LOS ÑANDUES #509 V/PAJARITOS','1','22570673',NULL,1560000);
INSERT INTO cliente VALUES (10539484,'K','OSORIO','MELLA','JUAN','LO SALINAS 1695','2','28213010','92796904',1400000);
INSERT INTO cliente VALUES (12000035,'5','ROJAS','ROJAS','MARIO','AV.I.CARRERA PINTO 1041',4,'98112545',NULL,1300000);
INSERT INTO cliente VALUES (7108724,'6','QUILODRAN','GARCIA','MARIA','PJE.VARSOVIA 1439 V/ESQUINA B.',5,'25382800','25317903',1200000);
INSERT INTO cliente VALUES (13083936,'7','QUINTANA','MARDONES','RUTH','PASAJE LA RAIZ Nº10591','1','22876325','95281124',1180000);
INSERT INTO cliente VALUES (12158268,'8','ERICES','MOLINA','ELIGIO','PJE.COLORADO 5528 DEPTO. 302','2','25230176','85283675',3140000);
INSERT INTO cliente VALUES (12946000,'9','CASTILLO','VALENCIA','PAULA','LAS AMAPOLAS 1931 P/PEDRO MONT',5,'26833380','82886471',2160000);
INSERT INTO cliente VALUES (13085998,'0','SUAZO','RIQUELME','OSCAR','PJE.PAULINA 1678 V/BLANCA','1','25111798','68153576',3100000);
INSERT INTO cliente VALUES (13032090,'1','GONZALEZ','JOFRE','JUAN','PJE.LOS TILOS 8926 P/L.BELTRAN','2','26446917','55212127',1200000);
INSERT INTO cliente VALUES (10293552,'2','FRITIS','CHAMBLAS','JOSE','PEDRO AGUIRRE CERDA 5962',4,'26252858','55212127',1500000);
INSERT INTO cliente VALUES (12960006,'3','MARILLANCA','CARVAJAL','ANTONIO','SITIO 37B PINTUE LAGUNA ACULEO',5,'28249080','62562637',1320000);
INSERT INTO cliente VALUES (10776845,'4','NAVARRO','VELASQUEZ','HECTOR','PJE. CAPRI 909 B/5 DEPTO. 103','1','25577804','56813593',1160000);
INSERT INTO cliente VALUES (12407575,'5','GONZALEZ','LILLO','MARCELA','RODRIGO DE ARAYA 4871 DEPTO. 14','2','22762321','56812350',1240000);
INSERT INTO cliente VALUES (14319236,'K','ARRIARAN','ROJAS','OSCAR','12 DE FEBRERO 850',4,'28580076','68500893',1260000);
INSERT INTO cliente VALUES (11339557,'0','BUSTOS','MARTINEZ','IVONNE','ALDUNATE 1932',5,'25540604','57762111',560000);
INSERT INTO cliente VALUES (11749379,'1','MORALES','ZAMORANO','FABIOLA','EL QUETZAL 675','1','66431810',NULL,1400000);
INSERT INTO cliente VALUES (12270989,'2','RAMIREZ','CARDENAS','MAURICIO','CALLE LOS NOGALES 9583','2','25271068',NULL,1300000);
INSERT INTO cliente VALUES (14254526,'3','MARTINEZ','RODRIGUEZ','ERIC','PJE.LAGO RAPEL 1297 V/SENDERO',4,'22919311',NULL,1200000);
INSERT INTO cliente VALUES (12820018,'4','ACEVEDO','SANDOVAL','ALEXANDER','LAS CODORNICES 2963-H DPTO. 21',5,'22836901','92894026',1180000);
INSERT INTO cliente VALUES (12468736,'5','GONZALEZ','MUÑOZ','OSVALDO','MARIA LUISA BOMBAL 384','1','27414835','95412144',1340000);
INSERT INTO cliente VALUES (13088742,'6','CID','PADILLA','CAROLINA','AV.FRATERNAL 3910','2','25225759','88721366',1260000);
INSERT INTO cliente VALUES (13455413,'7','JIMENEZ','PINILLA','CRISTIAN','RICARDO CUMMING 1346 CASA 13',3,'86966329',NULL,1300000);
INSERT INTO cliente VALUES (12685035,'8','PEREZ','PINTO','NELSON','EL CARMEN 10364 V/STA.MARIA',5,'22825520','86229671',1200000);
INSERT INTO cliente VALUES (11514737,'9','MORENO','GONZALEZ','CLAUDIA','GRACIOSA 7815 CERRO NAVIA','1','26491988',NULL,1500000);
INSERT INTO cliente VALUES (13072851,'K','SUAREZ','GONZALEZ','KARINA','PAUL HARRIS 901','2','22012371',NULL,3120000);
INSERT INTO cliente VALUES (11540908,'5','BARRERA','RIOS','LUISA','PASAJE 36 Nº4789 V/EYZAGUIRRE',4,'22097186',NULL,760000);
INSERT INTO cliente VALUES (13269751,'6','VALLE','DIAZ','ALEXIS','CUATRO REMOS 580 V/ANT. VARAS',5,'27782342','57788381',1240000);
INSERT INTO cliente VALUES (12684459,'7','CARVAJAL','REYES','PABLO','VICTORIA 615','2','25558281','67415270',1260000);
INSERT INTO cliente VALUES (9969366,'8','FUENTES','CORTES','LUIS','IGNACIO CARRERA PINTO 6013',4,'26232094','57719055',600000);
INSERT INTO cliente VALUES (10917199,'9','ACUÑA','OLIVARES','ELIZABETH','CERRO HUEMUL 1052',5,'57736141',NULL,1500000);
INSERT INTO cliente VALUES (13098962,'0','SANTA','DIAZ','MARIA','AV.KENNEDY B/16 DEPTO. 31 P/MANSO','1','2253899','76814737',1250000);
Insert Into Cliente Values (12672729,'1','BARRAZA','LOBOS','EDUARDO','TRICAO 460 P/ EUGENIPO MATTE','2','28512060','77735367',1380000);
INSERT INTO cliente VALUES (13041711,'2','ITURRIETA','GONZALEZ','PABLO','AV. TRANSITO 5291',3,'27753384','67356222',795000);


INSERT INTO propietario VALUES(12491094,'3','SAAVEDRA','VILLALOBOS','SERGIO','VIA 7 Nº1000 B/3 D/7',5,'22398244',NULL,82);
INSERT INTO propietario VALUES(12651346,'4','MUÑOZ','PEREZ','CLAUDIA','SANTA ISABEL 463','1','26359178','27412904',83);
INSERT INTO propietario VALUES(12116380,'5','BARAHONA','ORELLANA','JOSE','NTRA. SRA. SANTA GENOVEVA 9508','2','22871051',NULL,82);
INSERT INTO propietario VALUES(13024901,'K','VALENCIA','URBINA','SERGIO','MARIA ELENA 1857 V/LOS NAVIOS',3,'25417284','26211095',85);
INSERT INTO propietario VALUES(12885975,'0','BARRIOS','MUÑOZ','BARBARA','PASAJE PUCON 5940',5,'22215104','26710430',82);
INSERT INTO propietario VALUES(13041308,'1','PARDO','ESPINOSA','RICHARD','PJE.PIRAMIDE 1477 P/BOROA','1','26811939','27740990',87);
INSERT INTO propietario VALUES(11947288,'2','QUEZADA','GOMEZ','MARIO','LAS MALVAS 10470 V/PENSAMIENTO','2','25415191','25410480',88);
INSERT INTO propietario VALUES(12783347,'3','CUBILLOS','FERRADA','JORGE','LAGO RUPANCO 1556 P/LANALHUE',4,'22930493','25377732',89);
INSERT INTO propietario VALUES(13195197,'4','GUERRERO','ROMO','MAURICIO','BROCKMAN 1326 VILLA ITALIA',5,'2232366','28113377',92);
INSERT INTO propietario VALUES(12676073,'5','PIZARRO','TORO','JAIME','FCO.BILBAO 1826 P/SAN RAFAEL','1','25426807',NULL,94);
INSERT INTO propietario VALUES(13471056,'6','MIRANDA','VALENZUELA','PRISCILLA','AV. COLECTOR 4866 P/SANTIAGO','2','27796916','27790195',95);
INSERT INTO propietario VALUES(12064147,'7','ROBLES','VIDAL','LUIS','SEGUNDA TRANSVERSAL PJ.2 C/996',3,'25573796','25268570',87);
INSERT INTO propietario VALUES(14149786,'8','ROBLES','CAMIRUAGA','AQUILES','DIAGONAL PARAGUAY 360 DPTO 116',5,'22227933','25325139',87);
INSERT INTO propietario VALUES(13071695,'9','LOSADA','MALDONADO','LEONARDO','OCTAVA AV.PJE.JOSE READY 6256','1','25222006','25311153',80);
INSERT INTO propietario VALUES(12870395,'K','HERNANDEZ','VALLADARES','JONATHA','PJE.RENE OLIVARES 1294','2','25389883','26413331',106);
INSERT INTO propietario VALUES(14412994,'5','ALARCON','QUIROGA','JOHN','CALLE 1 C/4452 P/SANTIAGO',3,'27789352','25261372',107);
INSERT INTO propietario VALUES(12878526,'6','RIQUELME','CORREA','JOHN','MOISES RIOS Nº1065',5,'27375662','25261372',108);



INSERT INTO propiedad VALUES (1001,'01/05/2000','Serrano 275',180,6,2,1250000,NULL,'A',80,12491094,12811094);
INSERT INTO propiedad VALUES (1002,'15/12/2011','Luis Matte 1477',81,4,1,240000,40000,'C',81,12491094,12113369);
INSERT INTO propiedad VALUES (1003,'01/03/2016','Vicuña Mackenna 945',62,4,2,350000,70000,'A',82,12651346,12456905);
INSERT INTO propiedad VALUES (1004,'02/08/2009','Celerino Pereira 1567',73,3,1,375000,40000,'B',83,12116380,12466553);
INSERT INTO propiedad VALUES (1005,'02/01/2008','Vicuña Mackena 285',62,3,2,600000,50000,'C',84,12885975,11745244);
INSERT INTO propiedad VALUES (1006,'04/02/2015','Pardo 1288',51,NULL,NULL,145000,30000,'E',85,12885975,12811094);
INSERT INTO propiedad VALUES (1007,'01/12/2009','Pje. Patria Vieja 7272',52,2,2,165000,NULL,'A',81,13041308,12888868);
INSERT INTO propiedad VALUES (1008,'01/02/2010','Jose Maria Caro 2551',52,2,1,220000,25000,'D',82,11947288,12811094);
INSERT INTO propiedad VALUES (1009,'12/08/2009','Galvarino 627',73,3,2,300000,NULL,'A',83,12783347,12811094);
INSERT INTO propiedad VALUES (1010,'01/08/2009','Pje. Piave 1439',72,3,1,450000,60000,'B',82,13195197,11630572);
INSERT INTO propiedad VALUES (1011,'01/02/2015','Las Carretas 2089',800,4,2,700000,35000,'G',122,12676073,11649964);
INSERT INTO propiedad VALUES (1012,'15/03/'||TO_CHAR(SYSDATE,'YYYY'),'Donatello 7421 D. 107',62,3,1,320000,46000,'B',82,12676073,12113369);
INSERT INTO propiedad VALUES (1013,'02/03/'||TO_CHAR(SYSDATE,'YYYY'),'Totoralillo 1514',63,NULL,NULL,175000,NULL,'E',81,13471056,12456905);
INSERT INTO propiedad VALUES (1014,'20/05/'||TO_CHAR(SYSDATE,'YYYY'),'Tres Oriente Nº6543',62,3,1,260000,NULL,'A',80,12064147,12466553);
INSERT INTO propiedad VALUES (1015,'16/05/'||TO_CHAR(SYSDATE,'YYYY'),'Pablo Burchard 566 Depto. 1002',41,2,2,280000,35000,'C',82,14149786,11745244);
INSERT INTO propiedad VALUES (1016,'01/02/2010','Pje. Caboz 2 Pedro Nuñez 5879',45,2,1,160000,25000,'D',83,13071695,11630572);
INSERT INTO propiedad VALUES (1017,'01/12/2012','Domeyko 2109',62,3,2,600000,90000,'C',84,12870395,12466553);
INSERT INTO propiedad VALUES (1018,'05/01/2009','Abdon Cifuentes 61',3500,3,1,1700000,120000,'G',126,12870395,12466553);
INSERT INTO propiedad VALUES (1019,'03/02/2010','Club Hipico 473 Depto. 706',66,3,2,320000,NULL,'A',86,12870395,12456905);
INSERT INTO propiedad VALUES (1020,'01/05/2012','San Pablo 6828 Depto. 201 BlocK. 5',74,3,1,342000,49000,'C',87,13071695,11745244);
INSERT INTO propiedad VALUES (1021,'03/03/2010','Sevilla N°1782',52,2,2,250000,50000,'D',81,14412994,11745244);
INSERT INTO propiedad VALUES (1022,'15/05/2012','Emiliano Figueroa 9221',53,2,1,820000,160000,'B',82,14412994,12888868);
INSERT INTO propiedad VALUES (1023,'28/05/2014','Las Acacias S/N',78,4,1,800000,NULL,'A',82,12878526,11649964);
INSERT INTO propiedad VALUES (1024,'01/05/2014','Los Duraznos 89',70,3,1,750000,NULL,'B',82,12878526,11649964);
INSERT INTO propiedad VALUES (1025,'09/03/2013','Totoral S/N',66,NULL,NULL,1300000,40000,'F',123,12878526,11630572);
Insert Into Propiedad Values (1026,'01/03/2010','Bandera 458',34,NULL,2,300000,Null,'E',82,12878526,11630572);
INSERT INTO propiedad VALUES (1027,'16/03/'||TO_CHAR(SYSDATE,'YYYY'),'Avenida Ambrosio O' || '''' || 'Higgins 1305',100,NULL,NULL,145000,30000,'H',118,12885975,12811094);
INSERT INTO propiedad VALUES (1028,'16/03/'||TO_CHAR(SYSDATE,'YYYY'),'Avenida San Juan 1105',100,3,3,580000,30000,'H',118,12885975,12811094);


INSERT INTO propiedad_arrendada VALUES (1001,'11082000','31032005',12871924);
INSERT INTO propiedad_arrendada VALUES (1001,'09082005','2802' || TO_CHAR(SYSDATE,'YYYY'),12610458);
INSERT INTO propiedad_arrendada VALUES (1001,'0205' || TO_CHAR(SYSDATE,'YYYY'),NULL,14526736);
INSERT INTO propiedad_arrendada VALUES (1002,'01022012',TO_DATE('2812' || TO_CHAR(SYSDATE,'YYYY')-1),12871924);
INSERT INTO propiedad_arrendada VALUES (1002,'0102' || TO_CHAR(SYSDATE,'YYYY'),NULL,13057574);
INSERT INTO propiedad_arrendada VALUES (1003,'05072016',NULL,12467533);
INSERT INTO propiedad_arrendada VALUES (1004,'09092009','24032015',12610458);
INSERT INTO propiedad_arrendada VALUES (1004,'29092015',NULL,12241168);
INSERT INTO propiedad_arrendada VALUES (1005,'02032008','0203' || TO_CHAR(SYSDATE,'YYYY'),12186256);
INSERT INTO propiedad_arrendada VALUES (1005,'0104' || TO_CHAR(SYSDATE,'YYYY'),NULL,15353262);
INSERT INTO propiedad_arrendada VALUES (1006,'04052015',NULL,13050707);
INSERT INTO propiedad_arrendada VALUES (1007,'03042010','03042015',13074837);
INSERT INTO propiedad_arrendada VALUES (1007,'01112015',NULL,12251882);
INSERT INTO propiedad_arrendada VALUES (1008,'03062010','31122014',12777063);
INSERT INTO propiedad_arrendada VALUES (1008,'01082014',NULL,12467572);
INSERT INTO propiedad_arrendada VALUES (1009,'01032010',NULL,13463138);
INSERT INTO propiedad_arrendada VALUES (1010,'01022010','31032014',10917199);
INSERT INTO propiedad_arrendada VALUES (1010,'01092014',TO_DATE('3101' || TO_CHAR(SYSDATE,'YYYY')-1),11540908);
INSERT INTO propiedad_arrendada VALUES (1010,'0105' || TO_CHAR(SYSDATE,'YYYY'),NULL,11657132);
INSERT INTO propiedad_arrendada VALUES (1011,'01102015',NULL,12487147);
INSERT INTO propiedad_arrendada VALUES (1016,'01102010','31082015',12817700);
INSERT INTO propiedad_arrendada VALUES (1016,'01022016',NULL,11996940);
INSERT INTO propiedad_arrendada VALUES (1017,'01052012',NULL,14558221);
INSERT INTO propiedad_arrendada VALUES (1018,'05052009','31122012',12459100);
INSERT INTO propiedad_arrendada VALUES (1018,'01062013',NULL,12503185);
INSERT INTO propiedad_arrendada VALUES (1019,'03042010','31082016',10586995);
INSERT INTO propiedad_arrendada VALUES (1020,'01062012',TO_DATE('3011' || TO_CHAR(SYSDATE,'YYYY')-1),10586995);
INSERT INTO propiedad_arrendada VALUES (1020,'0105' || TO_CHAR(SYSDATE,'YYYY'),NULL,12095272);
INSERT INTO propiedad_arrendada VALUES (1021,'03052010','3103' || TO_CHAR(SYSDATE,'YYYY'),15353262);
INSERT INTO propiedad_arrendada VALUES (1022,'01062012','31122014',14632410);
INSERT INTO propiedad_arrendada VALUES (1022,'01062015',TO_DATE('3011' || TO_CHAR(SYSDATE,'YYYY')-1),14148957);
INSERT INTO propiedad_arrendada VALUES (1022,'0103'|| TO_CHAR(SYSDATE,'YYYY'),NULL,4604866);
INSERT INTO propiedad_arrendada VALUES (1023,'07072014',NULL,16960649);
INSERT INTO propiedad_arrendada VALUES (1024,'01072014',NULL,14148957);
INSERT INTO propiedad_arrendada VALUES (1025,'09092013','3008' || TO_CHAR(SYSDATE,'YYYY'),11635470);
INSERT INTO propiedad_arrendada VALUES (1025,'0110'|| TO_CHAR(SYSDATE,'YYYY'),NULL,9798044);
INSERT INTO propiedad_arrendada Values (1026,'01092010','31082017',13035746);
INSERT INTO propiedad_arrendada Values (1026,'01102017','3112' || TO_CHAR(TO_CHAR(SYSDATE,'YYYY')-1),11635470);
COMMIT;