DROP SEQUENCE SEQ_CREDITO;
DROP SEQUENCE SEQ_REGION;
DROP SEQUENCE SEQ_SUCURSAL;
DROP SEQUENCE SEQ_PROFESION_OFICIO;
DROP SEQUENCE SEQ_TIPO_MOVIMIENTO;

DROP TABLE CREDITO CASCADE CONSTRAINTS;
DROP TABLE TIPO_CONTRATO CASCADE CONSTRAINTS;
DROP TABLE REGION CASCADE CONSTRAINTS;
DROP TABLE PROVINCIA CASCADE CONSTRAINTS;
DROP TABLE COMUNA CASCADE CONSTRAINTS;
DROP TABLE PROFESION_OFICIO CASCADE CONSTRAINTS;
DROP TABLE CLIENTE CASCADE CONSTRAINTS;
DROP TABLE PRODUCTO_INVERSION_CLIENTE CASCADE CONSTRAINTS;
DROP TABLE TIPO_MOVIMIENTO CASCADE CONSTRAINTS;
DROP TABLE MOVIMIENTO CASCADE CONSTRAINTS;
DROP TABLE CREDITO_CLIENTE CASCADE CONSTRAINTS;
DROP TABLE FORMA_PAGO CASCADE CONSTRAINTS;
DROP TABLE CUOTA_CREDITO_CLIENTE CASCADE CONSTRAINTS;
DROP TABLE SUCURSAL CASCADE CONSTRAINTS;
DROP TABLE APORTE_A_SBIF CASCADE CONSTRAINTS;
DROP TABLE PRODUCTO_INVERSION CASCADE CONSTRAINTS;

CREATE SEQUENCE SEQ_CREDITO
START WITH 1
INCREMENT BY 1;

CREATE SEQUENCE SEQ_REGION
START WITH 1
INCREMENT BY 1;

CREATE SEQUENCE SEQ_SUCURSAL
START WITH 100
INCREMENT BY 10;

CREATE SEQUENCE SEQ_PROFESION_OFICIO
START WITH 1
INCREMENT BY 1;

CREATE SEQUENCE SEQ_TIPO_MOVIMIENTO
START WITH 1
INCREMENT BY 1;


CREATE TABLE APORTE_A_SBIF
(id_rango NUMBER(1) GENERATED  ALWAYS AS IDENTITY MINVALUE 1 
MAXVALUE 9 INCREMENT BY 1 START WITH 1 NOT NULL ENABLE,
monto_credito_desde NUMBER(10) NOT NULL,
monto_credito_hasta NUMBER(10) NOT NULL,
porc_entrega_sbif NUMBER(1) NOT NULL,
CONSTRAINT PK_APORTE_A_SIBF PRIMARY KEY(id_rango));

CREATE TABLE PRODUCTO_INVERSION
(cod_prod_inv  NUMBER(3) GENERATED  ALWAYS AS IDENTITY MINVALUE 10 
MAXVALUE 999 INCREMENT BY 5 START WITH 10 NOT NULL ENABLE,
 nombre_prod_inv VARCHAR2(50) NOT NULL,
 meses_minimo_ahorro NUMBER(2),
 porc_maximo_rescate NUMBER(3),
 CONSTRAINT PK_PRODUCTO_INVERSION PRIMARY KEY(cod_prod_inv));
 
CREATE TABLE CREDITO
(cod_credito  NUMBER(3) NOT NULL,
 nombre_credito VARCHAR2(50) NOT NULL,
 desc_credito VARCHAR2(400) NOT NULL,
 tasa_interes_anual NUMBER(4,2),
 nro_maximo_cuotas NUMBER(3),
 CONSTRAINT PK_PRODUCTO_CREDITO PRIMARY KEY(cod_credito)); 
 
 CREATE TABLE TIPO_CONTRATO
(cod_tipo_contrato NUMBER(3) GENERATED  ALWAYS AS IDENTITY MINVALUE 1 
MAXVALUE 999 INCREMENT BY 1 START WITH 1 NOT NULL ENABLE,
 nombre_tipo_contrato VARCHAR2(30) NOT NULL,
 promedio_renta VARCHAR2(40) NOT NULL,
 CONSTRAINT PK_TIPO_CONTRATO PRIMARY KEY(cod_tipo_contrato));  

 CREATE TABLE REGION
(cod_region  NUMBER(3) NOT NULL,
 nombre_region VARCHAR2(50) NOT NULL,
 CONSTRAINT PK_REGION PRIMARY KEY(cod_region));  
 
 CREATE TABLE PROVINCIA
(cod_region  NUMBER(3) NOT NULL,
 cod_provincia NUMBER(3) NOT NULL,
 nombre_provincia VARCHAR2(50) NOT NULL,
 CONSTRAINT PK_PROVINCIA PRIMARY KEY(cod_region,cod_provincia),
 CONSTRAINT FK_PROVINCIA_REGION FOREIGN KEY(cod_region) REFERENCES REGION(cod_region)); 
 
 CREATE TABLE COMUNA
(cod_region  NUMBER(3) NOT NULL,
 cod_provincia NUMBER(3) NOT NULL,
 cod_comuna NUMBER(3) NOT NULL,
 nombre_comuna VARCHAR2(50) NOT NULL,
 CONSTRAINT PK_COMUNA PRIMARY KEY(cod_region,cod_provincia,cod_comuna),
 CONSTRAINT FK_COMUNA_PROVINCIA FOREIGN KEY(cod_region, cod_provincia) REFERENCES PROVINCIA(cod_region,cod_provincia)); 

CREATE TABLE SUCURSAL
(id_sucursal NUMBER(6) NOT NULL,
 direccion VARCHAR2(40) NOT NULL,
 telefono NUMBER(15) NOT NULL,
 cod_region  NUMBER(3) NOT NULL,
 cod_provincia NUMBER(3) NOT NULL,
 cod_comuna NUMBER(3) NOT NULL,
 CONSTRAINT PK_SUCURSAL PRIMARY KEY(id_sucursal),
 CONSTRAINT FK_SUCURSAL_COMUNA FOREIGN KEY(cod_region, cod_provincia, cod_comuna) REFERENCES COMUNA(cod_region,cod_provincia, cod_comuna));
 
 CREATE TABLE PROFESION_OFICIO
(cod_prof_ofic  NUMBER(3) NOT NULL,
 nombre_prof_ofic VARCHAR2(50) NOT NULL,
 CONSTRAINT PK_PROFESION_OFICIO PRIMARY KEY(cod_prof_ofic));  
 
CREATE TABLE TIPO_MOVIMIENTO
(cod_tipo_mov  NUMBER(3) NOT NULL,
 nombre_tipo_mov VARCHAR2(50) NOT NULL,
 CONSTRAINT PK_TIPO_MOVIMIENTO PRIMARY KEY(cod_tipo_mov));   
 
 CREATE TABLE FORMA_PAGO
(cod_forma_pago NUMBER(2) GENERATED  ALWAYS AS IDENTITY MINVALUE 1 
MAXVALUE 99
INCREMENT BY 1 START WITH 1 NOT NULL ENABLE,
 nombre_forma_pago VARCHAR2 (50) NOT NULL,
CONSTRAINT PK_FORMA_PAGO PRIMARY KEY (cod_forma_pago));
  
CREATE TABLE CLIENTE
(nro_cliente NUMBER(5) NOT NULL,
 numrun NUMBER(10) NOT NULL,
 dvrun VARCHAR2(1) NOT NULL,
 pnombre VARCHAR2(50) NOT NULL, 
 snombre VARCHAR2(50), 
 appaterno VARCHAR2(50) NOT NULL, 
 apmaterno VARCHAR2(50),
 fecha_nacimiento DATE NOT NULL,
 fecha_inscripcion DATE NOT NULL,
 correo VARCHAR2(20),
 fono_contacto NUMBER(10),
 direccion VARCHAR2(50) NOT NULL,
 cod_region  NUMBER(3) NOT NULL,
 cod_provincia NUMBER(3) NOT NULL,
 cod_comuna NUMBER(3) NOT NULL,
 cod_prof_ofic  NUMBER(3) NOT NULL,
 cod_tipo_contrato  NUMBER(3) NOT NULL,
 CONSTRAINT PK_CLIENTE PRIMARY KEY(nro_cliente),
 CONSTRAINT FK_CLIENTE_COMUNA FOREIGN KEY(cod_region, cod_provincia,cod_comuna) REFERENCES COMUNA(cod_region,cod_provincia,cod_comuna),
 CONSTRAINT FK_CLIENTE_PROFESION_OFICIO FOREIGN KEY(cod_prof_ofic) REFERENCES PROFESION_OFICIO(cod_prof_ofic),
 CONSTRAINT FK_CLIENTE_TIPO_CONTRATO FOREIGN KEY(cod_tipo_contrato) REFERENCES TIPO_CONTRATO(cod_tipo_contrato)); 


CREATE TABLE PRODUCTO_INVERSION_CLIENTE
(nro_solic_prod NUMBER(10) NOT NULL,
 nro_cliente NUMBER(5) NOT NULL,
 fecha_solic_prod DATE NOT NULL,
 ahorro_minimo_mensual NUMBER(10) NOT NULL,
 dia_pago_mensual NUMBER(2) NOT NULL,
 monto_total_ahorrado NUMBER(10) NOT NULL,
 cod_prod_inv NUMBER(3) NOT NULL,
CONSTRAINT PK_PRODUCTO_INVERSION_CLIENTE PRIMARY KEY(nro_solic_prod),
CONSTRAINT FK_PRODINVCLI_CLIENTE FOREIGN KEY(nro_cliente) REFERENCES CLIENTE(nro_cliente),
CONSTRAINT FK_PRODINVCLI_PRODINV FOREIGN KEY(cod_prod_inv) REFERENCES PRODUCTO_INVERSION(cod_prod_inv)); 

CREATE TABLE MOVIMIENTO 
(nro_movimiento NUMBER(5) NOT NULL,
 nro_solic_prod NUMBER(10) NOT NULL,
 nro_cliente NUMBER(5) NOT NULL,
 cod_prod_inv NUMBER(3) NOT NULL,
 fecha_movimiento DATE NOT NULL,
 monto_movimiento NUMBER(10) NOT NULL,
 cod_tipo_mov NUMBER(3) NOT NULL,
 CONSTRAINT PK_MOVIMIENTO PRIMARY KEY(nro_movimiento),
 CONSTRAINT FK_MOVIMIENTO_PROINVCLI FOREIGN KEY(nro_solic_prod) REFERENCES PRODUCTO_INVERSION_CLIENTE(nro_solic_prod),
 CONSTRAINT FK_MOVIMIENTO_TIPOMOV FOREIGN KEY(cod_tipo_mov) REFERENCES TIPO_MOVIMIENTO(cod_tipo_mov)); 
 
 CREATE TABLE CREDITO_CLIENTE
(nro_solic_credito NUMBER(10) NOT NULL,
 nro_cliente NUMBER(5) NOT NULL,
 fecha_solic_cred DATE NOT NULL,
 fecha_otorga_cred DATE NOT NULL,
 monto_solicitado NUMBER(10) NOT NULL,
 monto_credito NUMBER(10) NOT NULL,
 total_cuotas_credito NUMBER(2) NOT NULL,
 cod_credito NUMBER(3) NOT NULL,
 id_sucursal NUMBER(6) NOT NULL,
CONSTRAINT PK_CREDITO_CLIENTE PRIMARY KEY(nro_solic_credito),
CONSTRAINT FK_CREDCLI_CLIENTE FOREIGN KEY(nro_cliente) REFERENCES CLIENTE(nro_cliente),
CONSTRAINT FK_CREDCLI_CREDITO FOREIGN KEY(cod_credito) REFERENCES CREDITO(cod_credito),
CONSTRAINT FK_CREDCLI_SUCURSAL FOREIGN KEY(id_sucursal) REFERENCES SUCURSAL(id_sucursal)); 

CREATE TABLE CUOTA_CREDITO_CLIENTE
(nro_solic_credito NUMBER(10) NOT NULL,
 nro_cuota NUMBER(2) NOT NULL,
 fecha_venc_cuota DATE NOT NULL,
 valor_cuota NUMBER(10) NOT NULL,
 fecha_pago_cuota DATE,
 monto_pagado NUMBER(10),
 saldo_por_pagar NUMBER(10),
 cod_forma_pago NUMBER(2),
CONSTRAINT PK_CUOTA_CREDITO_CLIENTE PRIMARY KEY(nro_solic_credito,nro_cuota),
CONSTRAINT FK_CUOCREDCLI_FORMA_PAGO FOREIGN KEY(cod_forma_pago) REFERENCES FORMA_PAGO(cod_forma_pago),
CONSTRAINT FK_CUOCREDCLI_CREDCLI FOREIGN KEY(nro_solic_credito) REFERENCES CREDITO_CLIENTE(nro_solic_credito));

INSERT INTO PRODUCTO_INVERSION(nombre_prod_inv,meses_minimo_ahorro,porc_maximo_rescate) VALUES('Cuenta de Ahorro Dorada',6,80);
INSERT INTO PRODUCTO_INVERSION(nombre_prod_inv,meses_minimo_ahorro,porc_maximo_rescate) VALUES('Cuenta de Ahorro Tradicional',12,60);
INSERT INTO PRODUCTO_INVERSION(nombre_prod_inv,meses_minimo_ahorro,porc_maximo_rescate) VALUES('Cuenta de Ahorro Escolar',48,100);
INSERT INTO PRODUCTO_INVERSION(nombre_prod_inv,meses_minimo_ahorro,porc_maximo_rescate) VALUES('Cuenta de Ahorro para la Vivienda',18,100);
INSERT INTO PRODUCTO_INVERSION(nombre_prod_inv,meses_minimo_ahorro,porc_maximo_rescate) VALUES('Depósito a Plazo',2,100);
INSERT INTO PRODUCTO_INVERSION(nombre_prod_inv,meses_minimo_ahorro,porc_maximo_rescate) VALUES('Fondos Mutuos de Corto Plazo moneda Nacional',2,100);
INSERT INTO PRODUCTO_INVERSION(nombre_prod_inv,meses_minimo_ahorro,porc_maximo_rescate) VALUES('Fondos Mutuos de Corto Plazo moneda Extranjera',2,100);
INSERT INTO PRODUCTO_INVERSION(nombre_prod_inv,meses_minimo_ahorro,porc_maximo_rescate) VALUES('Fondos Mutuos Accionarios',8,100);
INSERT INTO PRODUCTO_INVERSION(nombre_prod_inv,meses_minimo_ahorro,porc_maximo_rescate) VALUES('Fondos Mutuos Diversificados',4,100);
INSERT INTO PRODUCTO_INVERSION(nombre_prod_inv,meses_minimo_ahorro,porc_maximo_rescate) VALUES('Fondos Mutuos de Libre Inversión en Renta Fija',5,100);

INSERT INTO CREDITO VALUES(SEQ_CREDITO.NEXTVAL,'Crédito Hipotecario','Crédito para la compra, ampliación, reparación o construcción de una vivienda destinado a trabajadores (dependientes o independientes) que acrediten renta mínima de $1.500.000 mensual. El tope del crédito es de 1.200 UF',0.50,72);
INSERT INTO CREDITO VALUES(SEQ_CREDITO.NEXTVAL,'Crédito de Consumo','Crédito para financiar la compra de bienes de consumo o realizar el pago de servicios destinado a clientes que acrediten renta mínima de $900.000 mensual. El tope del crédito es de $5.000.000',0.25,48);
INSERT INTO CREDITO VALUES(SEQ_CREDITO.NEXTVAL,'Crédito Automotriz','Crédito para la adquisición de vehículo nuevo o usado destinado a trabajadores (dependientes o independientes) que acrediten renta mínima de $900.000 mensual. El tope del crédito es de $10.000.000',0.4,60);
INSERT INTO CREDITO VALUES(SEQ_CREDITO.NEXTVAL,'Crédito de Emergencia','Crédito para solucionar un imprevisto de salud o catástrofe destinado a los clientes que acrediten renta mínima de $900.000 mensual (para trabajadores) o una pensión mínima de $150.000 mensual (para pensionados o tercera edad). El tope del crédito es de $1.000.000 para trabajadores y de $300.000 para pensionados o tercera edad',0.35,48);
INSERT INTO CREDITO VALUES(SEQ_CREDITO.NEXTVAL,'Crédito por Pago de Arancel','Crédito para el pago parcial o completo de una carrera destinado a los trabajadores (dependientes o independientes) que acrediten renta mínima de $900.000 mensual. El tope del crédito es de $2.000.000',0.80,48);

INSERT INTO TIPO_CONTRATO(nombre_tipo_contrato,promedio_renta) VALUES('Trabajador Dependiente','De los útimos 3 meses');
INSERT INTO TIPO_CONTRATO(nombre_tipo_contrato,promedio_renta) VALUES('Trabajador Independientes','De los últimos 2 años');
INSERT INTO TIPO_CONTRATO(nombre_tipo_contrato,promedio_renta) VALUES('Pensionado y/o Tercera Edad','De las últimas 12 pensiones');

INSERT INTO TIPO_MOVIMIENTO VALUES(SEQ_TIPO_MOVIMIENTO.NEXTVAL, 'Abono');
INSERT INTO TIPO_MOVIMIENTO VALUES(SEQ_TIPO_MOVIMIENTO.NEXTVAL, 'Rescate');

INSERT INTO FORMA_PAGO(nombre_forma_pago) VALUES('Efectivo');
INSERT INTO FORMA_PAGO(nombre_forma_pago) VALUES('Transferencia Electrónica');
INSERT INTO FORMA_PAGO(nombre_forma_pago) VALUES('Cheque');

INSERT INTO APORTE_A_SBIF(monto_credito_desde,monto_credito_hasta,porc_entrega_sbif) VALUES(100000,1000000,1);
INSERT INTO APORTE_A_SBIF(monto_credito_desde,monto_credito_hasta,porc_entrega_sbif) VALUES(1000001,2000000,2);
INSERT INTO APORTE_A_SBIF(monto_credito_desde,monto_credito_hasta,porc_entrega_sbif) VALUES(2000001,4000000,3);
INSERT INTO APORTE_A_SBIF(monto_credito_desde,monto_credito_hasta,porc_entrega_sbif) VALUES(4000001,6000000,4);
INSERT INTO APORTE_A_SBIF(monto_credito_desde,monto_credito_hasta,porc_entrega_sbif) VALUES(6000000,99000000,7);

INSERT INTO REGION VALUES(SEQ_REGION.NEXTVAL, 'Tarapacá');
INSERT INTO REGION VALUES(SEQ_REGION.NEXTVAL, 'Antofagasta');
INSERT INTO REGION VALUES(SEQ_REGION.NEXTVAL, 'Atacama');
INSERT INTO REGION VALUES(SEQ_REGION.NEXTVAL, 'Coquimbo');
INSERT INTO REGION VALUES(SEQ_REGION.NEXTVAL, 'Valparaíso');
INSERT INTO REGION VALUES(SEQ_REGION.NEXTVAL, 'Del Libertador Gral. Bernardo O’Higgins');
INSERT INTO REGION VALUES(SEQ_REGION.NEXTVAL, 'Del Maule');
INSERT INTO REGION VALUES(SEQ_REGION.NEXTVAL, 'Del Biobío');
INSERT INTO REGION VALUES(SEQ_REGION.NEXTVAL, 'De la Araucanía');
INSERT INTO REGION VALUES(SEQ_REGION.NEXTVAL, 'De Los Lagos');
INSERT INTO REGION VALUES(SEQ_REGION.NEXTVAL, 'Aysén del Gral.Carlos Ibáñez del Campo');
INSERT INTO REGION VALUES(SEQ_REGION.NEXTVAL, 'De Magallanes y de la Antártica Chilena');
INSERT INTO REGION VALUES(SEQ_REGION.NEXTVAL, 'Metropolitana de Santiago');
INSERT INTO REGION VALUES(SEQ_REGION.NEXTVAL, 'De Los Ríos');
INSERT INTO REGION VALUES(SEQ_REGION.NEXTVAL, 'Arica y Parinacota');
INSERT INTO REGION VALUES(SEQ_REGION.NEXTVAL, 'De Ñuble');

INSERT INTO PROVINCIA VALUES(1,1,'Iquique');
INSERT INTO PROVINCIA VALUES(1,2,'Tamarugal');
INSERT INTO PROVINCIA VALUES(2,1,'Antofagasta');
INSERT INTO PROVINCIA VALUES(2,2,'El Loa');
INSERT INTO PROVINCIA VALUES(2,3,'Tocopilla');
INSERT INTO PROVINCIA VALUES(3,1,'Copiapó');
INSERT INTO PROVINCIA VALUES(3,2,'Chañaral');
INSERT INTO PROVINCIA VALUES(3,3,'Huasco');
INSERT INTO PROVINCIA VALUES(4,1,'Elqui');
INSERT INTO PROVINCIA VALUES(4,2,'Choapa');
INSERT INTO PROVINCIA VALUES(4,3,'Limarí');
INSERT INTO PROVINCIA VALUES(5,1,'Valparaíso');
INSERT INTO PROVINCIA VALUES(5,2,'Isla de Pascua');
INSERT INTO PROVINCIA VALUES(5,3,'Los Andes');
INSERT INTO PROVINCIA VALUES(5,4,'Petorca');
INSERT INTO PROVINCIA VALUES(5,5,'Quillota');
INSERT INTO PROVINCIA VALUES(5,6,'San Antonio');
INSERT INTO PROVINCIA VALUES(5,7,'San Felipe de Aconcagua');
INSERT INTO PROVINCIA VALUES(5,8,'Marga Marga');
INSERT INTO PROVINCIA VALUES(6,1,'Cachapoal');
INSERT INTO PROVINCIA VALUES(6,2,'Cardenal Caro');
INSERT INTO PROVINCIA VALUES(6,3,'Colchagua');
INSERT INTO PROVINCIA VALUES(7,1,'Talca');
INSERT INTO PROVINCIA VALUES(7,2,'Cauquenes');
INSERT INTO PROVINCIA VALUES(7,3,'Curicó');
INSERT INTO PROVINCIA VALUES(7,4,'Linares');
INSERT INTO PROVINCIA VALUES(8,1,'Concepción');
INSERT INTO PROVINCIA VALUES(8,2,'Arauco');
INSERT INTO PROVINCIA VALUES(8,3,'Biobío');
INSERT INTO PROVINCIA VALUES(9,1,'Cautín');
INSERT INTO PROVINCIA VALUES(9,2,'Malleco');
INSERT INTO PROVINCIA VALUES(10,1,'Llanquihue');
INSERT INTO PROVINCIA VALUES(10,2,'Chiloé');
INSERT INTO PROVINCIA VALUES(10,3,'Osorno');
INSERT INTO PROVINCIA VALUES(10,4,'Palena');
INSERT INTO PROVINCIA VALUES(11,1,'Coihaique');
INSERT INTO PROVINCIA VALUES(11,2,'Aisén');
INSERT INTO PROVINCIA VALUES(11,3,'Capitán Prat');
INSERT INTO PROVINCIA VALUES(11,4,'General Carrera');
INSERT INTO PROVINCIA VALUES(12,1,'Magallanes');
INSERT INTO PROVINCIA VALUES(12,2,'Antártica Chilena');
INSERT INTO PROVINCIA VALUES(12,3,'Tierra del Fuego');
INSERT INTO PROVINCIA VALUES(12,4,'Última Esperanza');
INSERT INTO PROVINCIA VALUES(13,1,'Santiago');
INSERT INTO PROVINCIA VALUES(13,2,'Cordillera');
INSERT INTO PROVINCIA VALUES(13,3,'Chacabuco');
INSERT INTO PROVINCIA VALUES(13,4,'Maipo');
INSERT INTO PROVINCIA VALUES(13,5,'Melipilla');
INSERT INTO PROVINCIA VALUES(13,6,'Talagante');
INSERT INTO PROVINCIA VALUES(14,1,'Valdivia');
INSERT INTO PROVINCIA VALUES(14,2,'Ranco');
INSERT INTO PROVINCIA VALUES(15,1,'Arica');
INSERT INTO PROVINCIA VALUES(15,2,'Parinacota');
INSERT INTO PROVINCIA VALUES(15,4,'Tamarugal');
INSERT INTO PROVINCIA VALUES(16,1,'Diguillín');
INSERT INTO PROVINCIA VALUES(16,2,'Punilla');
INSERT INTO PROVINCIA VALUES(16,3,'Itata');

INSERT INTO COMUNA VALUES(1,1,1,'Iquique');
INSERT INTO COMUNA VALUES(1,1,2,'Alto Hospicio');
INSERT INTO COMUNA VALUES(1,2,1,'Pozo Almonte');
INSERT INTO COMUNA VALUES(1,2,2,'Camiña');
INSERT INTO COMUNA VALUES(1,2,3,'Colchane');
INSERT INTO COMUNA VALUES(1,2,4,'Huara');
INSERT INTO COMUNA VALUES(1,2,5,'Pica');
INSERT INTO COMUNA VALUES(2,1,1,'Antofagasta');
INSERT INTO COMUNA VALUES(2,1,2,'Mejillones');
INSERT INTO COMUNA VALUES(2,1,3,'Sierra Gorda');
INSERT INTO COMUNA VALUES(2,1,4,'Taltal');
INSERT INTO COMUNA VALUES(2,2,1,'Calama');
INSERT INTO COMUNA VALUES(2,2,2,'Ollagüe');
INSERT INTO COMUNA VALUES(2,2,3,'San Pedro de Atacama');
INSERT INTO COMUNA VALUES(2,3,1,'Tocopilla');
INSERT INTO COMUNA VALUES(2,3,2,'María Elena');
INSERT INTO COMUNA VALUES(3,1,1,'Copiapó');
INSERT INTO COMUNA VALUES(3,1,2,'Caldera');
INSERT INTO COMUNA VALUES(3,1,3,'Tierra Amarilla');
INSERT INTO COMUNA VALUES(3,2,1,'Chañaral');
INSERT INTO COMUNA VALUES(3,2,3,'Diego de Almagro');
INSERT INTO COMUNA VALUES(3,3,1,'Vallenar');
INSERT INTO COMUNA VALUES(3,3,2,'Alto del Carmen');
INSERT INTO COMUNA VALUES(3,3,3,'Freirina');
INSERT INTO COMUNA VALUES(3,3,4,'Huasco');
INSERT INTO COMUNA VALUES(4,1,1,'La Serena');
INSERT INTO COMUNA VALUES(4,1,2,'Coquimbo');
INSERT INTO COMUNA VALUES(4,1,3,'Andacollo');
INSERT INTO COMUNA VALUES(4,1,4,'La Higuera');
INSERT INTO COMUNA VALUES(4,1,5,'Paiguano');
INSERT INTO COMUNA VALUES(4,1,6,'Vicuña');
INSERT INTO COMUNA VALUES(4,2,1,'Illapel');
INSERT INTO COMUNA VALUES(4,2,2,'Canela');
INSERT INTO COMUNA VALUES(4,2,3,'Los Vilos');
INSERT INTO COMUNA VALUES(4,2,4,'Salamanca');
INSERT INTO COMUNA VALUES(4,3,1,'Ovalle');
INSERT INTO COMUNA VALUES(4,3,2,'Combarbalá');
INSERT INTO COMUNA VALUES(4,3,3,'Monte Patria');
INSERT INTO COMUNA VALUES(4,3,4,'Punitaqui');
INSERT INTO COMUNA VALUES(4,3,5,'Río Hurtado');
INSERT INTO COMUNA VALUES(5,1,1,'Valparaíso');
INSERT INTO COMUNA VALUES(5,1,2,'Casablanca');
INSERT INTO COMUNA VALUES(5,1,3,'Concón');
INSERT INTO COMUNA VALUES(5,1,4,'Juan Fernández');
INSERT INTO COMUNA VALUES(5,1,5,'Puchuncaví');
INSERT INTO COMUNA VALUES(5,1,6,'Quintero');
INSERT INTO COMUNA VALUES(5,1,7,'Viña del Mar');
INSERT INTO COMUNA VALUES(5,2,1,'Isla de Pascua');
INSERT INTO COMUNA VALUES(5,3,1,'Los Andes');
INSERT INTO COMUNA VALUES(5,3,2,'Calle Larga');
INSERT INTO COMUNA VALUES(5,3,3,'Rinconada');
INSERT INTO COMUNA VALUES(5,3,4,'San Esteban');
INSERT INTO COMUNA VALUES(5,4,1,'La Ligua');
INSERT INTO COMUNA VALUES(5,4,2,'Cabildo');
INSERT INTO COMUNA VALUES(5,4,3,'Papudo');
INSERT INTO COMUNA VALUES(5,4,4,'Petorca');
INSERT INTO COMUNA VALUES(5,4,5,'Zapallar');
INSERT INTO COMUNA VALUES(5,5,1,'Quillota');
INSERT INTO COMUNA VALUES(5,5,2,'Calera');
INSERT INTO COMUNA VALUES(5,5,3,'Hijuelas');
INSERT INTO COMUNA VALUES(5,5,4,'La Cruz');
INSERT INTO COMUNA VALUES(5,5,5,'Nogales');
INSERT INTO COMUNA VALUES(5,6,1,'San Antonio');
INSERT INTO COMUNA VALUES(5,6,2,'Algarrobo');
INSERT INTO COMUNA VALUES(5,6,3,'Cartagena');
INSERT INTO COMUNA VALUES(5,6,4,'El Quisco');
INSERT INTO COMUNA VALUES(5,6,5,'El Tabo');
INSERT INTO COMUNA VALUES(5,6,6,'Santo Domingo');
INSERT INTO COMUNA VALUES(5,7,1,'San Felipe');
INSERT INTO COMUNA VALUES(5,7,2,'Catemu');
INSERT INTO COMUNA VALUES(5,7,3,'Llaillay');
INSERT INTO COMUNA VALUES(5,7,4,'Panquehue');
INSERT INTO COMUNA VALUES(5,7,5,'Putaendo');
INSERT INTO COMUNA VALUES(5,7,6,'Santa María');
INSERT INTO COMUNA VALUES(5,8,1,'Quilpué');
INSERT INTO COMUNA VALUES(5,8,2,'Limache');
INSERT INTO COMUNA VALUES(5,8,3,'Olmué');
INSERT INTO COMUNA VALUES(5,8,4,'Villa Alemana');
INSERT INTO COMUNA VALUES(6,1,1,'Rancagua');
INSERT INTO COMUNA VALUES(7,1,1,'Talca');
INSERT INTO COMUNA VALUES(7,2,1,'Cauquenes');
INSERT INTO COMUNA VALUES(7,3,1,'Curicó');
INSERT INTO COMUNA VALUES(7,4,1,'Linares');
INSERT INTO COMUNA VALUES(8,1,1,'Concepción');
INSERT INTO COMUNA VALUES(8,2,1,'Lebu');
INSERT INTO COMUNA VALUES(8,3,1,'Los Ángeles');
INSERT INTO COMUNA VALUES(9,1,1,'Temuco');
INSERT INTO COMUNA VALUES(10,1,1,'Puerto Montt');
INSERT INTO COMUNA VALUES(10,1,9,'Puerto Varas');
INSERT INTO COMUNA VALUES(10,2,1,'Castro');
INSERT INTO COMUNA VALUES(10,3,1,'Osorno');
INSERT INTO COMUNA VALUES(11,1,1,'Coyhaique');
INSERT INTO COMUNA VALUES(11,2,1,'Aisén');
INSERT INTO COMUNA VALUES(12,1,1,'Punta Arenas');
INSERT INTO COMUNA VALUES(13,1,1,'Santiago');
INSERT INTO COMUNA VALUES(13,1,14,'Las Condes');
INSERT INTO COMUNA VALUES(13,1,32,'Vitacura');
INSERT INTO COMUNA VALUES(13,2,1,'Puente Alto');
INSERT INTO COMUNA VALUES(13,3,1,'Colina');
INSERT INTO COMUNA VALUES(13,4,1,'San Bernardo');
INSERT INTO COMUNA VALUES(13,5,1,'Melipilla');
INSERT INTO COMUNA VALUES(13,6,1,'Talagante');
INSERT INTO COMUNA VALUES(14,1,1,'Valdivia');
INSERT INTO COMUNA VALUES(14,2,1,'La Unión');
INSERT INTO COMUNA VALUES(15,1,1,'Arica');
INSERT INTO COMUNA VALUES(16,1,1,'Chillán');

INSERT INTO SUCURSAL VALUES('1011','Avda, Las Parcelas 3512','572573496','1','1','1');
INSERT INTO SUCURSAL VALUES('2011','Barros Arana 5821','552244768','2','1','1');
INSERT INTO SUCURSAL VALUES('3011','Los Carrera 587','522357702','3','1','1');
INSERT INTO SUCURSAL VALUES('3031','Vicuña Mackena 16387','522357150','3','3','1');
INSERT INTO SUCURSAL VALUES('4011','Amunategui 4879','512223060','4','1','1');
INSERT INTO SUCURSAL VALUES('4012','Las Acacias 9876','512245293','4','1','2');
INSERT INTO SUCURSAL VALUES('5011','Avda. Pedro Montt 452','322594673','5','1','1');
INSERT INTO SUCURSAL VALUES('5017','Avda. Libertad 4587','322696323','5','1','7');
INSERT INTO SUCURSAL VALUES('6011','Andrés de Alcázar 57','722203300','6','1','1');
INSERT INTO SUCURSAL VALUES('7011','Mateo Toro y Zambrano 45','712203452','7','1','1');
INSERT INTO SUCURSAL VALUES('8011','Avda. Los Carrera 10','412251260','8','1','1');
INSERT INTO SUCURSAL VALUES('10011','Alcalde 734','652316229','10','1','1');
INSERT INTO SUCURSAL VALUES('1111','Simón Bolívar 191','672232555','11','1','1');
INSERT INTO SUCURSAL VALUES('1211','Plaza Muñoz Gamero 25','612200306','12','1','1');
INSERT INTO SUCURSAL VALUES('1311','Avda. Domingo Santa María 345','226972920','13','1','1');
INSERT INTO SUCURSAL VALUES('13114','Alonso de Córdova 4578','225401407','13','1','14');
INSERT INTO SUCURSAL VALUES('13132','Avda. Vitacura 3478','225401308','13','1','32');
INSERT INTO SUCURSAL VALUES('1321','Adolfo Ruiz Martínez 10','226451407','13','2','1');
INSERT INTO SUCURSAL VALUES('1341','18 de Septiembre 25','225401201','13','4','1');
INSERT INTO SUCURSAL VALUES('1511','Dieciocho de Septiembre 257','582458797','15','1','1');
INSERT INTO SUCURSAL VALUES('1611','El Roble 4578','428793214','16','1','1');

INSERT INTO PROFESION_OFICIO VALUES(SEQ_PROFESION_OFICIO.NEXTVAL,'Abogado');
INSERT INTO PROFESION_OFICIO VALUES(SEQ_PROFESION_OFICIO.NEXTVAL,'Consejero vocacional');
INSERT INTO PROFESION_OFICIO VALUES(SEQ_PROFESION_OFICIO.NEXTVAL,'Ingeniero comercial');
INSERT INTO PROFESION_OFICIO VALUES(SEQ_PROFESION_OFICIO.NEXTVAL,'Enfermera(o)');
INSERT INTO PROFESION_OFICIO VALUES(SEQ_PROFESION_OFICIO.NEXTVAL,'Contador');
INSERT INTO PROFESION_OFICIO VALUES(SEQ_PROFESION_OFICIO.NEXTVAL,'Técnico del área de la salud');
INSERT INTO PROFESION_OFICIO VALUES(SEQ_PROFESION_OFICIO.NEXTVAL,'Técnico en computación');
INSERT INTO PROFESION_OFICIO VALUES(SEQ_PROFESION_OFICIO.NEXTVAL,'Ingeniero en Informática');
INSERT INTO PROFESION_OFICIO VALUES(SEQ_PROFESION_OFICIO.NEXTVAL,'Ingeniero en Redes y Telecomunicaciones');
INSERT INTO PROFESION_OFICIO VALUES(SEQ_PROFESION_OFICIO.NEXTVAL,'Conductor de camión');
INSERT INTO PROFESION_OFICIO VALUES(SEQ_PROFESION_OFICIO.NEXTVAL,'Mecánico de auto');
INSERT INTO PROFESION_OFICIO VALUES(SEQ_PROFESION_OFICIO.NEXTVAL,'Operario de maquinaria');
INSERT INTO PROFESION_OFICIO VALUES(SEQ_PROFESION_OFICIO.NEXTVAL,'Contador');
INSERT INTO PROFESION_OFICIO VALUES(SEQ_PROFESION_OFICIO.NEXTVAL,'Diseñador');
INSERT INTO PROFESION_OFICIO VALUES(SEQ_PROFESION_OFICIO.NEXTVAL,'Dentista');
INSERT INTO PROFESION_OFICIO VALUES(SEQ_PROFESION_OFICIO.NEXTVAL,'Educadora(o) de párvulo');
INSERT INTO PROFESION_OFICIO VALUES(SEQ_PROFESION_OFICIO.NEXTVAL,'Cajero');
INSERT INTO PROFESION_OFICIO VALUES(SEQ_PROFESION_OFICIO.NEXTVAL,'Vendedor');
INSERT INTO PROFESION_OFICIO VALUES(SEQ_PROFESION_OFICIO.NEXTVAL,'Conserje');
INSERT INTO PROFESION_OFICIO VALUES(SEQ_PROFESION_OFICIO.NEXTVAL,'Profesor');
INSERT INTO PROFESION_OFICIO VALUES(SEQ_PROFESION_OFICIO.NEXTVAL,'Pensionado');
INSERT INTO PROFESION_OFICIO VALUES(SEQ_PROFESION_OFICIO.NEXTVAL,'Asesor Financiero');
INSERT INTO PROFESION_OFICIO VALUES(SEQ_PROFESION_OFICIO.NEXTVAL,'Administrativo');

INSERT INTO CLIENTE VALUES('1','8333032','5','RODOLFO ','SERGIO','FRITZ','OTAROLA','14/11'||TO_CHAR(EXTRACT( YEAR FROM SYSDATE)-66),'19/09'||TO_CHAR(EXTRACT( YEAR FROM SYSDATE)-26),null,null,'Errázuriz 234 Depto 45 Edificio Vista Mar','5','1','1','2','2');
INSERT INTO CLIENTE VALUES('2','16000472','k','ROBERTO','JUAN','MENDEZ','GIRARDI','01/08/'|| TO_CHAR(EXTRACT(YEAR FROM SYSDATE)-45),'17/02'||TO_CHAR(EXTRACT( YEAR FROM SYSDATE)-27),null,null,'Emiliano Zapata 864','13','1','1','11','1');
INSERT INTO CLIENTE VALUES('3','16044255','7','STEPHANIE',null,'DIAZ','KOHNERT','07/09/'|| TO_CHAR(EXTRACT(YEAR FROM SYSDATE)-42),'18/10'||TO_CHAR(EXTRACT( YEAR FROM SYSDATE)-16),null,null,'Avda. General Velásquez 123 Depto 45','13','1','1','12','1');
INSERT INTO CLIENTE VALUES('4','10534911','4','CATALINA','ANDREA','AGUIRRE','PEREIRA','21/12'||TO_CHAR(EXTRACT( YEAR FROM SYSDATE)-54),'30/04/'|| TO_CHAR(EXTRACT(YEAR FROM SYSDATE)-22),null,null,'Avda. Domingo Santa María 34','13','1','1','5','2');
INSERT INTO CLIENTE VALUES('5','21425048','9','SEBASTIAN','PATRICIO','QUINTANA','BERRIOS','20/02'||TO_CHAR(EXTRACT( YEAR FROM SYSDATE)-29),'19/04/'|| TO_CHAR(EXTRACT(YEAR FROM SYSDATE)-10),null,null,'Alonso de Córdova 234 Depto 23 Edificio Sol','13','1','14','23','2');
INSERT INTO CLIENTE VALUES('6','21815820','k','HERNAN','CESAR','CASTRO','VALLADARES','12/10'||TO_CHAR(EXTRACT( YEAR FROM SYSDATE)-27),'19/09/'|| TO_CHAR(EXTRACT(YEAR FROM SYSDATE)-9),null,null,'Padre Alberto de Agostini 23','12','1','1','3','1');
INSERT INTO CLIENTE VALUES('7','14405524','1','CARLOS','CLAUDIO','HERNANDEZ','BARRA','10/09'||TO_CHAR(EXTRACT( YEAR FROM SYSDATE)-47),'01/10/'|| TO_CHAR(EXTRACT(YEAR FROM SYSDATE)-19),null,null,'Gabriela Mistral 986','11','1','1','8','1');
INSERT INTO CLIENTE VALUES('8','9053148','4','ALVARO','MIGUEL','MONCADA','RIQUELME','01/08'||TO_CHAR(EXTRACT( YEAR FROM SYSDATE)-58),'28/02/'|| TO_CHAR(EXTRACT(YEAR FROM SYSDATE)-25),null,null,'Alcalde Eduardo Melero 235','6','1','1','3','1');
INSERT INTO CLIENTE VALUES('9','14423721','8','CLAUDIO','JUAN','ARAVENA','ARANCIBIA','30/03'||TO_CHAR(EXTRACT( YEAR FROM SYSDATE)-46),'30/09'||TO_CHAR(EXTRACT( YEAR FROM SYSDATE)-18),null,null,'Avda. Alemania 23','5','1','1','9','2');
INSERT INTO CLIENTE VALUES('10','14439730','4','ELSA','ESPERANZA','GOMEZ','ARAVENA','19/12'||TO_CHAR(EXTRACT( YEAR FROM SYSDATE)-45),'29/03'||TO_CHAR(EXTRACT( YEAR FROM SYSDATE)-17),null,null,'Avda. Alemania 2345','5','1','1','10','2');
INSERT INTO CLIENTE VALUES('11','14423722','8','CLAUDIO','MANUEL','ARANCIBIA','ARAVENA','28/07'||TO_CHAR(EXTRACT( YEAR FROM SYSDATE)-45),'10/05'||TO_CHAR(EXTRACT( YEAR FROM SYSDATE)-17),null,null,'2 Oriente 2345 Depto 101 Edificio Costa Mar','5','1','7','10','2');
INSERT INTO CLIENTE VALUES('12','14412583','7','CARMEN',null,'ARANCIBIA','PEREZ','20/10'||TO_CHAR(EXTRACT(YEAR FROM SYSDATE)-47),'17/10'||TO_CHAR(EXTRACT(YEAR FROM SYSDATE)-18),null,null,'Los Almendros 123 Miraflores Bajo','5','1','7','9','1');
INSERT INTO CLIENTE VALUES('13','22503814','7','JULIAN','PAUL','ARRIAGADA','LUJAN','19/12'||TO_CHAR(EXTRACT(YEAR FROM SYSDATE)-28),'28/02'||TO_CHAR(EXTRACT(YEAR FROM SYSDATE)-7),null,null,'Amunategui 46 Depto 2 Edificio Vista Mar','4','1','1','3','1');
INSERT INTO CLIENTE VALUES('14','21037593','7','ANDREA','BELÉN','GUAJARDO','LOPEZ','01/08'||TO_CHAR(EXTRACT(YEAR FROM SYSDATE)-21),'17/10'||TO_CHAR(EXTRACT(YEAR FROM SYSDATE)-11),null,null,'Ana María Ibaceta 90','2','1','1','23','2');
INSERT INTO CLIENTE VALUES('15','20393065','k','SEBASTIAN',null,'ABELLI','MORENO','17/02'||TO_CHAR(EXTRACT(YEAR FROM SYSDATE)-34),'01/10'||TO_CHAR(EXTRACT(YEAR FROM SYSDATE)-12),null,null,'Santa Magdalena 43 Depto 45 Torre A','2','1','1','19','2');
INSERT INTO CLIENTE VALUES('16','6868859','0','ALICIA','LORENA','OPAZO','RIQUELME','23/03'||TO_CHAR(EXTRACT(YEAR FROM SYSDATE)-71),'09/12'||TO_CHAR(EXTRACT(YEAR FROM SYSDATE)-28),null,null,'Abel Altura35','1','1','1','21','3');
INSERT INTO CLIENTE VALUES('17','6889505','7','JOAQUIN','RONNY','GUTIERREZ','SALGADO','20/10'||TO_CHAR(EXTRACT(YEAR FROM SYSDATE)-72),'17/10'||TO_CHAR(EXTRACT(YEAR FROM SYSDATE)-27),null,null,'Guatacondo 57 Depto 35 Edificio Mar Bello','1','1','1','21','3');
INSERT INTO CLIENTE VALUES('18','17613770','3','MARIA','JESUS','VALLADARES','CARCAMO','09/08'||TO_CHAR(EXTRACT(YEAR FROM SYSDATE)-35),'09/10'||TO_CHAR(EXTRACT(YEAR FROM SYSDATE)-14),null,null,'Pedro de Valdivia 63','1','1','1','15','1');
INSERT INTO CLIENTE VALUES('19','8925537','6','LORENA','DE LAS NIEVES','FIGUEROA','RODRIGUEZ','16/04'||TO_CHAR(EXTRACT(YEAR FROM SYSDATE)-61),'03/10'||TO_CHAR(EXTRACT(YEAR FROM SYSDATE)-26),null,null,'Andrés de Alcázar 234','6','1','1','2','2');
INSERT INTO CLIENTE VALUES('20','8948642','4','SANDRA','CLAUDIA','ARIAS','PONCE','20/02'||TO_CHAR(EXTRACT(YEAR FROM SYSDATE)-59),'04/01'||TO_CHAR(EXTRACT(YEAR FROM SYSDATE)-25),null,null,'Aconcagua 543','6','1','1','3','2');
INSERT INTO CLIENTE VALUES('21','17046055','3','MARCIA ','MONICA','BENITEZ','SIERRA','12/09'||TO_CHAR(EXTRACT(YEAR FROM SYSDATE)-39),'25/05'||TO_CHAR(EXTRACT(YEAR FROM SYSDATE)-14),null,null,'Sergio Valdovinos 123','13','1','1','14','1');
INSERT INTO CLIENTE VALUES('22','13635211','3','VALESKA',null,'GODOY','ALTAMIRANO','24/09'||TO_CHAR(EXTRACT(YEAR FROM SYSDATE)-49),'06/01'||TO_CHAR(EXTRACT(YEAR FROM SYSDATE)-19),null,null,'José Joaquín Pérez 456','13','1','1','7','1');
INSERT INTO CLIENTE VALUES('23','16439752','1','LUIS','MIGUEL','ALVAREZ','PEREZ','12/12'||TO_CHAR(EXTRACT(YEAR FROM SYSDATE)-41),'19/12'||TO_CHAR(EXTRACT(YEAR FROM SYSDATE)-15),null,null,'Salvador Gutiérrez 7865','13','1','1','12','1');
INSERT INTO CLIENTE VALUES('24','16947140','1','PAMELA',null,'GATICA','MANDIOLA','16/04'||TO_CHAR(EXTRACT(YEAR FROM SYSDATE)-49),'03/10'||TO_CHAR(EXTRACT(YEAR FROM SYSDATE)-15),null,null,'Miguel de Cervantes 89','13','1','1','13','1');
INSERT INTO CLIENTE VALUES('25','9074608','1','AXEL','PABLO','HOGGER','GUZMAN','10/09'||TO_CHAR(EXTRACT(YEAR FROM SYSDATE)-57),'01/10'||TO_CHAR(EXTRACT(YEAR FROM SYSDATE)-25),null,null,'Avda.San Miguel 298','7','1','1','3','1');
INSERT INTO CLIENTE VALUES('26','22424125','9','NICOLÁS','PABLO','BERMUDEZ','DOMINGUEZ','30/03'||TO_CHAR(EXTRACT(YEAR FROM SYSDATE)-29),'12/01'||TO_CHAR(EXTRACT(YEAR FROM SYSDATE)-8),null,null,'Cienfuegos 256','4','1','1','3','1');
INSERT INTO CLIENTE VALUES('27','22176844','2','SILVANA','MARIA','DUARTE','VALENZUELA','09/09'||TO_CHAR(EXTRACT(YEAR FROM SYSDATE)-27),'04/01'||TO_CHAR(EXTRACT(YEAR FROM SYSDATE)-9),null,null,'Pablo Ramón Aranda 45','12','1','1','3','1');
INSERT INTO CLIENTE VALUES('28','7455785','6','ANDREA','ROXANA','ROMERO','GUAJARDO','12/10'||TO_CHAR(EXTRACT(YEAR FROM SYSDATE)-62),'14/09'||TO_CHAR(EXTRACT(YEAR FROM SYSDATE)-26),null,null,'Agustina 234','13','1','1','1','2');
INSERT INTO CLIENTE VALUES('29','21454911','5','JOSE',' MIGUEL','TOBAR','TAPIA','23/06'||TO_CHAR(EXTRACT(YEAR FROM SYSDATE)-28),'14/09'||TO_CHAR(EXTRACT(YEAR FROM SYSDATE)-10),null,null,'José Manuel Balmaceda 456','13','1','1','23','2');
INSERT INTO CLIENTE VALUES('30','7467775','4','FELIPE','CLAUDIO','GONZALEZ','MARIN','20/10'||TO_CHAR(EXTRACT(YEAR FROM SYSDATE)-63),'04/04'||TO_CHAR(EXTRACT(YEAR FROM SYSDATE)-26),null,null,'Ercilla 234 Cerro Barón','5','1','1','1','2');
INSERT INTO CLIENTE VALUES('31','21281335','4','ANTONELLA','SOFIA','ALVARADO','GUZMAN','23/10'||TO_CHAR(EXTRACT(YEAR FROM SYSDATE)-30),'30/09'||TO_CHAR(EXTRACT(YEAR FROM SYSDATE)-11),null,null,'Aurora de Chile 345','13','1','1','22','2');
INSERT INTO CLIENTE VALUES('32','14415535','1','FABIOLA',null,'MENESES','SILVA','09/09'||TO_CHAR(EXTRACT(YEAR FROM SYSDATE)-46),'12/08'||TO_CHAR(EXTRACT(YEAR FROM SYSDATE)-18),null,null,'Gran Bretaña 345 Playa Ancha','5','1','1','9','2');
INSERT INTO CLIENTE VALUES('33','7035297','4','DORIS','PAMELA','FONSECA','ARREDONDO','17/02'||TO_CHAR(EXTRACT(YEAR FROM SYSDATE)-63),'19/04'||TO_CHAR(EXTRACT(YEAR FROM SYSDATE)-27),null,null,'García Lorca 46','2','1','1','21','3');
INSERT INTO CLIENTE VALUES('34','22558061','8','AMANDA','ROMINA','LIZANA','MARAMBIO','17/02'||TO_CHAR(EXTRACT(YEAR FROM SYSDATE)-28),'01/10'||TO_CHAR(EXTRACT(YEAR FROM SYSDATE)-6),null,null,'Los Carrera 875','4','1','1','4','2');
INSERT INTO CLIENTE VALUES('35','6433225','2','BELEN',null,'FIGUEROA','SEPULVEDA','12/09'||TO_CHAR(EXTRACT(YEAR FROM SYSDATE)-71),'25/05'||TO_CHAR(EXTRACT(YEAR FROM SYSDATE)-29),null,null,'Héroes de la Concepción 45','1','1','1','21','3');
INSERT INTO CLIENTE VALUES('36','6918258','5','DENISSE','SOFIA','MARDONES','SMITH','06/01'||TO_CHAR(EXTRACT(YEAR FROM SYSDATE)-68),'19/11'||TO_CHAR(EXTRACT(YEAR FROM SYSDATE)-27),null,null,'Gran Bretaña 36','12','1','1','21','3');
INSERT INTO CLIENTE VALUES('37','7471610','5','CLAUDIA','ANDREA','CASTILLO','CONTRERAS','23/10'||TO_CHAR(EXTRACT(YEAR FROM SYSDATE)-63),'07/07'||TO_CHAR(EXTRACT(YEAR FROM SYSDATE)-26),null,null,'Los Placeres 23 Depto 45 Cerro Los Placeres','5','1','1','2','2');
INSERT INTO CLIENTE VALUES('38','23309886','8','HECTOR','ALAN','CONTRERAS','TOLOZA','07/09'||TO_CHAR(EXTRACT(YEAR FROM SYSDATE)-29),'19/09'||TO_CHAR(EXTRACT(YEAR FROM SYSDATE)-2),null,null,'Los Loros 1256','3','1','1','5','2');
INSERT INTO CLIENTE VALUES('39','20866869','2','ANDRES','HUGO','MORALES','CONTRERAS','23/03'||TO_CHAR(EXTRACT(YEAR FROM SYSDATE)-36),'09/12'||TO_CHAR(EXTRACT(YEAR FROM SYSDATE)-12),null,null,'Ana María Ibaceta 46','2','1','1','20','2');
INSERT INTO CLIENTE VALUES('40','20393064','k','SEBASTIAN','JOSE','MORENO','ABELLI','21/12'||TO_CHAR(EXTRACT(YEAR FROM SYSDATE)-30),'09/10'||TO_CHAR(EXTRACT(YEAR FROM SYSDATE)-12),null,null,'Javiera Carrera Depto 34 Edificio Norte','2','1','1','18','1');
INSERT INTO CLIENTE VALUES('41','21300628','2','LUIS','CLAUDIO','LUNA','JORQUERA','14/11'||TO_CHAR(EXTRACT(YEAR FROM SYSDATE)-21),'29/03'||TO_CHAR(EXTRACT(YEAR FROM SYSDATE)-11),null,null,'Avda. Independencia 3456','13','1','1','13','2');
INSERT INTO CLIENTE VALUES('42','24617340','0','KATHERINE','ANDREA','MUNOZ','ESTRADA','14/11'||TO_CHAR(EXTRACT(YEAR FROM SYSDATE)-28),'06/01'||TO_CHAR(EXTRACT(YEAR FROM SYSDATE)-1),null,null,'Avda. Los Carrera 2356','8','1','1','5','1');
INSERT INTO CLIENTE VALUES('43','12173453','2','VIVIANA',null,'GALDAMES','GODOY','23/10'||TO_CHAR(EXTRACT(YEAR FROM SYSDATE)-50),'07/07'||TO_CHAR(EXTRACT(YEAR FROM SYSDATE)-21),null,null,'Alfonso Alcalde 873','12','1','1','6','1');
INSERT INTO CLIENTE VALUES('44','18274953','2','CAROLINA',null,'SILVA','BLANCO','23/03'||TO_CHAR(EXTRACT(YEAR FROM SYSDATE)-32),'09/12'||TO_CHAR(EXTRACT(YEAR FROM SYSDATE)-13),null,null,'General Mendoza 328','1','1','1','15','1');
INSERT INTO CLIENTE VALUES('45','12362092','5','SANDRA','XIMENA','AGUILAR','FALCON','14/11'||TO_CHAR(EXTRACT(YEAR FROM SYSDATE)-50),'19/09'||TO_CHAR(EXTRACT(YEAR FROM SYSDATE)-20),null,null,'Hernando de Magallanes 123','12','1','1','7','1');
INSERT INTO CLIENTE VALUES('46','6604004','6','CRISTIAN','LUIS','RODRIGUEZ','VALDES','09/08'||TO_CHAR(EXTRACT(YEAR FROM SYSDATE)-66),'09/10'||TO_CHAR(EXTRACT(YEAR FROM SYSDATE)-28),null,null,'Almirante Latorre 45','1','1','1','21','3');
INSERT INTO CLIENTE VALUES('47','21713767','5','RODRIGO','DAMASO','PARRA','BERNAL','10/09'||TO_CHAR(EXTRACT(YEAR FROM SYSDATE)-28),'07/07'||TO_CHAR(EXTRACT(YEAR FROM SYSDATE)-9),null,null,'Avda. Apoquindo 23','13','1','14','5','2');
INSERT INTO CLIENTE VALUES('48','10964217','7','PATRICIO','LUIS','PRADENAS','VIDAL','23/03'||TO_CHAR(EXTRACT(YEAR FROM SYSDATE)-53),'23/11'||TO_CHAR(EXTRACT(YEAR FROM SYSDATE)-23),null,null,'Adela Von Hagrn 567','10','1','1','5','2');
INSERT INTO CLIENTE VALUES('49','6969889','1','FERNANDO','LUIS','BUGUEÑO','CARVAJAL','19/12'||TO_CHAR(EXTRACT(YEAR FROM SYSDATE)-63),'29/03'||TO_CHAR(EXTRACT(YEAR FROM SYSDATE)-27),null,null,'Barros Arana 456','2','1','1','21','3');
INSERT INTO CLIENTE VALUES('50','21487945','k','CARLOS','MARIO','ROA','GUTIERREZ','01/08'||TO_CHAR(EXTRACT(YEAR FROM SYSDATE)-29),'04/04'||TO_CHAR(EXTRACT(YEAR FROM SYSDATE)-10),null,null,'Tomás Moro 234','13','1','14','22','2');
INSERT INTO CLIENTE VALUES('51','12084102','5','JOSE','MIGUEL','QUIROZ','CANDIA','20/10'||TO_CHAR(EXTRACT(YEAR FROM SYSDATE)-51),'04/04'||TO_CHAR(EXTRACT(YEAR FROM SYSDATE)-22),null,null,'Alcalde Roberto Mackay 12','11','1','1','6','2');
INSERT INTO CLIENTE VALUES('52','14286264','6','ALEXIS','HERNAN','CONA','CONTRERAS','12/09'||TO_CHAR(EXTRACT(YEAR FROM SYSDATE)-48),'25/05'||TO_CHAR(EXTRACT(YEAR FROM SYSDATE)-19),null,null,'Avda. Argentina 134','16','1','1','8','3');
INSERT INTO CLIENTE VALUES('53','17024034','0','LEONARDO','CRISTIAN','DUARTE','AREVALO','24/09'||TO_CHAR(EXTRACT(YEAR FROM SYSDATE)-38),'06/01'||TO_CHAR(EXTRACT(YEAR FROM SYSDATE)-15),null,null,'Avda. Presidente Riesco 1245','13','1','14','13','1');
INSERT INTO CLIENTE VALUES('54','18936554','3','PAOLA','MARIA','SIEBERT','OJEDA','06/01'||TO_CHAR(EXTRACT(YEAR FROM SYSDATE)-32),'06/01'||TO_CHAR(EXTRACT(YEAR FROM SYSDATE)-12),null,null,'José Miguel Carrera 235','1','1','1','17','1');
INSERT INTO CLIENTE VALUES('55','22725177','8','XIMENA',null,'URRUTIA','PEREZ','12/10'||TO_CHAR(EXTRACT(YEAR FROM SYSDATE)-28),'09/09'||TO_CHAR(EXTRACT(YEAR FROM SYSDATE)-6),null,null,'Los Carrera 87 Depto 21 Edificio Luna','3','1','1','4','2');
INSERT INTO CLIENTE VALUES('56','9043491','8','FRANCISCA','ROSA','CASTRO','CONTRERAS','23/06'||TO_CHAR(EXTRACT(YEAR FROM SYSDATE)-59),'12/01'||TO_CHAR(EXTRACT(YEAR FROM SYSDATE)-25),null,null,'Giuseppe Verdi 27','6','1','1','3','1');
INSERT INTO CLIENTE VALUES('57','10105553','1','ALICIA','ROMINA','SALDIVAR','SEPULVEDA','30/03'||TO_CHAR(EXTRACT(YEAR FROM SYSDATE)-55),'30/09'||TO_CHAR(EXTRACT(YEAR FROM SYSDATE)-24),null,null,'Los militares 2378','13','1','14','4','2');
INSERT INTO CLIENTE VALUES('58','14412582','7','CARMEN','LUISA','PEREZ','ARANCIBIA','12/10'||TO_CHAR(EXTRACT(YEAR FROM SYSDATE)-46),'09/09'||TO_CHAR(EXTRACT(YEAR FROM SYSDATE)-18),null,null,'Avda. Alemania 123 Deto 67 Edificio Bella Vista','5','1','1','9','1');
INSERT INTO CLIENTE VALUES('59','5331148','2','MARIA','LIDIA','LOPEZ','ALVAREZ','20/02'||TO_CHAR(EXTRACT(YEAR FROM SYSDATE)-73),'04/01'||TO_CHAR(EXTRACT(YEAR FROM SYSDATE)-29),null,null,'Avda. Los Aromos 1743','1','1','1','21','3');
INSERT INTO CLIENTE VALUES('60','6953740','5','ELENA',null,'OPAZO','SILVA','28/07'||TO_CHAR(EXTRACT(YEAR FROM SYSDATE)-62),'10/05'||TO_CHAR(EXTRACT(YEAR FROM SYSDATE)-27),null,null,'Larraín Mancheno 67','2','1','1','21','3');
INSERT INTO CLIENTE VALUES('61','14318610','5','VALESKA',null,'RIQUELME','CARVALLO','09/08'||TO_CHAR(EXTRACT(YEAR FROM SYSDATE)-47),'09/10'||TO_CHAR(EXTRACT(YEAR FROM SYSDATE)-19),null,null,'Bernardo O''Higgins 124','15','1','1','8','3');
INSERT INTO CLIENTE VALUES('62','18858542','6','DENISSE','ALICIA','DIAZ','MIRANDA','09/09'||TO_CHAR(EXTRACT(YEAR FROM SYSDATE)-33),'12/08'||TO_CHAR(EXTRACT(YEAR FROM SYSDATE)-13),null,null,'Las Acacias 57','1','1','1','16','1');
INSERT INTO CLIENTE VALUES('63','13386967','0','CLAUDIA','CAROLINA','KOHNERT','TOLOZA','20/02'||TO_CHAR(EXTRACT(YEAR FROM SYSDATE)-49),'04/01'||TO_CHAR(EXTRACT(YEAR FROM SYSDATE)-20),null,null,'Tiziano 34','13','1','14','7','1');
INSERT INTO CLIENTE VALUES('64','9806691','8','MARCIA','LORENA','GUTIERREZ','URZUA','06/01'||TO_CHAR(EXTRACT(YEAR FROM SYSDATE)-55),'19/11'||TO_CHAR(EXTRACT(YEAR FROM SYSDATE)-24),null,null,'Albacete 98','13','1','14','4','2');
INSERT INTO CLIENTE VALUES('65','11633656','1','GIANNINA','FRANCISCA','AGUIRRE','GREZ','01/08'||TO_CHAR(EXTRACT(YEAR FROM SYSDATE)-52),'17/02'||TO_CHAR(EXTRACT(YEAR FROM SYSDATE)-22),null,null,'Altas Cumbres Depto 23','11','1','1','6','2');
INSERT INTO CLIENTE VALUES('66','23131860','7','PAMELA','ANDREA','GUERRERO','DIAZ','20/10'||TO_CHAR(EXTRACT(YEAR FROM SYSDATE)-28),'12/08'||TO_CHAR(EXTRACT(YEAR FROM SYSDATE)-3),null,null,'Luis Flores 456','3','1','1','5','2');
INSERT INTO CLIENTE VALUES('67','21242003','4','KAREN','SOFIA','PRADENAS','MANDIOLA','07/09'||TO_CHAR(EXTRACT(YEAR FROM SYSDATE)-34),'19/11'||TO_CHAR(EXTRACT(YEAR FROM SYSDATE)-11),null,null,'Martín de Zamora 23','13','1','14','22','2');
INSERT INTO CLIENTE VALUES('68','5802137','7','ANA',null,'LIBERONA','VALDES','24/09'||TO_CHAR(EXTRACT(YEAR FROM SYSDATE)-73),'06/01'||TO_CHAR(EXTRACT(YEAR FROM SYSDATE)-29),null,null,'Avda, Las Parcelas 1863','1','1','1','21','3');
INSERT INTO CLIENTE VALUES('69','6175302','8','MARTA','ANDREA','AGUILAR','BAQUEDANO','23/06'||TO_CHAR(EXTRACT(YEAR FROM SYSDATE)-69),'12/01'||TO_CHAR(EXTRACT(YEAR FROM SYSDATE)-29),null,null,'Blanco Encalada 23','1','1','1','21','3');
INSERT INTO CLIENTE VALUES('70','14652456','7','CAROLINA',null,'PINO','MUÑOZ','17/02'||TO_CHAR(EXTRACT(YEAR FROM SYSDATE)-44),'19/04'||TO_CHAR(EXTRACT(YEAR FROM SYSDATE)-17),null,null,'Avda. Apoquindo 786','13','1','14','10','1');
INSERT INTO CLIENTE VALUES('71','18181488','8','VIVIANA',null,'PRADA','ESCOBAR','10/09'||TO_CHAR(EXTRACT(YEAR FROM SYSDATE)-34),'01/10'||TO_CHAR(EXTRACT(YEAR FROM SYSDATE)-14),null,null,'Las Magnolias 56','1','1','1','15','1');
INSERT INTO CLIENTE VALUES('72','9334416','2','JAVIERA','SOFIA','PEREIRA','ROA','12/10'||TO_CHAR(EXTRACT(YEAR FROM SYSDATE)-56),'09/09'||TO_CHAR(EXTRACT(YEAR FROM SYSDATE)-25),null,null,'Mateo Toro y Zambrano 23','7','1','1','4','1');
INSERT INTO CLIENTE VALUES('73','6868860','0','ALICIA','MARLENE','RIQUELME','OPAZO','12/10'||TO_CHAR(EXTRACT(YEAR FROM SYSDATE)-73),'09/09'||TO_CHAR(EXTRACT(YEAR FROM SYSDATE)-27),null,null,'Playa Lobito Depto 67 Edificio Iquique','1','1','1','21','3');
INSERT INTO CLIENTE VALUES('74','16044256','7','STEPHANIE',null,'KOHNERT','DIAZ','23/10'||TO_CHAR(EXTRACT(YEAR FROM SYSDATE)-41),'07/07'||TO_CHAR(EXTRACT(YEAR FROM SYSDATE)-16),null,null,'Alonso de Córdova 98','13','1','14','12','1');
INSERT INTO CLIENTE VALUES('75','8948643','4','SANDRA',null,'PONCE','ARIAS','24/09'||TO_CHAR(EXTRACT(YEAR FROM SYSDATE)-59),'06/01'||TO_CHAR(EXTRACT(YEAR FROM SYSDATE)-25),null,null,'Hernando de Magallanes 76','6','1','1','3','1');
INSERT INTO CLIENTE VALUES('76','13635212','3','VALESKA','NICOLE','ALTAMIRANO','GODOY','23/06'||TO_CHAR(EXTRACT(YEAR FROM SYSDATE)-48),'12/01'||TO_CHAR(EXTRACT(YEAR FROM SYSDATE)-19),null,null,'El Roble 234 Depto 23','16','1','1','7','3');
INSERT INTO CLIENTE VALUES('77','16439753','1','LUIS','JAIME','PEREZ','ALVAREZ','14/11'||TO_CHAR(EXTRACT(YEAR FROM SYSDATE)-49),'19/09'||TO_CHAR(EXTRACT(YEAR FROM SYSDATE)-15),null,null,'Calle Luis Pasteur567','13','1','32','13','1');
INSERT INTO CLIENTE VALUES('78','21815821','k','HERNAN','DAVID','VALLADARES','CASTRO','20/10'||TO_CHAR(EXTRACT(YEAR FROM SYSDATE)-27),'03/10'||TO_CHAR(EXTRACT(YEAR FROM SYSDATE)-9),null,null,'Andrés Stambuk Urzic 12','12','1','1','3','1');
INSERT INTO CLIENTE VALUES('79','16947141','1','PAMELA','ROCIO','MANDIOLA','GATICA','20/02'||TO_CHAR(EXTRACT(YEAR FROM SYSDATE)-38),'04/01'||TO_CHAR(EXTRACT(YEAR FROM SYSDATE)-15),null,null,'Avda. Vitacura 34','13','1','32','13','1');
INSERT INTO CLIENTE VALUES('80','14405525','1','CARLOS','JOEL','BARRA','HERNANDEZ','23/03'||TO_CHAR(EXTRACT(YEAR FROM SYSDATE)-47),'09/12'||TO_CHAR(EXTRACT(YEAR FROM SYSDATE)-18),null,null,'18 Septiembre 23 Condominio San Roque Casa 2','15','1','1','8','1');
INSERT INTO CLIENTE VALUES('81','9074609','1','AXEL','MIGUEL','GUZMAN','HOGGER','23/03'||TO_CHAR(EXTRACT(YEAR FROM SYSDATE)-56),'09/12'||TO_CHAR(EXTRACT(YEAR FROM SYSDATE)-25),null,null,'Brisas del Claro 256','7','1','1','4','1');
INSERT INTO CLIENTE VALUES('82','9053149','4','ALVARO','RODRIGO','RIQUELME','MONCADA','09/08'||TO_CHAR(EXTRACT(YEAR FROM SYSDATE)-57),'09/10'||TO_CHAR(EXTRACT(YEAR FROM SYSDATE)-25),null,null,'Las Araucarias 38','7','1','1','3','1');
INSERT INTO CLIENTE VALUES('83','22424126','9','NICOLÁS','JUAN','DOMINGUEZ','BERMUDEZ','28/07'||TO_CHAR(EXTRACT(YEAR FROM SYSDATE)-27),'25/05'||TO_CHAR(EXTRACT(YEAR FROM SYSDATE)-7),null,null,'José Manuel Balmaceda 284','4','1','1','3','1');
INSERT INTO CLIENTE VALUES('84','21037594','7','ANDREA',null,'LOPEZ','GUAJARDO','20/10'||TO_CHAR(EXTRACT(YEAR FROM SYSDATE)-30),'12/08'||TO_CHAR(EXTRACT(YEAR FROM SYSDATE)-11),null,null,'Leonardo DaVinci 34','2','1','1','22','2');
INSERT INTO CLIENTE VALUES('85','22176845','2','SILVANA','MARTINA','VALENZUELA','DUARTE','06/01'||TO_CHAR(EXTRACT(YEAR FROM SYSDATE)-28),'06/01'||TO_CHAR(EXTRACT(YEAR FROM SYSDATE)-8),null,null,'Avenida Costanera del Estrecho 35','12','1','1','3','1');
INSERT INTO CLIENTE VALUES('86','7455786','6','ANDREA','PAZ','GUAJARDO','ROMERO','01/08'||TO_CHAR(EXTRACT(YEAR FROM SYSDATE)-67),'17/02'||TO_CHAR(EXTRACT(YEAR FROM SYSDATE)-26),null,null,'Las Hualtatas 765','13','1','32','1','2');
INSERT INTO CLIENTE VALUES('87','6889506','7','JOAQUIN','CARLOS','SALGADO','GUTIERREZ','09/09'||TO_CHAR(EXTRACT(YEAR FROM SYSDATE)-60),'12/08'||TO_CHAR(EXTRACT(YEAR FROM SYSDATE)-27),null,null,'Las Pasionarias 678','1','1','1','21','3');
INSERT INTO CLIENTE VALUES('88','10534912','4','CATALINA','SOFIA','PEREIRA','AGUIRRE','17/02'||TO_CHAR(EXTRACT(YEAR FROM SYSDATE)-53),'19/04'||TO_CHAR(EXTRACT(YEAR FROM SYSDATE)-23),null,null,'Alborada 345','10','1','1','5','2');
INSERT INTO CLIENTE VALUES('89','15583473','2','RICARDO','ALEX','ARIAS','FERNANDEZ','12/10'||TO_CHAR(EXTRACT(YEAR FROM SYSDATE)-44),'14/09'||TO_CHAR(EXTRACT(YEAR FROM SYSDATE)-16),null,null,'Las Garzas 345','13','2','1','11','1');
INSERT INTO CLIENTE VALUES('90','21454912','5','JOSE','MIGUEL','TAPIA','TOBAR','12/09'||TO_CHAR(EXTRACT(YEAR FROM SYSDATE)-28),'17/02'||TO_CHAR(EXTRACT(YEAR FROM SYSDATE)-10),null,null,'27 de Septiembre 9843','13','2','1','22','2');
INSERT INTO CLIENTE VALUES('91','7467776','4','FELIPE','CRISTIAN','MARIN','GONZALEZ','07/09'||TO_CHAR(EXTRACT(YEAR FROM SYSDATE)-66),'18/10'||TO_CHAR(EXTRACT(YEAR FROM SYSDATE)-26),null,null,'Avda. Los Castaños 234','5','1','7','1','2');
INSERT INTO CLIENTE VALUES('92','21281336','4','ANTONELLA',null,'GUZMAN','ALVARADO','12/12'||TO_CHAR(EXTRACT(YEAR FROM SYSDATE)-29),'10/05'||TO_CHAR(EXTRACT(YEAR FROM SYSDATE)-11),null,null,'Las Orquideas Depto 34 Torre E','13','2','1','22','2');
INSERT INTO CLIENTE VALUES('93','14415536','1','FABIOLA','ANDREA','SILVA','MENESES','06/01'||TO_CHAR(EXTRACT(YEAR FROM SYSDATE)-46),'19/11'||TO_CHAR(EXTRACT(YEAR FROM SYSDATE)-18),null,null,'8 Norte 234 Depto 765 Edificio Santa Clara','5','1','7','9','2');
INSERT INTO CLIENTE VALUES('94','7035298','4','DORIS','YANINA','ARREDONDO','FONSECA','23/03'||TO_CHAR(EXTRACT(YEAR FROM SYSDATE)-67),'23/11'||TO_CHAR(EXTRACT(YEAR FROM SYSDATE)-26),null,null,'Adolfo Ruiz Martínez 456','13','2','1','1','2');
INSERT INTO CLIENTE VALUES('95','22558062','8','AMANDA','FABIOLA','MARAMBIO','LIZANA','23/03'||TO_CHAR(EXTRACT(YEAR FROM SYSDATE)-26),'09/12'||TO_CHAR(EXTRACT(YEAR FROM SYSDATE)-6),null,null,'Avda. Videla 754','4','1','2','4','2');
INSERT INTO CLIENTE VALUES('96','16000473','k','ROBERTO','DANIEL','GIRARDI','MENDEZ','20/10'||TO_CHAR(EXTRACT(YEAR FROM SYSDATE)-42),'04/04'||TO_CHAR(EXTRACT(YEAR FROM SYSDATE)-16),null,null,'Almirante Latorre 3456','13','2','1','12','1');
INSERT INTO CLIENTE VALUES('97','6433226','2','BELEN','JACQUELINE','SEPULVEDA','FIGUEROA','01/08'||TO_CHAR(EXTRACT(YEAR FROM SYSDATE)-65),'28/02'||TO_CHAR(EXTRACT(YEAR FROM SYSDATE)-28),null,null,'Llanquihue 1567','1','1','1','21','3');
INSERT INTO CLIENTE VALUES('98','6918259','5','DENISSE','ALEJANDRA','SMITH','MARDONES','30/03'||TO_CHAR(EXTRACT(YEAR FROM SYSDATE)-60),'30/09'||TO_CHAR(EXTRACT(YEAR FROM SYSDATE)-27),null,null,'Carlos Von Buren 654','2','1','1','21','3');
INSERT INTO CLIENTE VALUES('99','7471611','5','CLAUDIA',null,'CONTRERAS','CASTILLO','12/12'||TO_CHAR(EXTRACT(YEAR FROM SYSDATE)-60),'19/12'||TO_CHAR(EXTRACT(YEAR FROM SYSDATE)-26),null,null,'Avda. San Martín 654 Depto 94 Edificio Sol','5','1','7','2','2');
INSERT INTO CLIENTE VALUES('100','23309887','8','HECTOR','FRANCISCO','TOLOZA','CONTRERAS','23/10'||TO_CHAR(EXTRACT(YEAR FROM SYSDATE)-27),'03/10'||TO_CHAR(EXTRACT(YEAR FROM SYSDATE)-2),null,null,'Sgto. Aldea 86','3','3','1','5','1');
INSERT INTO CLIENTE VALUES('101','18333033','5','RODOLFO','CRISTIAN','OTAROLA','FRITZ','20/10'||TO_CHAR(EXTRACT(YEAR FROM SYSDATE)-35),'17/10'||TO_CHAR(EXTRACT(YEAR FROM SYSDATE)-13),null,null,'Pukara Ticara 578','1','1','1','16','1');
INSERT INTO CLIENTE VALUES('102','20866870','2','ANDRES','LUIS','CONTRERAS','MORALES','12/10'||TO_CHAR(EXTRACT(YEAR FROM SYSDATE)-32),'09/09'||TO_CHAR(EXTRACT(YEAR FROM SYSDATE)-11),null,null,'Leonardo DaVinci 57','2','1','1','23','2');
INSERT INTO CLIENTE VALUES('103','22503815','7','JULIAN','CARLOS','LUJAN','ARRIAGADA','21/12'||TO_CHAR(EXTRACT(YEAR FROM SYSDATE)-29),'09/10'||TO_CHAR(EXTRACT(YEAR FROM SYSDATE)-7),null,null,'Avda. Costanera 1574','4','1','2','4','1');
INSERT INTO CLIENTE VALUES('104','21300629','2','LUIS',null,'JORQUERA','LUNA','16/04'||TO_CHAR(EXTRACT(YEAR FROM SYSDATE)-29),'30/04'||TO_CHAR(EXTRACT(YEAR FROM SYSDATE)-10),null,null,'Alto Los Leones 8873','13','2','1','13','2');
INSERT INTO CLIENTE VALUES('105','24617341','0','KATHERINE','ROSA','ESTRADA','MUNOZ','16/04'||TO_CHAR(EXTRACT(YEAR FROM SYSDATE)-27),'12/01'||TO_CHAR(EXTRACT(YEAR FROM SYSDATE)-1),null,null,'Alcalde Juan José de Mira 1235','10','1','1','5','1');
INSERT INTO CLIENTE VALUES('106','9575921','3','MARIA','EUGENIA','LARRAIN','ESCOBAR','09/09'||TO_CHAR(EXTRACT(YEAR FROM SYSDATE)-55),'12/08'||TO_CHAR(EXTRACT(YEAR FROM SYSDATE)-24),null,null,'Isla Juan Fernández 2345','13','4','1','4','1');
INSERT INTO CLIENTE VALUES('107','12173454','2','VIVIANA','ANDREA','GODOY','GALDAMES','12/12'||TO_CHAR(EXTRACT(YEAR FROM SYSDATE)-50),'19/12'||TO_CHAR(EXTRACT(YEAR FROM SYSDATE)-21),null,null,'Avenida Los Generales 675','12','1','1','7','1');
INSERT INTO CLIENTE VALUES('108','18274954','2','CAROLINA','AMANDA','BLANCO','SILVA','12/10'||TO_CHAR(EXTRACT(YEAR FROM SYSDATE)-32),'09/09'||TO_CHAR(EXTRACT(YEAR FROM SYSDATE)-13),null,null,'Salitrera La Pampa 932','1','1','1','16','1');
INSERT INTO CLIENTE VALUES('109','12362093','5','SANDRA','LORENA','FALCON','AGUILAR','16/04'||TO_CHAR(EXTRACT(YEAR FROM SYSDATE)-50),'03/10'||TO_CHAR(EXTRACT(YEAR FROM SYSDATE)-20),null,null,'18 de Septiembre 982','13','4','1','7','1');
INSERT INTO CLIENTE VALUES('110','6604005','6','CRISTIAN','JUAN','VALDES','RODRIGUEZ','10/09'||TO_CHAR(EXTRACT(YEAR FROM SYSDATE)-72),'01/10'||TO_CHAR(EXTRACT(YEAR FROM SYSDATE)-28),null,null,'San Pedro 45','1','1','1','21','3');
INSERT INTO CLIENTE VALUES('111','21713768','5','RODRIGO','FREDY','BERNAL','PARRA','23/03'||TO_CHAR(EXTRACT(YEAR FROM SYSDATE)-29),'19/12'||TO_CHAR(EXTRACT(YEAR FROM SYSDATE)-9),null,null,'Doctor Eduardo Valdés 1256','12','1','1','5','1');
INSERT INTO CLIENTE VALUES('112','10964218','7','PATRICIO','ARNOLDO','VIDAL','PRADENAS','12/10'||TO_CHAR(EXTRACT(YEAR FROM SYSDATE)-52),'14/09'||TO_CHAR(EXTRACT(YEAR FROM SYSDATE)-22),null,null,'Lago O''Higgins 45','10','1','1','5','2');
INSERT INTO CLIENTE VALUES('113','21425049','9','SEBASTIAN',null,'BERRIOS','QUINTANA','24/09'||TO_CHAR(EXTRACT(YEAR FROM SYSDATE)-29),'23/11'||TO_CHAR(EXTRACT(YEAR FROM SYSDATE)-10),null,null,'Adolfo Stierling 174','13','4','1','23','2');
INSERT INTO CLIENTE VALUES('114','6969890','1','FERNANDO','RAFAEL','CARVAJAL','BUGUEÑO','21/12'||TO_CHAR(EXTRACT(YEAR FROM SYSDATE)-60),'30/04'||TO_CHAR(EXTRACT(YEAR FROM SYSDATE)-27),null,null,'Alfonso Casanova 3456','13','4','1','21','3');
INSERT INTO CLIENTE VALUES('115','21487946','k','CARLOS','RAFAEL','GUTIERREZ','ROA','09/08'||TO_CHAR(EXTRACT(YEAR FROM SYSDATE)-28),'18/10'||TO_CHAR(EXTRACT(YEAR FROM SYSDATE)-10),null,null,'Amazonas 9886','13','4','1','5','2');
INSERT INTO CLIENTE VALUES('116','19348481','8','SEBASTIAN','NICOLAS','RETAMAL','DIAZ','19/12'||TO_CHAR(EXTRACT(YEAR FROM SYSDATE)-30),'28/02'||TO_CHAR(EXTRACT(YEAR FROM SYSDATE)-12),null,null,'Cienfuegos 176','2','1','1','18','1');
INSERT INTO CLIENTE VALUES('117','12084103','5','JOSE','MIGUEL','CANDIA','QUIROZ','07/09'||TO_CHAR(EXTRACT(YEAR FROM SYSDATE)-51),'18/10'||TO_CHAR(EXTRACT(YEAR FROM SYSDATE)-22),null,null,'María Luisa Bombal 534','11','1','1','6','1');
INSERT INTO CLIENTE VALUES('118','14286265','6','ALEXIS','FERNANDO','CONTRERAS','CONA','01/08'||TO_CHAR(EXTRACT(YEAR FROM SYSDATE)-49),'28/02'||TO_CHAR(EXTRACT(YEAR FROM SYSDATE)-19),null,null,'Avenida Chapiquiña 345','15','1','1','8','3');
INSERT INTO CLIENTE VALUES('119','17024035','0','LEONARDO','ANDRES','AREVALO','DUARTE','23/06'||TO_CHAR(EXTRACT(YEAR FROM SYSDATE)-37),'12/01'||TO_CHAR(EXTRACT(YEAR FROM SYSDATE)-14),null,null,'Lago Caburga 996','13','4','1','14','1');
INSERT INTO CLIENTE VALUES('120','18936555','3','PAOLA','MARGARITA','OJEDA','SIEBERT','30/03'||TO_CHAR(EXTRACT(YEAR FROM SYSDATE)-21),'12/01'||TO_CHAR(EXTRACT(YEAR FROM SYSDATE)-12),null,null,'Los Manzanos 345','2','1','1','17','1');
INSERT INTO CLIENTE VALUES('121','22725178','8','XIMENA','MARCELA','PEREZ','URRUTIA','01/08'||TO_CHAR(EXTRACT(YEAR FROM SYSDATE)-27),'17/10'||TO_CHAR(EXTRACT(YEAR FROM SYSDATE)-3),null,null,'Lautaro 85','3','3','1','4','2');
INSERT INTO CLIENTE VALUES('122','9043492','8','FRANCISCA','PAULA','CONTRERAS','CASTRO','12/09'||TO_CHAR(EXTRACT(YEAR FROM SYSDATE)-58),'25/05'||TO_CHAR(EXTRACT(YEAR FROM SYSDATE)-25),null,null,'José Sotomayor 976','6','1','1','3','1');
INSERT INTO CLIENTE VALUES('123','10105554','1','ALICIA','NANCY','SEPULVEDA','SALDIVAR','28/07'||TO_CHAR(EXTRACT(YEAR FROM SYSDATE)-54),'10/05'||TO_CHAR(EXTRACT(YEAR FROM SYSDATE)-24),null,null,'Blanco Encalada Depto 34 Edificio San Bernardo','13','4','1','5','2');
INSERT INTO CLIENTE VALUES('124','14439731','4','ELSA','MARIA','ARAVENA','GOMEZ','21/12'||TO_CHAR(EXTRACT(YEAR FROM SYSDATE)-45),'30/04'||TO_CHAR(EXTRACT(YEAR FROM SYSDATE)-17),null,null,'Álvarez 234 Depto 123 Edificio San Luis','5','1','7','10','2');
INSERT INTO CLIENTE VALUES('125','15583472','2','RICARDO','JUAN','FERNANDEZ','ARIAS','23/03'||TO_CHAR(EXTRACT(YEAR FROM SYSDATE)-44),'23/11'||TO_CHAR(EXTRACT(YEAR FROM SYSDATE)-17),null,null,'Palermo 984','13','1','1','11','1');
INSERT INTO CLIENTE VALUES('126','19348480','8','SEBASTIAN','MANUEL','DIAZ','RETAMAL','28/07'||TO_CHAR(EXTRACT(YEAR FROM SYSDATE)-21),'25/05'||TO_CHAR(EXTRACT(YEAR FROM SYSDATE)-12),null,null,'La Rinconada 53','2','1','1','17','1');
INSERT INTO CLIENTE VALUES('127','9575920','3','MARIA','EUGENIA','ESCOBAR','LARRAIN','20/10'||TO_CHAR(EXTRACT(YEAR FROM SYSDATE)-56),'17/10'||TO_CHAR(EXTRACT(YEAR FROM SYSDATE)-25),null,null,'Los Tamarugos 1456','7','1','1','4','1');
INSERT INTO CLIENTE VALUES('128','23552593','3','SANDRA','JIMENA','HERNANDEZ','CAVIERES','12/12'||TO_CHAR(EXTRACT(YEAR FROM SYSDATE)-27),'04/01'||TO_CHAR(EXTRACT(YEAR FROM SYSDATE)-2),null,null,'Vicuña Mackena 163','3','1','1','5','1');
INSERT INTO CLIENTE VALUES('129','17046056','3','MARCIA','PAULA','SIERRA','BENITEZ','01/08'||TO_CHAR(EXTRACT(YEAR FROM SYSDATE)-36),'28/02'||TO_CHAR(EXTRACT(YEAR FROM SYSDATE)-14),null,null,'Fernando de Aragón 23','13','1','14','14','1');
INSERT INTO CLIENTE VALUES('130','10238016','9','MARLENE',null,'MONDEJA','BARROS','19/12'||TO_CHAR(EXTRACT(YEAR FROM SYSDATE)-54),'29/03'||TO_CHAR(EXTRACT(YEAR FROM SYSDATE)-24),null,null,'Avda. Presidente Riesco 234 ','13','1','14','5','2');

INSERT INTO PRODUCTO_INVERSION_CLIENTE VALUES('250001','5','12/12'||TO_CHAR(EXTRACT(YEAR FROM SYSDATE)-1),'250000','30','1000000','30');
INSERT INTO PRODUCTO_INVERSION_CLIENTE  VALUES('300025','5','12/03'||TO_CHAR(EXTRACT(YEAR FROM SYSDATE)-3),'250000','30','9250000','30');
INSERT INTO PRODUCTO_INVERSION_CLIENTE  VALUES('250002','6','20/01'||TO_CHAR(EXTRACT(YEAR FROM SYSDATE)-2),'125000','25','3375000','25');
INSERT INTO PRODUCTO_INVERSION_CLIENTE  VALUES('250003','13','01/03'||TO_CHAR(EXTRACT(YEAR FROM SYSDATE)),'400000','10','400000','25');
INSERT INTO PRODUCTO_INVERSION_CLIENTE  VALUES('250004','14','25/06'||TO_CHAR(EXTRACT(YEAR FROM SYSDATE)-2),'280000','25','5880000','25');
INSERT INTO PRODUCTO_INVERSION_CLIENTE  VALUES('250005','15','15/09'||TO_CHAR(EXTRACT(YEAR FROM SYSDATE)-1),'210000','15','1470000','25');
INSERT INTO PRODUCTO_INVERSION_CLIENTE  VALUES('250006','26','17/09'||TO_CHAR(EXTRACT(YEAR FROM SYSDATE)-3),'185000','10','5735000','25');
INSERT INTO PRODUCTO_INVERSION_CLIENTE  VALUES('150030','26','17/09'||TO_CHAR(EXTRACT(YEAR FROM SYSDATE)-1),'185000','10','1295000','15');
INSERT INTO PRODUCTO_INVERSION_CLIENTE  VALUES('150031','26','17/09'||TO_CHAR(EXTRACT(YEAR FROM SYSDATE)-1),'185000','10','1295000','15');
INSERT INTO PRODUCTO_INVERSION_CLIENTE  VALUES('250007','27','05/02'||TO_CHAR(EXTRACT(YEAR FROM SYSDATE)),'230000','5','460000','25');
INSERT INTO PRODUCTO_INVERSION_CLIENTE  VALUES('250008','29','30/07'||TO_CHAR(EXTRACT(YEAR FROM SYSDATE)-1),'170000','30','1360000','25');
INSERT INTO PRODUCTO_INVERSION_CLIENTE  VALUES('250009','31','06/04'||TO_CHAR(EXTRACT(YEAR FROM SYSDATE)),'300000','25','0','25');
INSERT INTO PRODUCTO_INVERSION_CLIENTE  VALUES('250010','34','15/11'||TO_CHAR(EXTRACT(YEAR FROM SYSDATE)-1),'240000','25','1200000','25');
INSERT INTO PRODUCTO_INVERSION_CLIENTE  VALUES('250011','38','16/10'||TO_CHAR(EXTRACT(YEAR FROM SYSDATE)-2),'190000','10','3420000','25');
INSERT INTO PRODUCTO_INVERSION_CLIENTE  VALUES('250012','39','29/12'||TO_CHAR(EXTRACT(YEAR FROM SYSDATE)-1),'210000','10','630000','25');
INSERT INTO PRODUCTO_INVERSION_CLIENTE  VALUES('250013','40','18/02'||TO_CHAR(EXTRACT(YEAR FROM SYSDATE)),'310000','10','620000','25');
INSERT INTO PRODUCTO_INVERSION_CLIENTE  VALUES('250014','41','16/02'||TO_CHAR(EXTRACT(YEAR FROM SYSDATE)-1),'210000','15','2940000','25');
INSERT INTO PRODUCTO_INVERSION_CLIENTE  VALUES('250015','42','15/12'||TO_CHAR(EXTRACT(YEAR FROM SYSDATE)-2),'165000','15','2640000','25');
INSERT INTO PRODUCTO_INVERSION_CLIENTE  VALUES('250016','44','25/03'||TO_CHAR(EXTRACT(YEAR FROM SYSDATE)-1),'155000','15','1860000','25');
INSERT INTO PRODUCTO_INVERSION_CLIENTE  VALUES('250017','47','12/12'||TO_CHAR(EXTRACT(YEAR FROM SYSDATE)-2),'120000','15','1920000','25');
INSERT INTO PRODUCTO_INVERSION_CLIENTE  VALUES('250018','50','20/01'||TO_CHAR(EXTRACT(YEAR FROM SYSDATE)-1),'240000','20','3600000','25');
INSERT INTO PRODUCTO_INVERSION_CLIENTE  VALUES('250019','54','01/03'||TO_CHAR(EXTRACT(YEAR FROM SYSDATE)-1),'260000','20','3380000','25');
INSERT INTO PRODUCTO_INVERSION_CLIENTE  VALUES('250020','55','25/06'||TO_CHAR(EXTRACT(YEAR FROM SYSDATE)-1),'190000','20','1710000','25');
INSERT INTO PRODUCTO_INVERSION_CLIENTE  VALUES('250021','62','15/09'||TO_CHAR(EXTRACT(YEAR FROM SYSDATE)-2),'170000','30','3230000','25');
INSERT INTO PRODUCTO_INVERSION_CLIENTE  VALUES('250022','66','17/09'||TO_CHAR(EXTRACT(YEAR FROM SYSDATE)-1),'250000','30','1750000','25');
INSERT INTO PRODUCTO_INVERSION_CLIENTE  VALUES('250023','67','05/02'||TO_CHAR(EXTRACT(YEAR FROM SYSDATE)),'125000','30','250000','25');
INSERT INTO PRODUCTO_INVERSION_CLIENTE  VALUES('250024','71','30/07'||TO_CHAR(EXTRACT(YEAR FROM SYSDATE)-1),'400000','30','3200000','25');
INSERT INTO PRODUCTO_INVERSION_CLIENTE  VALUES('250025','78','06/04'||TO_CHAR(EXTRACT(YEAR FROM SYSDATE)),'280000','30','0','25');
INSERT INTO PRODUCTO_INVERSION_CLIENTE  VALUES('250026','83','15/11'||TO_CHAR(EXTRACT(YEAR FROM SYSDATE)-2),'210000','30','3570000','25');
INSERT INTO PRODUCTO_INVERSION_CLIENTE  VALUES('250027','84','16/10'||TO_CHAR(EXTRACT(YEAR FROM SYSDATE)-1),'185000','25','1110000','25');
INSERT INTO PRODUCTO_INVERSION_CLIENTE  VALUES('250028','85','29/12'||TO_CHAR(EXTRACT(YEAR FROM SYSDATE)-1),'230000','15','690000','25');
INSERT INTO PRODUCTO_INVERSION_CLIENTE  VALUES('250029','90','18/02'||TO_CHAR(EXTRACT(YEAR FROM SYSDATE)),'170000','25','340000','25');
INSERT INTO PRODUCTO_INVERSION_CLIENTE  VALUES('250030','92','16/02'||TO_CHAR(EXTRACT(YEAR FROM SYSDATE)-1),'300000','15','4200000','25');
INSERT INTO PRODUCTO_INVERSION_CLIENTE  VALUES('250031','95','15/12'||TO_CHAR(EXTRACT(YEAR FROM SYSDATE)-2),'240000','10','3840000','25');
INSERT INTO PRODUCTO_INVERSION_CLIENTE  VALUES('250032','100','25/03'||TO_CHAR(EXTRACT(YEAR FROM SYSDATE)-1),'190000','5','2280000','25');
INSERT INTO PRODUCTO_INVERSION_CLIENTE  VALUES('250033','101','25/03'||TO_CHAR(EXTRACT(YEAR FROM SYSDATE)-1),'210000','30','2520000','25');
INSERT INTO PRODUCTO_INVERSION_CLIENTE  VALUES('250034','102','12/12'||TO_CHAR(EXTRACT(YEAR FROM SYSDATE)-2),'310000','25','4960000','25');
INSERT INTO PRODUCTO_INVERSION_CLIENTE  VALUES('250035','103','20/01'||TO_CHAR(EXTRACT(YEAR FROM SYSDATE)-1),'210000','25','3150000','25');
INSERT INTO PRODUCTO_INVERSION_CLIENTE  VALUES('250036','104','01/03'||TO_CHAR(EXTRACT(YEAR FROM SYSDATE)-1),'165000','10','2145000','25');
INSERT INTO PRODUCTO_INVERSION_CLIENTE  VALUES('250037','105','25/06'||TO_CHAR(EXTRACT(YEAR FROM SYSDATE)-1),'155000','10','1395000','25');
INSERT INTO PRODUCTO_INVERSION_CLIENTE  VALUES('250038','108','15/09'||TO_CHAR(EXTRACT(YEAR FROM SYSDATE)-2),'120000','10','2280000','25');
INSERT INTO PRODUCTO_INVERSION_CLIENTE  VALUES('250039','111','17/09'||TO_CHAR(EXTRACT(YEAR FROM SYSDATE)-1),'240000','15','1680000','25');
INSERT INTO PRODUCTO_INVERSION_CLIENTE  VALUES('250040','113','05/02'||TO_CHAR(EXTRACT(YEAR FROM SYSDATE)),'260000','15','520000','25');
INSERT INTO PRODUCTO_INVERSION_CLIENTE  VALUES('250041','115','30/07'||TO_CHAR(EXTRACT(YEAR FROM SYSDATE)-1),'190000','15','1520000','25');
INSERT INTO PRODUCTO_INVERSION_CLIENTE  VALUES('250042','116','06/04'||TO_CHAR(EXTRACT(YEAR FROM SYSDATE)),'170000','15','0','25');
INSERT INTO PRODUCTO_INVERSION_CLIENTE  VALUES('250043','120','15/11'||TO_CHAR(EXTRACT(YEAR FROM SYSDATE)-2),'195000','20','3315000','25');
INSERT INTO PRODUCTO_INVERSION_CLIENTE  VALUES('250044','121','16/10'||TO_CHAR(EXTRACT(YEAR FROM SYSDATE)-1),'205000','20','1230000','25');
INSERT INTO PRODUCTO_INVERSION_CLIENTE  VALUES('250045','126','29/12'||TO_CHAR(EXTRACT(YEAR FROM SYSDATE)-1),'210000','20','630000','25');
INSERT INTO PRODUCTO_INVERSION_CLIENTE  VALUES('250046','128','18/02'||TO_CHAR(EXTRACT(YEAR FROM SYSDATE)),'190000','25','380000','25');
INSERT INTO PRODUCTO_INVERSION_CLIENTE  VALUES('150001','2','12/12'||TO_CHAR(EXTRACT(YEAR FROM SYSDATE)-1),'25000','30','100000','15');
INSERT INTO PRODUCTO_INVERSION_CLIENTE  VALUES('150002','3','20/01'||TO_CHAR(EXTRACT(YEAR FROM SYSDATE)-2),'12500','25','337500','15');
INSERT INTO PRODUCTO_INVERSION_CLIENTE  VALUES('150003','7','01/03'||TO_CHAR(EXTRACT(YEAR FROM SYSDATE)),'40000','10','40000','15');
INSERT INTO PRODUCTO_INVERSION_CLIENTE  VALUES('150004','9','25/06'||TO_CHAR(EXTRACT(YEAR FROM SYSDATE)-2),'28000','25','588000','15');
INSERT INTO PRODUCTO_INVERSION_CLIENTE  VALUES('150005','10','15/09'||TO_CHAR(EXTRACT(YEAR FROM SYSDATE)-1),'21000','15','147000','15');
INSERT INTO PRODUCTO_INVERSION_CLIENTE  VALUES('150006','11','17/09'||TO_CHAR(EXTRACT(YEAR FROM SYSDATE)-3),'18500','10','573500','15');
INSERT INTO PRODUCTO_INVERSION_CLIENTE  VALUES('150007','12','05/02'||TO_CHAR(EXTRACT(YEAR FROM SYSDATE)),'23000','5','46000','15');
INSERT INTO PRODUCTO_INVERSION_CLIENTE  VALUES('150008','18','30/07'||TO_CHAR(EXTRACT(YEAR FROM SYSDATE)-1),'17000','30','136000','15');
INSERT INTO PRODUCTO_INVERSION_CLIENTE  VALUES('150009','21','06/04'||TO_CHAR(EXTRACT(YEAR FROM SYSDATE)),'30000','25','0','15');
INSERT INTO PRODUCTO_INVERSION_CLIENTE  VALUES('150010','23','15/11'||TO_CHAR(EXTRACT(YEAR FROM SYSDATE)-1),'24000','25','120000','15');
INSERT INTO PRODUCTO_INVERSION_CLIENTE  VALUES('150011','24','16/10'||TO_CHAR(EXTRACT(YEAR FROM SYSDATE)-2),'19000','10','342000','15');
INSERT INTO PRODUCTO_INVERSION_CLIENTE  VALUES('150012','32','29/12'||TO_CHAR(EXTRACT(YEAR FROM SYSDATE)-1),'21000','10','63000','15');
INSERT INTO PRODUCTO_INVERSION_CLIENTE  VALUES('150013','52','18/02'||TO_CHAR(EXTRACT(YEAR FROM SYSDATE)),'31000','10','62000','15');
INSERT INTO PRODUCTO_INVERSION_CLIENTE  VALUES('150014','53','16/02'||TO_CHAR(EXTRACT(YEAR FROM SYSDATE)-1),'21000','15','294000','15');
INSERT INTO PRODUCTO_INVERSION_CLIENTE  VALUES('150015','58','15/12'||TO_CHAR(EXTRACT(YEAR FROM SYSDATE)-2),'16500','15','264000','15');
INSERT INTO PRODUCTO_INVERSION_CLIENTE  VALUES('150016','61','25/03'||TO_CHAR(EXTRACT(YEAR FROM SYSDATE)-1),'15500','15','186000','15');
INSERT INTO PRODUCTO_INVERSION_CLIENTE  VALUES('150017','70','12/12'||TO_CHAR(EXTRACT(YEAR FROM SYSDATE)-2),'12000','15','192000','15');
INSERT INTO PRODUCTO_INVERSION_CLIENTE  VALUES('150018','74','20/01'||TO_CHAR(EXTRACT(YEAR FROM SYSDATE)-1),'24000','20','360000','15');
INSERT INTO PRODUCTO_INVERSION_CLIENTE  VALUES('150019','77','01/03'||TO_CHAR(EXTRACT(YEAR FROM SYSDATE)-1),'26000','20','338000','15');
INSERT INTO PRODUCTO_INVERSION_CLIENTE  VALUES('150020','79','25/06'||TO_CHAR(EXTRACT(YEAR FROM SYSDATE)-1),'19000','20','171000','15');
INSERT INTO PRODUCTO_INVERSION_CLIENTE  VALUES('150021','80','15/09'||TO_CHAR(EXTRACT(YEAR FROM SYSDATE)-2),'17000','30','323000','15');
INSERT INTO PRODUCTO_INVERSION_CLIENTE  VALUES('150022','89','17/09'||TO_CHAR(EXTRACT(YEAR FROM SYSDATE)-1),'25000','30','175000','15');
INSERT INTO PRODUCTO_INVERSION_CLIENTE  VALUES('150023','93','05/02'||TO_CHAR(EXTRACT(YEAR FROM SYSDATE)),'125000','30','250000','15');
INSERT INTO PRODUCTO_INVERSION_CLIENTE  VALUES('150024','96','30/07'||TO_CHAR(EXTRACT(YEAR FROM SYSDATE)-1),'40000','30','320000','15');
INSERT INTO PRODUCTO_INVERSION_CLIENTE  VALUES('150025','118','06/04'||TO_CHAR(EXTRACT(YEAR FROM SYSDATE)),'28000','30','0','15');
INSERT INTO PRODUCTO_INVERSION_CLIENTE  VALUES('150026','119','15/11'||TO_CHAR(EXTRACT(YEAR FROM SYSDATE)-2),'21000','30','357000','15');
INSERT INTO PRODUCTO_INVERSION_CLIENTE  VALUES('150027','124','16/10'||TO_CHAR(EXTRACT(YEAR FROM SYSDATE)-1),'18500','25','111000','15');
INSERT INTO PRODUCTO_INVERSION_CLIENTE  VALUES('150028','125','29/12'||TO_CHAR(EXTRACT(YEAR FROM SYSDATE)-1),'23000','15','69000','15');
INSERT INTO PRODUCTO_INVERSION_CLIENTE  VALUES('150029','129','18/02'||TO_CHAR(EXTRACT(YEAR FROM SYSDATE)),'170000','25','340000','15');
INSERT INTO PRODUCTO_INVERSION_CLIENTE  VALUES('100001','1','12/12'||TO_CHAR(EXTRACT(YEAR FROM SYSDATE)-11),'25000','30','2800000','10');
INSERT INTO PRODUCTO_INVERSION_CLIENTE  VALUES('100002','4','20/01'||TO_CHAR(EXTRACT(YEAR FROM SYSDATE)-13),'12500','25','1837500','10');
INSERT INTO PRODUCTO_INVERSION_CLIENTE  VALUES('100003','8','01/03'||TO_CHAR(EXTRACT(YEAR FROM SYSDATE)-9),'40000','10','3880000','10');
INSERT INTO PRODUCTO_INVERSION_CLIENTE  VALUES('100004','19','25/06'||TO_CHAR(EXTRACT(YEAR FROM SYSDATE)-2),'28000','25','588000','10');
INSERT INTO PRODUCTO_INVERSION_CLIENTE  VALUES('100005','20','15/09'||TO_CHAR(EXTRACT(YEAR FROM SYSDATE)-12),'21000','15','2667000','10');
INSERT INTO PRODUCTO_INVERSION_CLIENTE  VALUES('100006','22','17/09'||TO_CHAR(EXTRACT(YEAR FROM SYSDATE)-3),'18500','10','573500','10');
INSERT INTO PRODUCTO_INVERSION_CLIENTE  VALUES('100007','25','05/02'||TO_CHAR(EXTRACT(YEAR FROM SYSDATE)-5),'23000','5','1150000','10');
INSERT INTO PRODUCTO_INVERSION_CLIENTE  VALUES('100008','43','30/07'||TO_CHAR(EXTRACT(YEAR FROM SYSDATE)-6),'17000','30','952000','10');
INSERT INTO PRODUCTO_INVERSION_CLIENTE  VALUES('100009','45','06/04'||TO_CHAR(EXTRACT(YEAR FROM SYSDATE)),'30000','25','0','10');
INSERT INTO PRODUCTO_INVERSION_CLIENTE  VALUES('100010','48','15/11'||TO_CHAR(EXTRACT(YEAR FROM SYSDATE)-1),'24000','25','120000','10');
INSERT INTO PRODUCTO_INVERSION_CLIENTE  VALUES('100011','51','16/10'||TO_CHAR(EXTRACT(YEAR FROM SYSDATE)-2),'19000','10','342000','10');
INSERT INTO PRODUCTO_INVERSION_CLIENTE  VALUES('100012','56','29/12'||TO_CHAR(EXTRACT(YEAR FROM SYSDATE)-1),'21000','10','63000','10');
INSERT INTO PRODUCTO_INVERSION_CLIENTE  VALUES('100013','57','18/02'||TO_CHAR(EXTRACT(YEAR FROM SYSDATE)-10),'31000','10','3410000','10');
INSERT INTO PRODUCTO_INVERSION_CLIENTE  VALUES('100014','63','16/02'||TO_CHAR(EXTRACT(YEAR FROM SYSDATE)-9),'21000','15','2058000','10');
INSERT INTO PRODUCTO_INVERSION_CLIENTE  VALUES('100015','64','15/12'||TO_CHAR(EXTRACT(YEAR FROM SYSDATE)-2),'16500','15','264000','10');
INSERT INTO PRODUCTO_INVERSION_CLIENTE  VALUES('100016','65','25/03'||TO_CHAR(EXTRACT(YEAR FROM SYSDATE)-3),'15500','15','558000','10');
INSERT INTO PRODUCTO_INVERSION_CLIENTE  VALUES('100017','72','12/12'||TO_CHAR(EXTRACT(YEAR FROM SYSDATE)-6),'12000','15','624000','10');
INSERT INTO PRODUCTO_INVERSION_CLIENTE  VALUES('100018','75','20/01'||TO_CHAR(EXTRACT(YEAR FROM SYSDATE)-7),'24000','20','1800000','10');
INSERT INTO PRODUCTO_INVERSION_CLIENTE  VALUES('100019','76','01/03'||TO_CHAR(EXTRACT(YEAR FROM SYSDATE)-8),'26000','20','2210000','10');
INSERT INTO PRODUCTO_INVERSION_CLIENTE  VALUES('100020','81','25/06'||TO_CHAR(EXTRACT(YEAR FROM SYSDATE)-8),'19000','20','1539000','10');
INSERT INTO PRODUCTO_INVERSION_CLIENTE  VALUES('100021','82','15/09'||TO_CHAR(EXTRACT(YEAR FROM SYSDATE)-9),'17000','30','1547000','10');
INSERT INTO PRODUCTO_INVERSION_CLIENTE  VALUES('100022','88','17/09'||TO_CHAR(EXTRACT(YEAR FROM SYSDATE)-1),'25000','30','175000','10');
INSERT INTO PRODUCTO_INVERSION_CLIENTE  VALUES('100023','106','05/02'||TO_CHAR(EXTRACT(YEAR FROM SYSDATE)-7),'125000','30','9250000','10');
INSERT INTO PRODUCTO_INVERSION_CLIENTE  VALUES('100024','107','30/07'||TO_CHAR(EXTRACT(YEAR FROM SYSDATE)-7),'40000','30','962720000','10');
INSERT INTO PRODUCTO_INVERSION_CLIENTE  VALUES('100025','109','06/04'||TO_CHAR(EXTRACT(YEAR FROM SYSDATE)-9),'28000','30','2688000','10');
INSERT INTO PRODUCTO_INVERSION_CLIENTE  VALUES('100026','112','15/11'||TO_CHAR(EXTRACT(YEAR FROM SYSDATE)-9),'21000','30','1869000','10');
INSERT INTO PRODUCTO_INVERSION_CLIENTE  VALUES('100027','117','16/10'||TO_CHAR(EXTRACT(YEAR FROM SYSDATE)-9),'18500','25','1665000','10');
INSERT INTO PRODUCTO_INVERSION_CLIENTE  VALUES('100028','122','29/12'||TO_CHAR(EXTRACT(YEAR FROM SYSDATE)-3),'23000','15','621000','10');
INSERT INTO PRODUCTO_INVERSION_CLIENTE  VALUES('100029','123','18/02'||TO_CHAR(EXTRACT(YEAR FROM SYSDATE)-9),'170000','25','16660000','10');
INSERT INTO PRODUCTO_INVERSION_CLIENTE  VALUES('100030','127','29/12'||TO_CHAR(EXTRACT(YEAR FROM SYSDATE)-1),'120000','10','360000','10');
INSERT INTO PRODUCTO_INVERSION_CLIENTE  VALUES('100031','130','18/02'||TO_CHAR(EXTRACT(YEAR FROM SYSDATE)-9),'80000','10','7840000','10');
INSERT INTO PRODUCTO_INVERSION_CLIENTE  VALUES('300001','16','09/12'||TO_CHAR(EXTRACT(YEAR FROM SYSDATE)-28),'25000','30','7900000','30');
INSERT INTO PRODUCTO_INVERSION_CLIENTE  VALUES('300002','17','17/10'||TO_CHAR(EXTRACT(YEAR FROM SYSDATE)-27),'12500','25','3825000','30');
INSERT INTO PRODUCTO_INVERSION_CLIENTE  VALUES('300003','28','14/09'||TO_CHAR(EXTRACT(YEAR FROM SYSDATE)-26),'40000','10','11800000','30');
INSERT INTO PRODUCTO_INVERSION_CLIENTE  VALUES('300004','30','04/04'||TO_CHAR(EXTRACT(YEAR FROM SYSDATE)-26),'28000','25','8400000','30');
INSERT INTO PRODUCTO_INVERSION_CLIENTE  VALUES('300005','33','19/04'||TO_CHAR(EXTRACT(YEAR FROM SYSDATE)-27),'21000','15','6552000','30');
INSERT INTO PRODUCTO_INVERSION_CLIENTE  VALUES('300006','35','25/05'||TO_CHAR(EXTRACT(YEAR FROM SYSDATE)-29),'18500','10','6179000','30');
INSERT INTO PRODUCTO_INVERSION_CLIENTE  VALUES('300007','36','19/11'||TO_CHAR(EXTRACT(YEAR FROM SYSDATE)-27),'23000','5','7015000','30');
INSERT INTO PRODUCTO_INVERSION_CLIENTE  VALUES('300008','37','07/07'||TO_CHAR(EXTRACT(YEAR FROM SYSDATE)-26),'17000','30','5049000','30');
INSERT INTO PRODUCTO_INVERSION_CLIENTE  VALUES('300009','46','09/10'||TO_CHAR(EXTRACT(YEAR FROM SYSDATE)-28),'30000','25','9540000','30');
INSERT INTO PRODUCTO_INVERSION_CLIENTE  VALUES('300010','49','29/03'||TO_CHAR(EXTRACT(YEAR FROM SYSDATE)-27),'24000','25','7488000','30');
INSERT INTO PRODUCTO_INVERSION_CLIENTE  VALUES('300011','59','04/01'||TO_CHAR(EXTRACT(YEAR FROM SYSDATE)-29),'19000','10','6441000','30');
INSERT INTO PRODUCTO_INVERSION_CLIENTE  VALUES('300012','60','10/05'||TO_CHAR(EXTRACT(YEAR FROM SYSDATE)-27),'21000','10','6531000','30');
INSERT INTO PRODUCTO_INVERSION_CLIENTE  VALUES('300013','68','06/01'||TO_CHAR(EXTRACT(YEAR FROM SYSDATE)-29),'31000','10','10509000','30');
INSERT INTO PRODUCTO_INVERSION_CLIENTE  VALUES('300014','69','12/01'||TO_CHAR(EXTRACT(YEAR FROM SYSDATE)-29),'21000','15','7119000','30');
INSERT INTO PRODUCTO_INVERSION_CLIENTE  VALUES('300015','73','09/09'||TO_CHAR(EXTRACT(YEAR FROM SYSDATE)-27),'16500','15','5065500','30');
INSERT INTO PRODUCTO_INVERSION_CLIENTE  VALUES('300016','86','17/02'||TO_CHAR(EXTRACT(YEAR FROM SYSDATE)-26),'15500','15','4681000','30');
INSERT INTO PRODUCTO_INVERSION_CLIENTE  VALUES('300017','87','12/08'||TO_CHAR(EXTRACT(YEAR FROM SYSDATE)-27),'12000','15','3696000','30');
INSERT INTO PRODUCTO_INVERSION_CLIENTE  VALUES('300018','91','18/10'||TO_CHAR(EXTRACT(YEAR FROM SYSDATE)-26),'24000','20','7056000','30');
INSERT INTO PRODUCTO_INVERSION_CLIENTE  VALUES('300019','94','23/11'||TO_CHAR(EXTRACT(YEAR FROM SYSDATE)-26),'26000','20','7592000','30');
INSERT INTO PRODUCTO_INVERSION_CLIENTE  VALUES('300020','97','28/02'||TO_CHAR(EXTRACT(YEAR FROM SYSDATE)-28),'19000','20','6175000','30');
INSERT INTO PRODUCTO_INVERSION_CLIENTE  VALUES('250047','97','28/02'||TO_CHAR(EXTRACT(YEAR FROM SYSDATE)-28),'19000','20','6175000','25');
INSERT INTO PRODUCTO_INVERSION_CLIENTE  VALUES('300021','98','30/09'||TO_CHAR(EXTRACT(YEAR FROM SYSDATE)-27),'17000','30','5202000','30');
INSERT INTO PRODUCTO_INVERSION_CLIENTE  VALUES('300022','99','19/12'||TO_CHAR(EXTRACT(YEAR FROM SYSDATE)-26),'25000','30','7300000','30');
INSERT INTO PRODUCTO_INVERSION_CLIENTE  VALUES('300023','110','01/10'||TO_CHAR(EXTRACT(YEAR FROM SYSDATE)-28),'125000','30','39750000','30');
INSERT INTO PRODUCTO_INVERSION_CLIENTE  VALUES('300024','114','30/04'||TO_CHAR(EXTRACT(YEAR FROM SYSDATE)-27),'40000','30','12440000','30');

UPDATE PRODUCTO_INVERSION_CLIENTE 
  SET monto_total_ahorrado=ROUND(MONTHS_BETWEEN(SYSDATE,fecha_solic_prod))*ahorro_minimo_mensual;
  
INSERT INTO MOVIMIENTO VALUES('1','300002','17','30','25/12'||TO_CHAR(EXTRACT(YEAR FROM SYSDATE)-1),'12500','1');
INSERT INTO MOVIMIENTO VALUES('2','300005','33','30','15/12'||TO_CHAR(EXTRACT(YEAR FROM SYSDATE)-1),'21000','1');
INSERT INTO MOVIMIENTO VALUES('3','300006','35','30','10/12'||TO_CHAR(EXTRACT(YEAR FROM SYSDATE)-1),'18500','1');
INSERT INTO MOVIMIENTO VALUES('4','300007','36','30','05/12'||TO_CHAR(EXTRACT(YEAR FROM SYSDATE)-1),'23000','1');
INSERT INTO MOVIMIENTO VALUES('5','300008','37','30','30/12'||TO_CHAR(EXTRACT(YEAR FROM SYSDATE)-1),'17000','1');
INSERT INTO MOVIMIENTO VALUES('6','300010','49','30','25/12'||TO_CHAR(EXTRACT(YEAR FROM SYSDATE)-1),'24000','1');
INSERT INTO MOVIMIENTO VALUES('7','300011','59','30','10/12'||TO_CHAR(EXTRACT(YEAR FROM SYSDATE)-1),'19000','1');
INSERT INTO MOVIMIENTO VALUES('8','300012','60','30','10/12'||TO_CHAR(EXTRACT(YEAR FROM SYSDATE)-1),'21000','1');
INSERT INTO MOVIMIENTO VALUES('9','300014','69','30','15/12'||TO_CHAR(EXTRACT(YEAR FROM SYSDATE)-1),'21000','1');
INSERT INTO MOVIMIENTO VALUES('10','300015','73','30','15/12'||TO_CHAR(EXTRACT(YEAR FROM SYSDATE)-1),'16500','1');
INSERT INTO MOVIMIENTO VALUES('11','300016','86','30','15/12'||TO_CHAR(EXTRACT(YEAR FROM SYSDATE)-1),'15500','1');
INSERT INTO MOVIMIENTO VALUES('12','300017','87','30','15/12'||TO_CHAR(EXTRACT(YEAR FROM SYSDATE)-1),'12000','1');
INSERT INTO MOVIMIENTO VALUES('13','300018','91','30','20/12'||TO_CHAR(EXTRACT(YEAR FROM SYSDATE)-1),'24000','1');
INSERT INTO MOVIMIENTO VALUES('14','300020','97','30','20/12'||TO_CHAR(EXTRACT(YEAR FROM SYSDATE)-1),'19000','1');
INSERT INTO MOVIMIENTO VALUES('15','300021','98','30','30/12'||TO_CHAR(EXTRACT(YEAR FROM SYSDATE)-1),'17000','1');
INSERT INTO MOVIMIENTO VALUES('16','150030','26','15','10/12'||TO_CHAR(EXTRACT(YEAR FROM SYSDATE)-1),'185000','1');
INSERT INTO MOVIMIENTO VALUES('17','150031','26','15','10/12'||TO_CHAR(EXTRACT(YEAR FROM SYSDATE)-1),'185000','1');
INSERT INTO MOVIMIENTO VALUES('18','150003','7','15','10/12'||TO_CHAR(EXTRACT(YEAR FROM SYSDATE)-1),'40000','1');
INSERT INTO MOVIMIENTO VALUES('19','150013','52','15','10/12'||TO_CHAR(EXTRACT(YEAR FROM SYSDATE)-1),'31000','1');
INSERT INTO MOVIMIENTO VALUES('20','150023','93','15','30/12'||TO_CHAR(EXTRACT(YEAR FROM SYSDATE)-1),'125000','1');
INSERT INTO MOVIMIENTO VALUES('21','150024','96','15','30/12'||TO_CHAR(EXTRACT(YEAR FROM SYSDATE)-1),'40000','1');
INSERT INTO MOVIMIENTO VALUES('22','150029','129','15','25/12'||TO_CHAR(EXTRACT(YEAR FROM SYSDATE)-1),'170000','1');
INSERT INTO MOVIMIENTO VALUES('23','250001','5','25','30/12'||TO_CHAR(EXTRACT(YEAR FROM SYSDATE)-1),'250000','1');
INSERT INTO MOVIMIENTO VALUES('24','250003','13','25','10/12'||TO_CHAR(EXTRACT(YEAR FROM SYSDATE)-1),'400000','1');
INSERT INTO MOVIMIENTO VALUES('25','250004','14','25','25/12'||TO_CHAR(EXTRACT(YEAR FROM SYSDATE)-1),'280000','1');
INSERT INTO MOVIMIENTO VALUES('26','250009','31','25','25/12'||TO_CHAR(EXTRACT(YEAR FROM SYSDATE)-1),'300000','1');
INSERT INTO MOVIMIENTO VALUES('27','250010','34','25','25/12'||TO_CHAR(EXTRACT(YEAR FROM SYSDATE)-1),'240000','1');
INSERT INTO MOVIMIENTO VALUES('28','250013','40','25','10/12'||TO_CHAR(EXTRACT(YEAR FROM SYSDATE)-1),'310000','1');
INSERT INTO MOVIMIENTO VALUES('29','250018','50','25','20/12'||TO_CHAR(EXTRACT(YEAR FROM SYSDATE)-1),'240000','1');
INSERT INTO MOVIMIENTO VALUES('30','250019','54','25','20/12'||TO_CHAR(EXTRACT(YEAR FROM SYSDATE)-1),'260000','1');
INSERT INTO MOVIMIENTO VALUES('31','250022','66','25','30/12'||TO_CHAR(EXTRACT(YEAR FROM SYSDATE)-1),'250000','1');
INSERT INTO MOVIMIENTO VALUES('32','250024','71','25','30/12'||TO_CHAR(EXTRACT(YEAR FROM SYSDATE)-1),'400000','1');
INSERT INTO MOVIMIENTO VALUES('33','250025','78','25','30/12'||TO_CHAR(EXTRACT(YEAR FROM SYSDATE)-1),'280000','1');
INSERT INTO MOVIMIENTO VALUES('34','250030','92','25','15/12'||TO_CHAR(EXTRACT(YEAR FROM SYSDATE)-1),'300000','1');
INSERT INTO MOVIMIENTO VALUES('35','250031','95','25','10/12'||TO_CHAR(EXTRACT(YEAR FROM SYSDATE)-1),'240000','1');
INSERT INTO MOVIMIENTO VALUES('36','250034','102','25','25/12'||TO_CHAR(EXTRACT(YEAR FROM SYSDATE)-1),'310000','1');
INSERT INTO MOVIMIENTO VALUES('37','250039','111','25','15/12'||TO_CHAR(EXTRACT(YEAR FROM SYSDATE)-1),'240000','1');
INSERT INTO MOVIMIENTO VALUES('38','250040','113','25','15/12'||TO_CHAR(EXTRACT(YEAR FROM SYSDATE)-1),'260000','1');
INSERT INTO MOVIMIENTO VALUES('39','100001','1','10','30/12'||TO_CHAR(EXTRACT(YEAR FROM SYSDATE)-1),'25000','1');
INSERT INTO MOVIMIENTO VALUES('40','100003','8','10','10/12'||TO_CHAR(EXTRACT(YEAR FROM SYSDATE)-1),'40000','1');
INSERT INTO MOVIMIENTO VALUES('41','100004','19','10','25/12'||TO_CHAR(EXTRACT(YEAR FROM SYSDATE)-1),'28000','1');
INSERT INTO MOVIMIENTO VALUES('42','100009','45','10','25/12'||TO_CHAR(EXTRACT(YEAR FROM SYSDATE)-1),'30000','1');
INSERT INTO MOVIMIENTO VALUES('43','100010','48','10','25/12'||TO_CHAR(EXTRACT(YEAR FROM SYSDATE)-1),'24000','1');
INSERT INTO MOVIMIENTO VALUES('44','100013','57','10','10/12'||TO_CHAR(EXTRACT(YEAR FROM SYSDATE)-1),'31000','1');
INSERT INTO MOVIMIENTO VALUES('45','100018','75','10','20/12'||TO_CHAR(EXTRACT(YEAR FROM SYSDATE)-1),'24000','1');
INSERT INTO MOVIMIENTO VALUES('46','100019','76','10','20/12'||TO_CHAR(EXTRACT(YEAR FROM SYSDATE)-1),'26000','1');
INSERT INTO MOVIMIENTO VALUES('47','100022','88','10','30/12'||TO_CHAR(EXTRACT(YEAR FROM SYSDATE)-1),'25000','1');
INSERT INTO MOVIMIENTO VALUES('48','100023','106','10','30/12'||TO_CHAR(EXTRACT(YEAR FROM SYSDATE)-1),'125000','1');
INSERT INTO MOVIMIENTO VALUES('49','100024','107','10','30/12'||TO_CHAR(EXTRACT(YEAR FROM SYSDATE)-1),'40000','1');
INSERT INTO MOVIMIENTO VALUES('50','100025','109','10','30/12'||TO_CHAR(EXTRACT(YEAR FROM SYSDATE)-1),'28000','1');
INSERT INTO MOVIMIENTO VALUES('51','100029','123','10','25/12'||TO_CHAR(EXTRACT(YEAR FROM SYSDATE)-1),'170000','1');
INSERT INTO MOVIMIENTO VALUES('52','100030','127','10','10/12'||TO_CHAR(EXTRACT(YEAR FROM SYSDATE)-1),'120000','1');
INSERT INTO MOVIMIENTO VALUES('53','100031','130','10','10/12'||TO_CHAR(EXTRACT(YEAR FROM SYSDATE)-1),'80000','1');
INSERT INTO MOVIMIENTO VALUES('54','100003','8','10','10/12'||TO_CHAR(EXTRACT(YEAR FROM SYSDATE)-1),'40000','2');
INSERT INTO MOVIMIENTO VALUES('55','100013','57','10','10/12'||TO_CHAR(EXTRACT(YEAR FROM SYSDATE)-1),'31000','2');
INSERT INTO MOVIMIENTO VALUES('56','100023','106','10','30/12'||TO_CHAR(EXTRACT(YEAR FROM SYSDATE)-1),'125000','2');
INSERT INTO MOVIMIENTO VALUES('57','100024','107','10','30/12'||TO_CHAR(EXTRACT(YEAR FROM SYSDATE)-1),'40000','2');
INSERT INTO MOVIMIENTO VALUES('58','100029','123','10','25/12'||TO_CHAR(EXTRACT(YEAR FROM SYSDATE)-1),'170000','2');
INSERT INTO MOVIMIENTO VALUES('59','100030','127','10','10/12'||TO_CHAR(EXTRACT(YEAR FROM SYSDATE)-1),'120000','2');
INSERT INTO MOVIMIENTO VALUES('60','100031','130','10','10/12'||TO_CHAR(EXTRACT(YEAR FROM SYSDATE)-1),'80000','2');
INSERT INTO MOVIMIENTO VALUES('61','150030','26','15','10/12'||TO_CHAR(EXTRACT(YEAR FROM SYSDATE)-1),'185000','2');
INSERT INTO MOVIMIENTO VALUES('62','150031','26','15','10/12'||TO_CHAR(EXTRACT(YEAR FROM SYSDATE)-1),'185000','2');
INSERT INTO MOVIMIENTO VALUES('63','150023','93','15','30/12'||TO_CHAR(EXTRACT(YEAR FROM SYSDATE)-1),'125000','2');
INSERT INTO MOVIMIENTO VALUES('64','150029','129','15','25/12'||TO_CHAR(EXTRACT(YEAR FROM SYSDATE)-1),'170000','2');
INSERT INTO MOVIMIENTO VALUES('65','300025','5','30','30/12'||TO_CHAR(EXTRACT(YEAR FROM SYSDATE)-1),'250000','2');
INSERT INTO MOVIMIENTO VALUES('66','300003','28','30','10/12'||TO_CHAR(EXTRACT(YEAR FROM SYSDATE)-1),'40000','2');
INSERT INTO MOVIMIENTO VALUES('67','300013','68','30','10/12'||TO_CHAR(EXTRACT(YEAR FROM SYSDATE)-1),'31000','2');
INSERT INTO MOVIMIENTO VALUES('68','300023','110','30','30/12'||TO_CHAR(EXTRACT(YEAR FROM SYSDATE)-1),'125000','2');
INSERT INTO MOVIMIENTO VALUES('69','300024','114','30','30/12'||TO_CHAR(EXTRACT(YEAR FROM SYSDATE)-1),'40000','2');
INSERT INTO MOVIMIENTO VALUES('208','300002','17','30','25/03'||TO_CHAR(EXTRACT(YEAR FROM SYSDATE)),'12500','1');
INSERT INTO MOVIMIENTO VALUES('209','300005','33','30','15/03'||TO_CHAR(EXTRACT(YEAR FROM SYSDATE)),'21000','1');
INSERT INTO MOVIMIENTO VALUES('210','300006','35','30','10/03'||TO_CHAR(EXTRACT(YEAR FROM SYSDATE)),'18500','1');
INSERT INTO MOVIMIENTO VALUES('211','300007','36','30','05/03'||TO_CHAR(EXTRACT(YEAR FROM SYSDATE)),'23000','1');
INSERT INTO MOVIMIENTO VALUES('212','300008','37','30','30/03'||TO_CHAR(EXTRACT(YEAR FROM SYSDATE)),'17000','1');
INSERT INTO MOVIMIENTO VALUES('213','300010','49','30','25/03'||TO_CHAR(EXTRACT(YEAR FROM SYSDATE)),'24000','1');
INSERT INTO MOVIMIENTO VALUES('214','300011','59','30','10/03'||TO_CHAR(EXTRACT(YEAR FROM SYSDATE)),'19000','1');
INSERT INTO MOVIMIENTO VALUES('215','300012','60','30','10/03'||TO_CHAR(EXTRACT(YEAR FROM SYSDATE)),'21000','1');
INSERT INTO MOVIMIENTO VALUES('216','300014','69','30','15/03'||TO_CHAR(EXTRACT(YEAR FROM SYSDATE)),'21000','1');
INSERT INTO MOVIMIENTO VALUES('217','300015','73','30','15/03'||TO_CHAR(EXTRACT(YEAR FROM SYSDATE)),'16500','1');
INSERT INTO MOVIMIENTO VALUES('218','300016','86','30','15/03'||TO_CHAR(EXTRACT(YEAR FROM SYSDATE)),'15500','1');
INSERT INTO MOVIMIENTO VALUES('219','300017','87','30','15/03'||TO_CHAR(EXTRACT(YEAR FROM SYSDATE)),'12000','1');
INSERT INTO MOVIMIENTO VALUES('220','300018','91','30','20/03'||TO_CHAR(EXTRACT(YEAR FROM SYSDATE)),'24000','1');
INSERT INTO MOVIMIENTO VALUES('221','300020','97','30','20/03'||TO_CHAR(EXTRACT(YEAR FROM SYSDATE)),'19000','1');
INSERT INTO MOVIMIENTO VALUES('70','300002','17','30','25/01'||TO_CHAR(EXTRACT(YEAR FROM SYSDATE)),'12500','1');
INSERT INTO MOVIMIENTO VALUES('71','300005','33','30','15/01'||TO_CHAR(EXTRACT(YEAR FROM SYSDATE)),'21000','1');
INSERT INTO MOVIMIENTO VALUES('72','300006','35','30','10/01'||TO_CHAR(EXTRACT(YEAR FROM SYSDATE)),'18500','1');
INSERT INTO MOVIMIENTO VALUES('73','300007','36','30','05/01'||TO_CHAR(EXTRACT(YEAR FROM SYSDATE)),'23000','1');
INSERT INTO MOVIMIENTO VALUES('74','300008','37','30','30/01'||TO_CHAR(EXTRACT(YEAR FROM SYSDATE)),'17000','1');
INSERT INTO MOVIMIENTO VALUES('75','300010','49','30','25/01'||TO_CHAR(EXTRACT(YEAR FROM SYSDATE)),'24000','1');
INSERT INTO MOVIMIENTO VALUES('76','300011','59','30','10/01'||TO_CHAR(EXTRACT(YEAR FROM SYSDATE)),'19000','1');
INSERT INTO MOVIMIENTO VALUES('77','300012','60','30','10/01'||TO_CHAR(EXTRACT(YEAR FROM SYSDATE)),'21000','1');
INSERT INTO MOVIMIENTO VALUES('78','300014','69','30','15/01'||TO_CHAR(EXTRACT(YEAR FROM SYSDATE)),'21000','1');
INSERT INTO MOVIMIENTO VALUES('79','300015','73','30','15/01'||TO_CHAR(EXTRACT(YEAR FROM SYSDATE)),'16500','1');
INSERT INTO MOVIMIENTO VALUES('80','300016','86','30','15/01'||TO_CHAR(EXTRACT(YEAR FROM SYSDATE)),'15500','1');
INSERT INTO MOVIMIENTO VALUES('81','300017','87','30','15/01'||TO_CHAR(EXTRACT(YEAR FROM SYSDATE)),'12000','1');
INSERT INTO MOVIMIENTO VALUES('82','300018','91','30','20/01'||TO_CHAR(EXTRACT(YEAR FROM SYSDATE)),'24000','1');
INSERT INTO MOVIMIENTO VALUES('83','300020','97','30','20/01'||TO_CHAR(EXTRACT(YEAR FROM SYSDATE)),'19000','1');
INSERT INTO MOVIMIENTO VALUES('84','300021','98','30','30/01'||TO_CHAR(EXTRACT(YEAR FROM SYSDATE)),'17000','1');
INSERT INTO MOVIMIENTO VALUES('85','150030','26','15','10/01'||TO_CHAR(EXTRACT(YEAR FROM SYSDATE)),'185000','1');
INSERT INTO MOVIMIENTO VALUES('86','150031','26','15','10/01'||TO_CHAR(EXTRACT(YEAR FROM SYSDATE)),'185000','1');
INSERT INTO MOVIMIENTO VALUES('87','150003','7','15','10/01'||TO_CHAR(EXTRACT(YEAR FROM SYSDATE)),'40000','1');
INSERT INTO MOVIMIENTO VALUES('88','150013','52','15','10/01'||TO_CHAR(EXTRACT(YEAR FROM SYSDATE)),'31000','1');
INSERT INTO MOVIMIENTO VALUES('89','150023','93','15','30/01'||TO_CHAR(EXTRACT(YEAR FROM SYSDATE)),'125000','1');
INSERT INTO MOVIMIENTO VALUES('90','150024','96','15','30/01'||TO_CHAR(EXTRACT(YEAR FROM SYSDATE)),'40000','1');
INSERT INTO MOVIMIENTO VALUES('91','150029','129','15','25/01'||TO_CHAR(EXTRACT(YEAR FROM SYSDATE)),'170000','1');
INSERT INTO MOVIMIENTO VALUES('92','250001','5','25','30/01'||TO_CHAR(EXTRACT(YEAR FROM SYSDATE)),'250000','1');
INSERT INTO MOVIMIENTO VALUES('93','250003','13','25','10/01'||TO_CHAR(EXTRACT(YEAR FROM SYSDATE)),'400000','1');
INSERT INTO MOVIMIENTO VALUES('94','250004','14','25','25/01'||TO_CHAR(EXTRACT(YEAR FROM SYSDATE)),'280000','1');
INSERT INTO MOVIMIENTO VALUES('95','250009','31','25','25/01'||TO_CHAR(EXTRACT(YEAR FROM SYSDATE)),'300000','1');
INSERT INTO MOVIMIENTO VALUES('96','250010','34','25','25/01'||TO_CHAR(EXTRACT(YEAR FROM SYSDATE)),'240000','1');
INSERT INTO MOVIMIENTO VALUES('97','250013','40','25','10/01'||TO_CHAR(EXTRACT(YEAR FROM SYSDATE)),'310000','1');
INSERT INTO MOVIMIENTO VALUES('98','250018','50','25','20/01'||TO_CHAR(EXTRACT(YEAR FROM SYSDATE)),'240000','1');
INSERT INTO MOVIMIENTO VALUES('99','250019','54','25','20/01'||TO_CHAR(EXTRACT(YEAR FROM SYSDATE)),'260000','1');
INSERT INTO MOVIMIENTO VALUES('100','250022','66','25','30/01'||TO_CHAR(EXTRACT(YEAR FROM SYSDATE)),'250000','1');
INSERT INTO MOVIMIENTO VALUES('101','250024','71','25','30/01'||TO_CHAR(EXTRACT(YEAR FROM SYSDATE)),'400000','1');
INSERT INTO MOVIMIENTO VALUES('102','250025','78','25','30/01'||TO_CHAR(EXTRACT(YEAR FROM SYSDATE)),'280000','1');
INSERT INTO MOVIMIENTO VALUES('103','250030','92','25','15/01'||TO_CHAR(EXTRACT(YEAR FROM SYSDATE)),'300000','1');
INSERT INTO MOVIMIENTO VALUES('104','250031','95','25','10/01'||TO_CHAR(EXTRACT(YEAR FROM SYSDATE)),'240000','1');
INSERT INTO MOVIMIENTO VALUES('105','250034','102','25','25/01'||TO_CHAR(EXTRACT(YEAR FROM SYSDATE)),'310000','1');
INSERT INTO MOVIMIENTO VALUES('106','250039','111','25','15/01'||TO_CHAR(EXTRACT(YEAR FROM SYSDATE)),'240000','1');
INSERT INTO MOVIMIENTO VALUES('107','250040','113','25','15/01'||TO_CHAR(EXTRACT(YEAR FROM SYSDATE)),'260000','1');
INSERT INTO MOVIMIENTO VALUES('108','100001','1','10','30/01'||TO_CHAR(EXTRACT(YEAR FROM SYSDATE)),'25000','1');
INSERT INTO MOVIMIENTO VALUES('109','100003','8','10','10/01'||TO_CHAR(EXTRACT(YEAR FROM SYSDATE)),'40000','1');
INSERT INTO MOVIMIENTO VALUES('110','100004','19','10','25/01'||TO_CHAR(EXTRACT(YEAR FROM SYSDATE)),'28000','1');
INSERT INTO MOVIMIENTO VALUES('111','100009','45','10','25/01'||TO_CHAR(EXTRACT(YEAR FROM SYSDATE)),'30000','1');
INSERT INTO MOVIMIENTO VALUES('112','100010','48','10','25/01'||TO_CHAR(EXTRACT(YEAR FROM SYSDATE)),'24000','1');
INSERT INTO MOVIMIENTO VALUES('113','100013','57','10','10/01'||TO_CHAR(EXTRACT(YEAR FROM SYSDATE)),'31000','1');
INSERT INTO MOVIMIENTO VALUES('114','100018','75','10','20/01'||TO_CHAR(EXTRACT(YEAR FROM SYSDATE)),'24000','1');
INSERT INTO MOVIMIENTO VALUES('115','100019','76','10','20/01'||TO_CHAR(EXTRACT(YEAR FROM SYSDATE)),'26000','1');
INSERT INTO MOVIMIENTO VALUES('116','100022','88','10','30/01'||TO_CHAR(EXTRACT(YEAR FROM SYSDATE)),'25000','1');
INSERT INTO MOVIMIENTO VALUES('117','100023','106','10','30/01'||TO_CHAR(EXTRACT(YEAR FROM SYSDATE)),'125000','1');
INSERT INTO MOVIMIENTO VALUES('118','100024','107','10','30/01'||TO_CHAR(EXTRACT(YEAR FROM SYSDATE)),'40000','1');
INSERT INTO MOVIMIENTO VALUES('119','100025','109','10','30/01'||TO_CHAR(EXTRACT(YEAR FROM SYSDATE)),'28000','1');
INSERT INTO MOVIMIENTO VALUES('120','100029','123','10','25/01'||TO_CHAR(EXTRACT(YEAR FROM SYSDATE)),'170000','1');
INSERT INTO MOVIMIENTO VALUES('121','100030','127','10','10/01'||TO_CHAR(EXTRACT(YEAR FROM SYSDATE)),'120000','1');
INSERT INTO MOVIMIENTO VALUES('122','100031','130','10','10/01'||TO_CHAR(EXTRACT(YEAR FROM SYSDATE)),'80000','1');
INSERT INTO MOVIMIENTO VALUES('123','100003','8','10','10/01'||TO_CHAR(EXTRACT(YEAR FROM SYSDATE)),'40000','2');
INSERT INTO MOVIMIENTO VALUES('124','100013','57','10','10/01'||TO_CHAR(EXTRACT(YEAR FROM SYSDATE)),'31000','2');
INSERT INTO MOVIMIENTO VALUES('125','100023','106','10','30/01'||TO_CHAR(EXTRACT(YEAR FROM SYSDATE)),'125000','2');
INSERT INTO MOVIMIENTO VALUES('126','100024','107','10','30/01'||TO_CHAR(EXTRACT(YEAR FROM SYSDATE)),'40000','2');
INSERT INTO MOVIMIENTO VALUES('127','100029','123','10','25/01'||TO_CHAR(EXTRACT(YEAR FROM SYSDATE)),'170000','2');
INSERT INTO MOVIMIENTO VALUES('128','100030','127','10','10/01'||TO_CHAR(EXTRACT(YEAR FROM SYSDATE)),'120000','2');
INSERT INTO MOVIMIENTO VALUES('129','100031','130','10','10/01'||TO_CHAR(EXTRACT(YEAR FROM SYSDATE)),'80000','2');
INSERT INTO MOVIMIENTO VALUES('130','150030','26','15','10/01'||TO_CHAR(EXTRACT(YEAR FROM SYSDATE)),'185000','2');
INSERT INTO MOVIMIENTO VALUES('131','150031','26','15','10/01'||TO_CHAR(EXTRACT(YEAR FROM SYSDATE)),'185000','2');
INSERT INTO MOVIMIENTO VALUES('132','150023','93','15','30/01'||TO_CHAR(EXTRACT(YEAR FROM SYSDATE)),'125000','2');
INSERT INTO MOVIMIENTO VALUES('133','150029','129','15','25/01'||TO_CHAR(EXTRACT(YEAR FROM SYSDATE)),'170000','2');
INSERT INTO MOVIMIENTO VALUES('134','300025','5','30','30/01'||TO_CHAR(EXTRACT(YEAR FROM SYSDATE)),'250000','2');
INSERT INTO MOVIMIENTO VALUES('135','300003','28','30','10/01'||TO_CHAR(EXTRACT(YEAR FROM SYSDATE)),'40000','2');
INSERT INTO MOVIMIENTO VALUES('136','300013','68','30','10/01'||TO_CHAR(EXTRACT(YEAR FROM SYSDATE)),'31000','2');
INSERT INTO MOVIMIENTO VALUES('137','300023','110','30','30/01'||TO_CHAR(EXTRACT(YEAR FROM SYSDATE)),'125000','2');
INSERT INTO MOVIMIENTO VALUES('138','300024','114','30','30/01'||TO_CHAR(EXTRACT(YEAR FROM SYSDATE)),'40000','2');
INSERT INTO MOVIMIENTO VALUES('139','300002','17','30','25/02'||TO_CHAR(EXTRACT(YEAR FROM SYSDATE)),'12500','1');
INSERT INTO MOVIMIENTO VALUES('140','300005','33','30','15/02'||TO_CHAR(EXTRACT(YEAR FROM SYSDATE)),'21000','1');
INSERT INTO MOVIMIENTO VALUES('141','300006','35','30','10/02'||TO_CHAR(EXTRACT(YEAR FROM SYSDATE)),'18500','1');
INSERT INTO MOVIMIENTO VALUES('142','300007','36','30','05/02'||TO_CHAR(EXTRACT(YEAR FROM SYSDATE)),'23000','1');
INSERT INTO MOVIMIENTO VALUES('143','300008','37','30','28/02'||TO_CHAR(EXTRACT(YEAR FROM SYSDATE)),'17000','1');
INSERT INTO MOVIMIENTO VALUES('144','300010','49','30','25/02'||TO_CHAR(EXTRACT(YEAR FROM SYSDATE)),'24000','1');
INSERT INTO MOVIMIENTO VALUES('145','300011','59','30','10/02'||TO_CHAR(EXTRACT(YEAR FROM SYSDATE)),'19000','1');
INSERT INTO MOVIMIENTO VALUES('146','300012','60','30','10/02'||TO_CHAR(EXTRACT(YEAR FROM SYSDATE)),'21000','1');
INSERT INTO MOVIMIENTO VALUES('147','300014','69','30','15/02'||TO_CHAR(EXTRACT(YEAR FROM SYSDATE)),'21000','1');
INSERT INTO MOVIMIENTO VALUES('148','300015','73','30','15/02'||TO_CHAR(EXTRACT(YEAR FROM SYSDATE)),'16500','1');
INSERT INTO MOVIMIENTO VALUES('149','300016','86','30','15/02'||TO_CHAR(EXTRACT(YEAR FROM SYSDATE)),'15500','1');
INSERT INTO MOVIMIENTO VALUES('150','300017','87','30','15/02'||TO_CHAR(EXTRACT(YEAR FROM SYSDATE)),'12000','1');
INSERT INTO MOVIMIENTO VALUES('151','300018','91','30','20/02'||TO_CHAR(EXTRACT(YEAR FROM SYSDATE)),'24000','1');
INSERT INTO MOVIMIENTO VALUES('152','300020','97','30','20/02'||TO_CHAR(EXTRACT(YEAR FROM SYSDATE)),'19000','1');
INSERT INTO MOVIMIENTO VALUES('153','300021','98','30','28/02'||TO_CHAR(EXTRACT(YEAR FROM SYSDATE)),'17000','1');
INSERT INTO MOVIMIENTO VALUES('154','150030','26','15','10/02'||TO_CHAR(EXTRACT(YEAR FROM SYSDATE)),'185000','1');
INSERT INTO MOVIMIENTO VALUES('155','150031','26','15','10/02'||TO_CHAR(EXTRACT(YEAR FROM SYSDATE)),'185000','1');
INSERT INTO MOVIMIENTO VALUES('156','150003','7','15','10/02'||TO_CHAR(EXTRACT(YEAR FROM SYSDATE)),'40000','1');
INSERT INTO MOVIMIENTO VALUES('157','150013','52','15','10/02'||TO_CHAR(EXTRACT(YEAR FROM SYSDATE)),'31000','1');
INSERT INTO MOVIMIENTO VALUES('158','150023','93','15','28/02'||TO_CHAR(EXTRACT(YEAR FROM SYSDATE)),'125000','1');
INSERT INTO MOVIMIENTO VALUES('159','150024','96','15','28/02'||TO_CHAR(EXTRACT(YEAR FROM SYSDATE)),'40000','1');
INSERT INTO MOVIMIENTO VALUES('160','150029','129','15','25/02'||TO_CHAR(EXTRACT(YEAR FROM SYSDATE)),'170000','1');
INSERT INTO MOVIMIENTO VALUES('161','250001','5','25','28/02'||TO_CHAR(EXTRACT(YEAR FROM SYSDATE)),'250000','1');
INSERT INTO MOVIMIENTO VALUES('162','250003','13','25','10/02'||TO_CHAR(EXTRACT(YEAR FROM SYSDATE)),'400000','1');
INSERT INTO MOVIMIENTO VALUES('163','250004','14','25','25/02'||TO_CHAR(EXTRACT(YEAR FROM SYSDATE)),'280000','1');
INSERT INTO MOVIMIENTO VALUES('164','250009','31','25','25/02'||TO_CHAR(EXTRACT(YEAR FROM SYSDATE)),'300000','1');
INSERT INTO MOVIMIENTO VALUES('165','250010','34','25','25/02'||TO_CHAR(EXTRACT(YEAR FROM SYSDATE)),'240000','1');
INSERT INTO MOVIMIENTO VALUES('166','250013','40','25','10/02'||TO_CHAR(EXTRACT(YEAR FROM SYSDATE)),'310000','1');
INSERT INTO MOVIMIENTO VALUES('167','250018','50','25','20/02'||TO_CHAR(EXTRACT(YEAR FROM SYSDATE)),'240000','1');
INSERT INTO MOVIMIENTO VALUES('168','250019','54','25','20/02'||TO_CHAR(EXTRACT(YEAR FROM SYSDATE)),'260000','1');
INSERT INTO MOVIMIENTO VALUES('169','250022','66','25','28/02'||TO_CHAR(EXTRACT(YEAR FROM SYSDATE)),'250000','1');
INSERT INTO MOVIMIENTO VALUES('170','250024','71','25','28/02'||TO_CHAR(EXTRACT(YEAR FROM SYSDATE)),'400000','1');
INSERT INTO MOVIMIENTO VALUES('171','250025','78','25','28/02'||TO_CHAR(EXTRACT(YEAR FROM SYSDATE)),'280000','1');
INSERT INTO MOVIMIENTO VALUES('172','250030','92','25','15/02'||TO_CHAR(EXTRACT(YEAR FROM SYSDATE)),'300000','1');
INSERT INTO MOVIMIENTO VALUES('173','250031','95','25','10/02'||TO_CHAR(EXTRACT(YEAR FROM SYSDATE)),'240000','1');
INSERT INTO MOVIMIENTO VALUES('174','250034','102','25','25/02'||TO_CHAR(EXTRACT(YEAR FROM SYSDATE)),'310000','1');
INSERT INTO MOVIMIENTO VALUES('175','250039','111','25','15/02'||TO_CHAR(EXTRACT(YEAR FROM SYSDATE)),'240000','1');
INSERT INTO MOVIMIENTO VALUES('176','250040','113','25','15/02'||TO_CHAR(EXTRACT(YEAR FROM SYSDATE)),'260000','1');
INSERT INTO MOVIMIENTO VALUES('177','100001','1','10','28/02'||TO_CHAR(EXTRACT(YEAR FROM SYSDATE)),'25000','1');
INSERT INTO MOVIMIENTO VALUES('178','100003','8','10','10/02'||TO_CHAR(EXTRACT(YEAR FROM SYSDATE)),'40000','1');
INSERT INTO MOVIMIENTO VALUES('179','100004','19','10','25/02'||TO_CHAR(EXTRACT(YEAR FROM SYSDATE)),'28000','1');
INSERT INTO MOVIMIENTO VALUES('180','100009','45','10','25/02'||TO_CHAR(EXTRACT(YEAR FROM SYSDATE)),'30000','1');
INSERT INTO MOVIMIENTO VALUES('181','100010','48','10','25/02'||TO_CHAR(EXTRACT(YEAR FROM SYSDATE)),'24000','1');
INSERT INTO MOVIMIENTO VALUES('182','100013','57','10','10/02'||TO_CHAR(EXTRACT(YEAR FROM SYSDATE)),'31000','1');
INSERT INTO MOVIMIENTO VALUES('183','100018','75','10','20/02'||TO_CHAR(EXTRACT(YEAR FROM SYSDATE)),'24000','1');
INSERT INTO MOVIMIENTO VALUES('184','100019','76','10','20/02'||TO_CHAR(EXTRACT(YEAR FROM SYSDATE)),'26000','1');
INSERT INTO MOVIMIENTO VALUES('185','100022','88','10','28/02'||TO_CHAR(EXTRACT(YEAR FROM SYSDATE)),'25000','1');
INSERT INTO MOVIMIENTO VALUES('186','100023','106','10','28/02'||TO_CHAR(EXTRACT(YEAR FROM SYSDATE)),'125000','1');
INSERT INTO MOVIMIENTO VALUES('187','100024','107','10','28/02'||TO_CHAR(EXTRACT(YEAR FROM SYSDATE)),'40000','1');
INSERT INTO MOVIMIENTO VALUES('188','100025','109','10','28/02'||TO_CHAR(EXTRACT(YEAR FROM SYSDATE)),'28000','1');
INSERT INTO MOVIMIENTO VALUES('189','100029','123','10','25/02'||TO_CHAR(EXTRACT(YEAR FROM SYSDATE)),'170000','1');
INSERT INTO MOVIMIENTO VALUES('190','100030','127','10','10/02'||TO_CHAR(EXTRACT(YEAR FROM SYSDATE)),'120000','1');
INSERT INTO MOVIMIENTO VALUES('191','100031','130','10','10/02'||TO_CHAR(EXTRACT(YEAR FROM SYSDATE)),'80000','1');
INSERT INTO MOVIMIENTO VALUES('192','100003','8','10','10/02'||TO_CHAR(EXTRACT(YEAR FROM SYSDATE)),'40000','2');
INSERT INTO MOVIMIENTO VALUES('193','100013','57','10','10/02'||TO_CHAR(EXTRACT(YEAR FROM SYSDATE)),'31000','2');
INSERT INTO MOVIMIENTO VALUES('194','100023','106','10','28/02'||TO_CHAR(EXTRACT(YEAR FROM SYSDATE)),'125000','2');
INSERT INTO MOVIMIENTO VALUES('195','100024','107','10','28/02'||TO_CHAR(EXTRACT(YEAR FROM SYSDATE)),'40000','2');
INSERT INTO MOVIMIENTO VALUES('196','100029','123','10','25/02'||TO_CHAR(EXTRACT(YEAR FROM SYSDATE)),'170000','2');
INSERT INTO MOVIMIENTO VALUES('197','100030','127','10','10/02'||TO_CHAR(EXTRACT(YEAR FROM SYSDATE)),'120000','2');
INSERT INTO MOVIMIENTO VALUES('198','100031','130','10','10/02'||TO_CHAR(EXTRACT(YEAR FROM SYSDATE)),'80000','2');
INSERT INTO MOVIMIENTO VALUES('199','150030','26','15','10/02'||TO_CHAR(EXTRACT(YEAR FROM SYSDATE)),'185000','2');
INSERT INTO MOVIMIENTO VALUES('200','150031','26','15','10/02'||TO_CHAR(EXTRACT(YEAR FROM SYSDATE)),'185000','2');
INSERT INTO MOVIMIENTO VALUES('201','150023','93','15','28/02'||TO_CHAR(EXTRACT(YEAR FROM SYSDATE)),'125000','2');
INSERT INTO MOVIMIENTO VALUES('202','150029','129','15','25/02'||TO_CHAR(EXTRACT(YEAR FROM SYSDATE)),'170000','2');
INSERT INTO MOVIMIENTO VALUES('203','300025','5','30','28/02'||TO_CHAR(EXTRACT(YEAR FROM SYSDATE)),'250000','2');
INSERT INTO MOVIMIENTO VALUES('204','300003','28','30','10/02'||TO_CHAR(EXTRACT(YEAR FROM SYSDATE)),'40000','2');
INSERT INTO MOVIMIENTO VALUES('205','300013','68','30','10/02'||TO_CHAR(EXTRACT(YEAR FROM SYSDATE)),'31000','2');
INSERT INTO MOVIMIENTO VALUES('206','300023','110','30','28/02'||TO_CHAR(EXTRACT(YEAR FROM SYSDATE)),'125000','2');
INSERT INTO MOVIMIENTO VALUES('207','300024','114','30','28/02'||TO_CHAR(EXTRACT(YEAR FROM SYSDATE)),'40000','2');
INSERT INTO MOVIMIENTO VALUES('222','300021','98','30','30/03'||TO_CHAR(EXTRACT(YEAR FROM SYSDATE)),'17000','1');
INSERT INTO MOVIMIENTO VALUES('223','150030','26','15','10/03'||TO_CHAR(EXTRACT(YEAR FROM SYSDATE)),'185000','1');
INSERT INTO MOVIMIENTO VALUES('224','150031','26','15','10/03'||TO_CHAR(EXTRACT(YEAR FROM SYSDATE)),'185000','1');
INSERT INTO MOVIMIENTO VALUES('225','150003','7','15','10/03'||TO_CHAR(EXTRACT(YEAR FROM SYSDATE)),'40000','1');
INSERT INTO MOVIMIENTO VALUES('226','150013','52','15','10/03'||TO_CHAR(EXTRACT(YEAR FROM SYSDATE)),'31000','1');
INSERT INTO MOVIMIENTO VALUES('227','150023','93','15','30/03'||TO_CHAR(EXTRACT(YEAR FROM SYSDATE)),'125000','1');
INSERT INTO MOVIMIENTO VALUES('228','150024','96','15','30/03'||TO_CHAR(EXTRACT(YEAR FROM SYSDATE)),'40000','1');
INSERT INTO MOVIMIENTO VALUES('229','150029','129','15','25/03'||TO_CHAR(EXTRACT(YEAR FROM SYSDATE)),'170000','1');
INSERT INTO MOVIMIENTO VALUES('230','250001','5','25','30/03'||TO_CHAR(EXTRACT(YEAR FROM SYSDATE)),'250000','1');
INSERT INTO MOVIMIENTO VALUES('231','250003','13','25','10/03'||TO_CHAR(EXTRACT(YEAR FROM SYSDATE)),'400000','1');
INSERT INTO MOVIMIENTO VALUES('232','250004','14','25','25/03'||TO_CHAR(EXTRACT(YEAR FROM SYSDATE)),'280000','1');
INSERT INTO MOVIMIENTO VALUES('233','250009','31','25','25/03'||TO_CHAR(EXTRACT(YEAR FROM SYSDATE)),'300000','1');
INSERT INTO MOVIMIENTO VALUES('234','250010','34','25','25/03'||TO_CHAR(EXTRACT(YEAR FROM SYSDATE)),'240000','1');
INSERT INTO MOVIMIENTO VALUES('235','250013','40','25','10/03'||TO_CHAR(EXTRACT(YEAR FROM SYSDATE)),'310000','1');
INSERT INTO MOVIMIENTO VALUES('236','250018','50','25','20/03'||TO_CHAR(EXTRACT(YEAR FROM SYSDATE)),'240000','1');
INSERT INTO MOVIMIENTO VALUES('237','250019','54','25','20/03'||TO_CHAR(EXTRACT(YEAR FROM SYSDATE)),'260000','1');
INSERT INTO MOVIMIENTO VALUES('238','250022','66','25','30/03'||TO_CHAR(EXTRACT(YEAR FROM SYSDATE)),'250000','1');
INSERT INTO MOVIMIENTO VALUES('239','250024','71','25','30/03'||TO_CHAR(EXTRACT(YEAR FROM SYSDATE)),'400000','1');
INSERT INTO MOVIMIENTO VALUES('240','250025','78','25','30/03'||TO_CHAR(EXTRACT(YEAR FROM SYSDATE)),'280000','1');
INSERT INTO MOVIMIENTO VALUES('241','250030','92','25','15/03'||TO_CHAR(EXTRACT(YEAR FROM SYSDATE)),'300000','1');
INSERT INTO MOVIMIENTO VALUES('242','250031','95','25','10/03'||TO_CHAR(EXTRACT(YEAR FROM SYSDATE)),'240000','1');
INSERT INTO MOVIMIENTO VALUES('243','250034','102','25','25/03'||TO_CHAR(EXTRACT(YEAR FROM SYSDATE)),'310000','1');
INSERT INTO MOVIMIENTO VALUES('244','250039','111','25','15/03'||TO_CHAR(EXTRACT(YEAR FROM SYSDATE)),'240000','1');
INSERT INTO MOVIMIENTO VALUES('245','250040','113','25','15/03'||TO_CHAR(EXTRACT(YEAR FROM SYSDATE)),'260000','1');
INSERT INTO MOVIMIENTO VALUES('246','100001','1','10','30/03'||TO_CHAR(EXTRACT(YEAR FROM SYSDATE)),'25000','1');
INSERT INTO MOVIMIENTO VALUES('247','100003','8','10','10/03'||TO_CHAR(EXTRACT(YEAR FROM SYSDATE)),'40000','1');
INSERT INTO MOVIMIENTO VALUES('248','100004','19','10','25/03'||TO_CHAR(EXTRACT(YEAR FROM SYSDATE)),'28000','1');
INSERT INTO MOVIMIENTO VALUES('249','100009','45','10','25/03'||TO_CHAR(EXTRACT(YEAR FROM SYSDATE)),'30000','1');
INSERT INTO MOVIMIENTO VALUES('250','100010','48','10','25/03'||TO_CHAR(EXTRACT(YEAR FROM SYSDATE)),'24000','1');
INSERT INTO MOVIMIENTO VALUES('251','100013','57','10','10/03'||TO_CHAR(EXTRACT(YEAR FROM SYSDATE)),'31000','1');
INSERT INTO MOVIMIENTO VALUES('252','100018','75','10','20/03'||TO_CHAR(EXTRACT(YEAR FROM SYSDATE)),'24000','1');
INSERT INTO MOVIMIENTO VALUES('253','100019','76','10','20/03'||TO_CHAR(EXTRACT(YEAR FROM SYSDATE)),'26000','1');
INSERT INTO MOVIMIENTO VALUES('254','100022','88','10','30/03'||TO_CHAR(EXTRACT(YEAR FROM SYSDATE)),'25000','1');
INSERT INTO MOVIMIENTO VALUES('255','100023','106','10','30/03'||TO_CHAR(EXTRACT(YEAR FROM SYSDATE)),'125000','1');
INSERT INTO MOVIMIENTO VALUES('256','100024','107','10','30/03'||TO_CHAR(EXTRACT(YEAR FROM SYSDATE)),'40000','1');
INSERT INTO MOVIMIENTO VALUES('257','100025','109','10','30/03'||TO_CHAR(EXTRACT(YEAR FROM SYSDATE)),'28000','1');
INSERT INTO MOVIMIENTO VALUES('258','100029','123','10','25/03'||TO_CHAR(EXTRACT(YEAR FROM SYSDATE)),'170000','1');
INSERT INTO MOVIMIENTO VALUES('259','100030','127','10','10/03'||TO_CHAR(EXTRACT(YEAR FROM SYSDATE)),'120000','1');
INSERT INTO MOVIMIENTO VALUES('260','100031','130','10','10/03'||TO_CHAR(EXTRACT(YEAR FROM SYSDATE)),'80000','1');
INSERT INTO MOVIMIENTO VALUES('261','100003','8','10','10/03'||TO_CHAR(EXTRACT(YEAR FROM SYSDATE)),'40000','2');
INSERT INTO MOVIMIENTO VALUES('262','100013','57','10','10/03'||TO_CHAR(EXTRACT(YEAR FROM SYSDATE)),'31000','2');
INSERT INTO MOVIMIENTO VALUES('263','100023','106','10','30/03'||TO_CHAR(EXTRACT(YEAR FROM SYSDATE)),'125000','2');
INSERT INTO MOVIMIENTO VALUES('264','100024','107','10','30/03'||TO_CHAR(EXTRACT(YEAR FROM SYSDATE)),'40000','2');
INSERT INTO MOVIMIENTO VALUES('265','100029','123','10','25/03'||TO_CHAR(EXTRACT(YEAR FROM SYSDATE)),'170000','2');
INSERT INTO MOVIMIENTO VALUES('266','100030','127','10','10/03'||TO_CHAR(EXTRACT(YEAR FROM SYSDATE)),'120000','2');
INSERT INTO MOVIMIENTO VALUES('267','100031','130','10','10/03'||TO_CHAR(EXTRACT(YEAR FROM SYSDATE)),'80000','2');
INSERT INTO MOVIMIENTO VALUES('268','150030','26','15','10/03'||TO_CHAR(EXTRACT(YEAR FROM SYSDATE)),'185000','2');
INSERT INTO MOVIMIENTO VALUES('269','150031','26','15','10/03'||TO_CHAR(EXTRACT(YEAR FROM SYSDATE)),'185000','2');
INSERT INTO MOVIMIENTO VALUES('270','150023','93','15','30/03'||TO_CHAR(EXTRACT(YEAR FROM SYSDATE)),'125000','2');
INSERT INTO MOVIMIENTO VALUES('271','150029','129','15','25/03'||TO_CHAR(EXTRACT(YEAR FROM SYSDATE)),'170000','2');
INSERT INTO MOVIMIENTO VALUES('272','300025','5','30','30/03'||TO_CHAR(EXTRACT(YEAR FROM SYSDATE)),'250000','2');
INSERT INTO MOVIMIENTO VALUES('273','300003','28','30','10/03'||TO_CHAR(EXTRACT(YEAR FROM SYSDATE)),'40000','2');
INSERT INTO MOVIMIENTO VALUES('274','300013','68','30','10/03'||TO_CHAR(EXTRACT(YEAR FROM SYSDATE)),'31000','2');
INSERT INTO MOVIMIENTO VALUES('275','300023','110','30','30/03'||TO_CHAR(EXTRACT(YEAR FROM SYSDATE)),'125000','2');
INSERT INTO MOVIMIENTO VALUES('276','300024','114','30','30/03'||TO_CHAR(EXTRACT(YEAR FROM SYSDATE)),'40000','2');
INSERT INTO MOVIMIENTO VALUES('277','300002','17','30','25/04'||TO_CHAR(EXTRACT(YEAR FROM SYSDATE)),'12500','1');
INSERT INTO MOVIMIENTO VALUES('278','300005','33','30','15/04'||TO_CHAR(EXTRACT(YEAR FROM SYSDATE)),'21000','1');
INSERT INTO MOVIMIENTO VALUES('279','300006','35','30','10/04'||TO_CHAR(EXTRACT(YEAR FROM SYSDATE)),'18500','1');
INSERT INTO MOVIMIENTO VALUES('280','300007','36','30','05/04'||TO_CHAR(EXTRACT(YEAR FROM SYSDATE)),'23000','1');
INSERT INTO MOVIMIENTO VALUES('281','300008','37','30','30/04'||TO_CHAR(EXTRACT(YEAR FROM SYSDATE)),'17000','1');
INSERT INTO MOVIMIENTO VALUES('282','300010','49','30','25/04'||TO_CHAR(EXTRACT(YEAR FROM SYSDATE)),'24000','1');
INSERT INTO MOVIMIENTO VALUES('283','300011','59','30','10/04'||TO_CHAR(EXTRACT(YEAR FROM SYSDATE)),'19000','1');
INSERT INTO MOVIMIENTO VALUES('284','300012','60','30','10/04'||TO_CHAR(EXTRACT(YEAR FROM SYSDATE)),'21000','1');
INSERT INTO MOVIMIENTO VALUES('285','300014','69','30','15/04'||TO_CHAR(EXTRACT(YEAR FROM SYSDATE)),'21000','1');
INSERT INTO MOVIMIENTO VALUES('286','300015','73','30','15/04'||TO_CHAR(EXTRACT(YEAR FROM SYSDATE)),'16500','1');
INSERT INTO MOVIMIENTO VALUES('287','300016','86','30','15/04'||TO_CHAR(EXTRACT(YEAR FROM SYSDATE)),'15500','1');
INSERT INTO MOVIMIENTO VALUES('288','300017','87','30','15/04'||TO_CHAR(EXTRACT(YEAR FROM SYSDATE)),'12000','1');
INSERT INTO MOVIMIENTO VALUES('289','300018','91','30','20/04'||TO_CHAR(EXTRACT(YEAR FROM SYSDATE)),'24000','1');
INSERT INTO MOVIMIENTO VALUES('290','300020','97','30','20/04'||TO_CHAR(EXTRACT(YEAR FROM SYSDATE)),'19000','1');
INSERT INTO MOVIMIENTO VALUES('291','300021','98','30','30/04'||TO_CHAR(EXTRACT(YEAR FROM SYSDATE)),'17000','1');
INSERT INTO MOVIMIENTO VALUES('292','150030','26','15','10/04'||TO_CHAR(EXTRACT(YEAR FROM SYSDATE)),'185000','1');
INSERT INTO MOVIMIENTO VALUES('293','150031','26','15','10/04'||TO_CHAR(EXTRACT(YEAR FROM SYSDATE)),'185000','1');
INSERT INTO MOVIMIENTO VALUES('294','150003','7','15','10/04'||TO_CHAR(EXTRACT(YEAR FROM SYSDATE)),'40000','1');
INSERT INTO MOVIMIENTO VALUES('295','150013','52','15','10/04'||TO_CHAR(EXTRACT(YEAR FROM SYSDATE)),'31000','1');
INSERT INTO MOVIMIENTO VALUES('296','150023','93','15','30/04'||TO_CHAR(EXTRACT(YEAR FROM SYSDATE)),'125000','1');
INSERT INTO MOVIMIENTO VALUES('297','150024','96','15','30/04'||TO_CHAR(EXTRACT(YEAR FROM SYSDATE)),'40000','1');
INSERT INTO MOVIMIENTO VALUES('298','150029','129','15','25/04'||TO_CHAR(EXTRACT(YEAR FROM SYSDATE)),'170000','1');
INSERT INTO MOVIMIENTO VALUES('299','250001','5','25','30/04'||TO_CHAR(EXTRACT(YEAR FROM SYSDATE)),'250000','1');
INSERT INTO MOVIMIENTO VALUES('300','250003','13','25','10/04'||TO_CHAR(EXTRACT(YEAR FROM SYSDATE)),'400000','1');
INSERT INTO MOVIMIENTO VALUES('301','250004','14','25','25/04'||TO_CHAR(EXTRACT(YEAR FROM SYSDATE)),'280000','1');
INSERT INTO MOVIMIENTO VALUES('302','250009','31','25','25/04'||TO_CHAR(EXTRACT(YEAR FROM SYSDATE)),'300000','1');
INSERT INTO MOVIMIENTO VALUES('303','250010','34','25','25/04'||TO_CHAR(EXTRACT(YEAR FROM SYSDATE)),'240000','1');
INSERT INTO MOVIMIENTO VALUES('304','250013','40','25','10/04'||TO_CHAR(EXTRACT(YEAR FROM SYSDATE)),'310000','1');
INSERT INTO MOVIMIENTO VALUES('305','250018','50','25','20/04'||TO_CHAR(EXTRACT(YEAR FROM SYSDATE)),'240000','1');
INSERT INTO MOVIMIENTO VALUES('306','250019','54','25','20/04'||TO_CHAR(EXTRACT(YEAR FROM SYSDATE)),'260000','1');
INSERT INTO MOVIMIENTO VALUES('307','250022','66','25','30/04'||TO_CHAR(EXTRACT(YEAR FROM SYSDATE)),'250000','1');
INSERT INTO MOVIMIENTO VALUES('308','250024','71','25','30/04'||TO_CHAR(EXTRACT(YEAR FROM SYSDATE)),'400000','1');
INSERT INTO MOVIMIENTO VALUES('309','250025','78','25','30/04'||TO_CHAR(EXTRACT(YEAR FROM SYSDATE)),'280000','1');
INSERT INTO MOVIMIENTO VALUES('310','250030','92','25','15/04'||TO_CHAR(EXTRACT(YEAR FROM SYSDATE)),'300000','1');
INSERT INTO MOVIMIENTO VALUES('311','250031','95','25','10/04'||TO_CHAR(EXTRACT(YEAR FROM SYSDATE)),'240000','1');
INSERT INTO MOVIMIENTO VALUES('312','250034','102','25','25/04'||TO_CHAR(EXTRACT(YEAR FROM SYSDATE)),'310000','1');
INSERT INTO MOVIMIENTO VALUES('313','250039','111','25','15/04'||TO_CHAR(EXTRACT(YEAR FROM SYSDATE)),'240000','1');
INSERT INTO MOVIMIENTO VALUES('314','250040','113','25','15/04'||TO_CHAR(EXTRACT(YEAR FROM SYSDATE)),'260000','1');
INSERT INTO MOVIMIENTO VALUES('315','100001','1','10','30/04'||TO_CHAR(EXTRACT(YEAR FROM SYSDATE)),'25000','1');
INSERT INTO MOVIMIENTO VALUES('316','100003','8','10','10/04'||TO_CHAR(EXTRACT(YEAR FROM SYSDATE)),'40000','1');
INSERT INTO MOVIMIENTO VALUES('317','100004','19','10','25/04'||TO_CHAR(EXTRACT(YEAR FROM SYSDATE)),'28000','1');
INSERT INTO MOVIMIENTO VALUES('318','100009','45','10','25/04'||TO_CHAR(EXTRACT(YEAR FROM SYSDATE)),'30000','1');
INSERT INTO MOVIMIENTO VALUES('319','100010','48','10','25/04'||TO_CHAR(EXTRACT(YEAR FROM SYSDATE)),'24000','1');
INSERT INTO MOVIMIENTO VALUES('320','100013','57','10','10/04'||TO_CHAR(EXTRACT(YEAR FROM SYSDATE)),'31000','1');
INSERT INTO MOVIMIENTO VALUES('321','100018','75','10','20/04'||TO_CHAR(EXTRACT(YEAR FROM SYSDATE)),'24000','1');
INSERT INTO MOVIMIENTO VALUES('322','100019','76','10','20/04'||TO_CHAR(EXTRACT(YEAR FROM SYSDATE)),'26000','1');
INSERT INTO MOVIMIENTO VALUES('323','100022','88','10','30/04'||TO_CHAR(EXTRACT(YEAR FROM SYSDATE)),'25000','1');
INSERT INTO MOVIMIENTO VALUES('324','100023','106','10','30/04'||TO_CHAR(EXTRACT(YEAR FROM SYSDATE)),'125000','1');
INSERT INTO MOVIMIENTO VALUES('325','100024','107','10','30/04'||TO_CHAR(EXTRACT(YEAR FROM SYSDATE)),'40000','1');
INSERT INTO MOVIMIENTO VALUES('326','100025','109','10','30/04'||TO_CHAR(EXTRACT(YEAR FROM SYSDATE)),'28000','1');
INSERT INTO MOVIMIENTO VALUES('327','100029','123','10','25/04'||TO_CHAR(EXTRACT(YEAR FROM SYSDATE)),'170000','1');
INSERT INTO MOVIMIENTO VALUES('328','100030','127','10','10/04'||TO_CHAR(EXTRACT(YEAR FROM SYSDATE)),'120000','1');
INSERT INTO MOVIMIENTO VALUES('329','100031','130','10','10/04'||TO_CHAR(EXTRACT(YEAR FROM SYSDATE)),'80000','1');
INSERT INTO MOVIMIENTO VALUES('330','100003','8','10','10/04'||TO_CHAR(EXTRACT(YEAR FROM SYSDATE)),'40000','2');
INSERT INTO MOVIMIENTO VALUES('331','100013','57','10','10/04'||TO_CHAR(EXTRACT(YEAR FROM SYSDATE)),'31000','2');
INSERT INTO MOVIMIENTO VALUES('332','100023','106','10','30/04'||TO_CHAR(EXTRACT(YEAR FROM SYSDATE)),'125000','2');
INSERT INTO MOVIMIENTO VALUES('333','100024','107','10','30/04'||TO_CHAR(EXTRACT(YEAR FROM SYSDATE)),'40000','2');
INSERT INTO MOVIMIENTO VALUES('334','100029','123','10','25/04'||TO_CHAR(EXTRACT(YEAR FROM SYSDATE)),'170000','2');
INSERT INTO MOVIMIENTO VALUES('335','100030','127','10','10/04'||TO_CHAR(EXTRACT(YEAR FROM SYSDATE)),'120000','2');
INSERT INTO MOVIMIENTO VALUES('336','100031','130','10','10/04'||TO_CHAR(EXTRACT(YEAR FROM SYSDATE)),'80000','2');
INSERT INTO MOVIMIENTO VALUES('337','150030','26','15','10/04'||TO_CHAR(EXTRACT(YEAR FROM SYSDATE)),'185000','2');
INSERT INTO MOVIMIENTO VALUES('338','150031','26','15','10/04'||TO_CHAR(EXTRACT(YEAR FROM SYSDATE)),'185000','2');
INSERT INTO MOVIMIENTO VALUES('339','150023','93','15','30/04'||TO_CHAR(EXTRACT(YEAR FROM SYSDATE)),'125000','2');
INSERT INTO MOVIMIENTO VALUES('340','150029','129','15','25/04'||TO_CHAR(EXTRACT(YEAR FROM SYSDATE)),'170000','2');
INSERT INTO MOVIMIENTO VALUES('341','300025','5','30','30/04'||TO_CHAR(EXTRACT(YEAR FROM SYSDATE)),'250000','2');
INSERT INTO MOVIMIENTO VALUES('342','300003','28','30','10/04'||TO_CHAR(EXTRACT(YEAR FROM SYSDATE)),'40000','2');
INSERT INTO MOVIMIENTO VALUES('343','300013','68','30','10/04'||TO_CHAR(EXTRACT(YEAR FROM SYSDATE)),'31000','2');
INSERT INTO MOVIMIENTO VALUES('344','300023','110','30','30/04'||TO_CHAR(EXTRACT(YEAR FROM SYSDATE)),'125000','2');
INSERT INTO MOVIMIENTO VALUES('345','300024','114','30','30/04'||TO_CHAR(EXTRACT(YEAR FROM SYSDATE)),'40000','2');

INSERT INTO CREDITO_CLIENTE VALUES('2001','5','20/12'||TO_CHAR(EXTRACT(YEAR FROM SYSDATE)-1),'22/12'||TO_CHAR(EXTRACT(YEAR FROM SYSDATE)-1),'2500000','2750000','48','1','13114');
INSERT INTO CREDITO_CLIENTE VALUES('2002','6','12/12'||TO_CHAR(EXTRACT(YEAR FROM SYSDATE)-1),'13/12'||TO_CHAR(EXTRACT(YEAR FROM SYSDATE)-1),'800000','860000','36','2','1211');
INSERT INTO CREDITO_CLIENTE VALUES('2003','13','22/12'||TO_CHAR(EXTRACT(YEAR FROM SYSDATE)-1),'22/12'||TO_CHAR(EXTRACT(YEAR FROM SYSDATE)-1),'540000','567000','24','2','4011');
INSERT INTO CREDITO_CLIENTE VALUES('2004','13','01/12'||TO_CHAR(EXTRACT(YEAR FROM SYSDATE)-1),'01/12'||TO_CHAR(EXTRACT(YEAR FROM SYSDATE)-1),'1000000','1000050','18','2','2011');
INSERT INTO CREDITO_CLIENTE VALUES('2005','15','17/12'||TO_CHAR(EXTRACT(YEAR FROM SYSDATE)-1),'17/12'||TO_CHAR(EXTRACT(YEAR FROM SYSDATE)-1),'250000','260000','3','3','2011');
INSERT INTO CREDITO_CLIENTE VALUES('2006','26','30/12'||TO_CHAR(EXTRACT(YEAR FROM SYSDATE)-1),'30/12'||TO_CHAR(EXTRACT(YEAR FROM SYSDATE)-1),'750000','785000','24','2','4011');
INSERT INTO CREDITO_CLIENTE VALUES('2007','27','09/12'||TO_CHAR(EXTRACT(YEAR FROM SYSDATE)-1),'13/12'||TO_CHAR(EXTRACT(YEAR FROM SYSDATE)-1),'2000000','2100000','18','2','1211');
INSERT INTO CREDITO_CLIENTE VALUES('2008','29','23/12'||TO_CHAR(EXTRACT(YEAR FROM SYSDATE)-1),'23/12'||TO_CHAR(EXTRACT(YEAR FROM SYSDATE)-1),'1500000','1550000','12','2','1311');
INSERT INTO CREDITO_CLIENTE VALUES('2009','31','23/12'||TO_CHAR(EXTRACT(YEAR FROM SYSDATE)-1),'23/12'||TO_CHAR(EXTRACT(YEAR FROM SYSDATE)-1),'1200000','1250000','12','2','1311');
INSERT INTO CREDITO_CLIENTE VALUES('2010','34','22/12'||TO_CHAR(EXTRACT(YEAR FROM SYSDATE)-1),'22/12'||TO_CHAR(EXTRACT(YEAR FROM SYSDATE)-1),'950000','1000000','6','2','4011');
INSERT INTO CREDITO_CLIENTE VALUES('2011','38','07/01'||TO_CHAR(EXTRACT(YEAR FROM SYSDATE)),'07/01'||TO_CHAR(EXTRACT(YEAR FROM SYSDATE)),'700000','730000','6','2','3011');
INSERT INTO CREDITO_CLIENTE VALUES('2012','39','23/12'||TO_CHAR(EXTRACT(YEAR FROM SYSDATE)-1),'23/12'||TO_CHAR(EXTRACT(YEAR FROM SYSDATE)-1),'600000','620000','6','2','2011');
INSERT INTO CREDITO_CLIENTE VALUES('2013','40','21/12'||TO_CHAR(EXTRACT(YEAR FROM SYSDATE)-1),'23/12'||TO_CHAR(EXTRACT(YEAR FROM SYSDATE)-1),'500000','520000','12','2','2011');
INSERT INTO CREDITO_CLIENTE VALUES('2014','41','14/12'||TO_CHAR(EXTRACT(YEAR FROM SYSDATE)-1),'22/12'||TO_CHAR(EXTRACT(YEAR FROM SYSDATE)-1),'300000','340000','12','2','13114');
INSERT INTO CREDITO_CLIENTE VALUES('2015','42','14/02'||TO_CHAR(EXTRACT(YEAR FROM SYSDATE)),'15/02'||TO_CHAR(EXTRACT(YEAR FROM SYSDATE)),'700000','720000','6','1','8011');
INSERT INTO CREDITO_CLIENTE VALUES('3001','67','20/12'||TO_CHAR(EXTRACT(YEAR FROM SYSDATE)-1),'22/12'||TO_CHAR(EXTRACT(YEAR FROM SYSDATE)-1),'6000000','8400000','48','3','3031');
INSERT INTO CREDITO_CLIENTE VALUES('3002','62','12/12'||TO_CHAR(EXTRACT(YEAR FROM SYSDATE)-1),'17/12'||TO_CHAR(EXTRACT(YEAR FROM SYSDATE)-1),'7000000','9800000','36','3','1011');
INSERT INTO CREDITO_CLIENTE VALUES('3003','66','19/12'||TO_CHAR(EXTRACT(YEAR FROM SYSDATE)-1),'22/12'||TO_CHAR(EXTRACT(YEAR FROM SYSDATE)-1),'4000000','4900000','48','3','3011');
INSERT INTO CREDITO_CLIENTE VALUES('3004','67','01/12'||TO_CHAR(EXTRACT(YEAR FROM SYSDATE)-1),'22/12'||TO_CHAR(EXTRACT(YEAR FROM SYSDATE)-1),'3000000','3800000','36','3','13114');
INSERT INTO CREDITO_CLIENTE VALUES('3005','71','17/12'||TO_CHAR(EXTRACT(YEAR FROM SYSDATE)-1),'17/12'||TO_CHAR(EXTRACT(YEAR FROM SYSDATE)-1),'4500000','5000000','24','3','1011');
INSERT INTO CREDITO_CLIENTE VALUES('3006','78','13/12'||TO_CHAR(EXTRACT(YEAR FROM SYSDATE)-1),'13/12'||TO_CHAR(EXTRACT(YEAR FROM SYSDATE)-1),'3000000','4000000','12','3','1211');
INSERT INTO CREDITO_CLIENTE VALUES('3007','83','22/12'||TO_CHAR(EXTRACT(YEAR FROM SYSDATE)-1),'22/12'||TO_CHAR(EXTRACT(YEAR FROM SYSDATE)-1),'2000000','2800000','12','3','4011');
INSERT INTO CREDITO_CLIENTE VALUES('3008','84','23/12'||TO_CHAR(EXTRACT(YEAR FROM SYSDATE)-1),'23/12'||TO_CHAR(EXTRACT(YEAR FROM SYSDATE)-1),'7000000','9800000','36','1','2011');
INSERT INTO CREDITO_CLIENTE VALUES('3009','85','23/10'||TO_CHAR(EXTRACT(YEAR FROM SYSDATE)-1),'23/10'||TO_CHAR(EXTRACT(YEAR FROM SYSDATE)-1),'4000000','4900000','12','3','1211');
INSERT INTO CREDITO_CLIENTE VALUES('3010','90','17/09'||TO_CHAR(EXTRACT(YEAR FROM SYSDATE)-1),'18/09'||TO_CHAR(EXTRACT(YEAR FROM SYSDATE)-1),'3000000','4000000','12','3','1321');

INSERT INTO CUOTA_CREDITO_CLIENTE VALUES('2001','1','22/01'||TO_CHAR(EXTRACT(YEAR FROM SYSDATE)),'57292','22/01'||TO_CHAR(EXTRACT(YEAR FROM SYSDATE)),'57292','0','1');
INSERT INTO CUOTA_CREDITO_CLIENTE VALUES('2001','2','22/02'||TO_CHAR(EXTRACT(YEAR FROM SYSDATE)),'57292','19/02'||TO_CHAR(EXTRACT(YEAR FROM SYSDATE)),'57292','0','1');
INSERT INTO CUOTA_CREDITO_CLIENTE VALUES('2001','3','22/03'||TO_CHAR(EXTRACT(YEAR FROM SYSDATE)),'57292','22/03'||TO_CHAR(EXTRACT(YEAR FROM SYSDATE)),'57292','0','2');
INSERT INTO CUOTA_CREDITO_CLIENTE VALUES('2001','4','22/04'||TO_CHAR(EXTRACT(YEAR FROM SYSDATE)),'57292','22/04'||TO_CHAR(EXTRACT(YEAR FROM SYSDATE)),'57292','0','2');
INSERT INTO CUOTA_CREDITO_CLIENTE VALUES('2001','5','22/05'||TO_CHAR(EXTRACT(YEAR FROM SYSDATE)),'57292',null,null,null,null);
INSERT INTO CUOTA_CREDITO_CLIENTE VALUES('2001','6','22/06'||TO_CHAR(EXTRACT(YEAR FROM SYSDATE)),'57292',null,null,null,null);
INSERT INTO CUOTA_CREDITO_CLIENTE VALUES('2001','7','22/07'||TO_CHAR(EXTRACT(YEAR FROM SYSDATE)),'57292',null,null,null,null);
INSERT INTO CUOTA_CREDITO_CLIENTE VALUES('2001','8','22/08'||TO_CHAR(EXTRACT(YEAR FROM SYSDATE)),'57292',null,null,null,null);
INSERT INTO CUOTA_CREDITO_CLIENTE VALUES('2001','9','22/09'||TO_CHAR(EXTRACT(YEAR FROM SYSDATE)),'57292',null,null,null,null);
INSERT INTO CUOTA_CREDITO_CLIENTE VALUES('2001','10','22/10'||TO_CHAR(EXTRACT(YEAR FROM SYSDATE)),'57292',null,null,null,null);
INSERT INTO CUOTA_CREDITO_CLIENTE VALUES('2001','11','22/11'||TO_CHAR(EXTRACT(YEAR FROM SYSDATE)),'57292',null,null,null,null);
INSERT INTO CUOTA_CREDITO_CLIENTE VALUES('2001','12','22/12'||TO_CHAR(EXTRACT(YEAR FROM SYSDATE)),'57292',null,null,null,null);
INSERT INTO CUOTA_CREDITO_CLIENTE VALUES('2001','13','22/01'||TO_CHAR(EXTRACT(YEAR FROM SYSDATE)),'57292',null,null,null,null);
INSERT INTO CUOTA_CREDITO_CLIENTE VALUES('2001','14','22/02'||TO_CHAR(EXTRACT(YEAR FROM SYSDATE)+1),'57292',null,null,null,null);
INSERT INTO CUOTA_CREDITO_CLIENTE VALUES('2001','15','22/03'||TO_CHAR(EXTRACT(YEAR FROM SYSDATE)+1),'57292',null,null,null,null);
INSERT INTO CUOTA_CREDITO_CLIENTE VALUES('2001','16','22/04'||TO_CHAR(EXTRACT(YEAR FROM SYSDATE)+1),'57292',null,null,null,null);
INSERT INTO CUOTA_CREDITO_CLIENTE VALUES('2001','17','22/05'||TO_CHAR(EXTRACT(YEAR FROM SYSDATE)+1),'57292',null,null,null,null);
INSERT INTO CUOTA_CREDITO_CLIENTE VALUES('2001','18','22/06'||TO_CHAR(EXTRACT(YEAR FROM SYSDATE)+1),'57292',null,null,null,null);
INSERT INTO CUOTA_CREDITO_CLIENTE VALUES('2001','19','22/07'||TO_CHAR(EXTRACT(YEAR FROM SYSDATE)+1),'57292',null,null,null,null);
INSERT INTO CUOTA_CREDITO_CLIENTE VALUES('2001','20','22/08'||TO_CHAR(EXTRACT(YEAR FROM SYSDATE)+1),'57292',null,null,null,null);
INSERT INTO CUOTA_CREDITO_CLIENTE VALUES('2001','21','22/09'||TO_CHAR(EXTRACT(YEAR FROM SYSDATE)+1),'57292',null,null,null,null);
INSERT INTO CUOTA_CREDITO_CLIENTE VALUES('2001','22','22/10'||TO_CHAR(EXTRACT(YEAR FROM SYSDATE)+1),'57292',null,null,null,null);
INSERT INTO CUOTA_CREDITO_CLIENTE VALUES('2001','23','22/11'||TO_CHAR(EXTRACT(YEAR FROM SYSDATE)+1),'57292',null,null,null,null);
INSERT INTO CUOTA_CREDITO_CLIENTE VALUES('2001','24','22/12'||TO_CHAR(EXTRACT(YEAR FROM SYSDATE)+1),'57292',null,null,null,null);
INSERT INTO CUOTA_CREDITO_CLIENTE VALUES('2001','25','22/01'||TO_CHAR(EXTRACT(YEAR FROM SYSDATE)+2),'57292',null,null,null,null);
INSERT INTO CUOTA_CREDITO_CLIENTE VALUES('2001','26','22/02'||TO_CHAR(EXTRACT(YEAR FROM SYSDATE)+2),'57292',null,null,null,null);
INSERT INTO CUOTA_CREDITO_CLIENTE VALUES('2001','27','22/03'||TO_CHAR(EXTRACT(YEAR FROM SYSDATE)+2),'57292',null,null,null,null);
INSERT INTO CUOTA_CREDITO_CLIENTE VALUES('2001','28','22/04'||TO_CHAR(EXTRACT(YEAR FROM SYSDATE)+2),'57292',null,null,null,null);
INSERT INTO CUOTA_CREDITO_CLIENTE VALUES('2001','29','22/05'||TO_CHAR(EXTRACT(YEAR FROM SYSDATE)+2),'57292',null,null,null,null);
INSERT INTO CUOTA_CREDITO_CLIENTE VALUES('2001','30','22/06'||TO_CHAR(EXTRACT(YEAR FROM SYSDATE)+2),'57292',null,null,null,null);
INSERT INTO CUOTA_CREDITO_CLIENTE VALUES('2001','31','22/07'||TO_CHAR(EXTRACT(YEAR FROM SYSDATE)+2),'57292',null,null,null,null);
INSERT INTO CUOTA_CREDITO_CLIENTE VALUES('2001','32','22/08'||TO_CHAR(EXTRACT(YEAR FROM SYSDATE)+2),'57292',null,null,null,null);
INSERT INTO CUOTA_CREDITO_CLIENTE VALUES('2001','33','22/09'||TO_CHAR(EXTRACT(YEAR FROM SYSDATE)+2),'57292',null,null,null,null);
INSERT INTO CUOTA_CREDITO_CLIENTE VALUES('2001','34','22/10'||TO_CHAR(EXTRACT(YEAR FROM SYSDATE)+2),'57292',null,null,null,null);
INSERT INTO CUOTA_CREDITO_CLIENTE VALUES('2001','35','22/11'||TO_CHAR(EXTRACT(YEAR FROM SYSDATE)+2),'57292',null,null,null,null);
INSERT INTO CUOTA_CREDITO_CLIENTE VALUES('2001','36','22/12'||TO_CHAR(EXTRACT(YEAR FROM SYSDATE)+2),'57292',null,null,null,null);
INSERT INTO CUOTA_CREDITO_CLIENTE VALUES('2001','37','22/01'||TO_CHAR(EXTRACT(YEAR FROM SYSDATE)+3),'57292',null,null,null,null);
INSERT INTO CUOTA_CREDITO_CLIENTE VALUES('2001','38','22/02'||TO_CHAR(EXTRACT(YEAR FROM SYSDATE)+3),'57292',null,null,null,null);
INSERT INTO CUOTA_CREDITO_CLIENTE VALUES('2001','39','22/03'||TO_CHAR(EXTRACT(YEAR FROM SYSDATE)+3),'57292',null,null,null,null);
INSERT INTO CUOTA_CREDITO_CLIENTE VALUES('2001','40','22/04'||TO_CHAR(EXTRACT(YEAR FROM SYSDATE)+3),'57292',null,null,null,null);
INSERT INTO CUOTA_CREDITO_CLIENTE VALUES('2001','41','22/05'||TO_CHAR(EXTRACT(YEAR FROM SYSDATE)+3),'57292',null,null,null,null);
INSERT INTO CUOTA_CREDITO_CLIENTE VALUES('2001','42','22/06'||TO_CHAR(EXTRACT(YEAR FROM SYSDATE)+3),'57292',null,null,null,null);
INSERT INTO CUOTA_CREDITO_CLIENTE VALUES('2001','43','22/07'||TO_CHAR(EXTRACT(YEAR FROM SYSDATE)+3),'57292',null,null,null,null);
INSERT INTO CUOTA_CREDITO_CLIENTE VALUES('2001','44','22/08'||TO_CHAR(EXTRACT(YEAR FROM SYSDATE)+3),'57292',null,null,null,null);
INSERT INTO CUOTA_CREDITO_CLIENTE VALUES('2001','45','22/09'||TO_CHAR(EXTRACT(YEAR FROM SYSDATE)+3),'57292',null,null,null,null);
INSERT INTO CUOTA_CREDITO_CLIENTE VALUES('2001','46','22/10'||TO_CHAR(EXTRACT(YEAR FROM SYSDATE)+3),'57292',null,null,null,null);
INSERT INTO CUOTA_CREDITO_CLIENTE VALUES('2001','47','22/11'||TO_CHAR(EXTRACT(YEAR FROM SYSDATE)+3),'57292',null,null,null,null);
INSERT INTO CUOTA_CREDITO_CLIENTE VALUES('2001','48','22/12'||TO_CHAR(EXTRACT(YEAR FROM SYSDATE)+3),'57292',null,null,null,null);
INSERT INTO CUOTA_CREDITO_CLIENTE VALUES('2002','1','13/01'||TO_CHAR(EXTRACT(YEAR FROM SYSDATE)),'18330','13/01'||TO_CHAR(EXTRACT(YEAR FROM SYSDATE)),'18330','0','2');
INSERT INTO CUOTA_CREDITO_CLIENTE VALUES('2002','2','13/02'||TO_CHAR(EXTRACT(YEAR FROM SYSDATE)),'18330','10/02'||TO_CHAR(EXTRACT(YEAR FROM SYSDATE)),'18330','0','2');
INSERT INTO CUOTA_CREDITO_CLIENTE VALUES('2002','3','13/03'||TO_CHAR(EXTRACT(YEAR FROM SYSDATE)),'18330','12/03'||TO_CHAR(EXTRACT(YEAR FROM SYSDATE)),'18330','0','2');
INSERT INTO CUOTA_CREDITO_CLIENTE VALUES('2002','4','13/04'||TO_CHAR(EXTRACT(YEAR FROM SYSDATE)),'18330','18/04'||TO_CHAR(EXTRACT(YEAR FROM SYSDATE)),'18330','0','2');
INSERT INTO CUOTA_CREDITO_CLIENTE VALUES('2002','5','13/05'||TO_CHAR(EXTRACT(YEAR FROM SYSDATE)),'18330',null,null,null,null);
INSERT INTO CUOTA_CREDITO_CLIENTE VALUES('2002','6','13/06'||TO_CHAR(EXTRACT(YEAR FROM SYSDATE)),'18330',null,null,null,null);
INSERT INTO CUOTA_CREDITO_CLIENTE VALUES('2002','7','13/07'||TO_CHAR(EXTRACT(YEAR FROM SYSDATE)),'18330',null,null,null,null);
INSERT INTO CUOTA_CREDITO_CLIENTE VALUES('2002','8','13/08'||TO_CHAR(EXTRACT(YEAR FROM SYSDATE)),'18330',null,null,null,null);
INSERT INTO CUOTA_CREDITO_CLIENTE VALUES('2002','9','13/09'||TO_CHAR(EXTRACT(YEAR FROM SYSDATE)),'18330',null,null,null,null);
INSERT INTO CUOTA_CREDITO_CLIENTE VALUES('2002','10','13/10'||TO_CHAR(EXTRACT(YEAR FROM SYSDATE)),'18330',null,null,null,null);
INSERT INTO CUOTA_CREDITO_CLIENTE VALUES('2002','11','13/11'||TO_CHAR(EXTRACT(YEAR FROM SYSDATE)),'18330',null,null,null,null);
INSERT INTO CUOTA_CREDITO_CLIENTE VALUES('2002','12','13/12'||TO_CHAR(EXTRACT(YEAR FROM SYSDATE)),'18330',null,null,null,null);
INSERT INTO CUOTA_CREDITO_CLIENTE VALUES('2002','13','13/01'||TO_CHAR(EXTRACT(YEAR FROM SYSDATE)+1),'18330',null,null,null,null);
INSERT INTO CUOTA_CREDITO_CLIENTE VALUES('2002','14','13/02'||TO_CHAR(EXTRACT(YEAR FROM SYSDATE)+1),'18330',null,null,null,null);
INSERT INTO CUOTA_CREDITO_CLIENTE VALUES('2002','15','13/03'||TO_CHAR(EXTRACT(YEAR FROM SYSDATE)+1),'18330',null,null,null,null);
INSERT INTO CUOTA_CREDITO_CLIENTE VALUES('2002','16','13/04'||TO_CHAR(EXTRACT(YEAR FROM SYSDATE)+1),'18330',null,null,null,null);
INSERT INTO CUOTA_CREDITO_CLIENTE VALUES('2002','17','13/05'||TO_CHAR(EXTRACT(YEAR FROM SYSDATE)+1),'18330',null,null,null,null);
INSERT INTO CUOTA_CREDITO_CLIENTE VALUES('2002','18','13/06'||TO_CHAR(EXTRACT(YEAR FROM SYSDATE)+1),'18330',null,null,null,null);
INSERT INTO CUOTA_CREDITO_CLIENTE VALUES('2002','19','13/07'||TO_CHAR(EXTRACT(YEAR FROM SYSDATE)+1),'18330',null,null,null,null);
INSERT INTO CUOTA_CREDITO_CLIENTE VALUES('2002','20','13/08'||TO_CHAR(EXTRACT(YEAR FROM SYSDATE)+1),'18330',null,null,null,null);
INSERT INTO CUOTA_CREDITO_CLIENTE VALUES('2002','21','13/09'||TO_CHAR(EXTRACT(YEAR FROM SYSDATE)+1),'18330',null,null,null,null);
INSERT INTO CUOTA_CREDITO_CLIENTE VALUES('2002','22','13/10'||TO_CHAR(EXTRACT(YEAR FROM SYSDATE)+1),'18330',null,null,null,null);
INSERT INTO CUOTA_CREDITO_CLIENTE VALUES('2002','23','13/11'||TO_CHAR(EXTRACT(YEAR FROM SYSDATE)+1),'18330',null,null,null,null);
INSERT INTO CUOTA_CREDITO_CLIENTE VALUES('2002','24','13/12'||TO_CHAR(EXTRACT(YEAR FROM SYSDATE)+1),'18330',null,null,null,null);
INSERT INTO CUOTA_CREDITO_CLIENTE VALUES('2002','25','13/01'||TO_CHAR(EXTRACT(YEAR FROM SYSDATE)+2),'18330',null,null,null,null);
INSERT INTO CUOTA_CREDITO_CLIENTE VALUES('2002','26','13/02'||TO_CHAR(EXTRACT(YEAR FROM SYSDATE)+2),'18330',null,null,null,null);
INSERT INTO CUOTA_CREDITO_CLIENTE VALUES('2002','27','13/03'||TO_CHAR(EXTRACT(YEAR FROM SYSDATE)+2),'18330',null,null,null,null);
INSERT INTO CUOTA_CREDITO_CLIENTE VALUES('2002','28','13/04'||TO_CHAR(EXTRACT(YEAR FROM SYSDATE)+2),'18330',null,null,null,null);
INSERT INTO CUOTA_CREDITO_CLIENTE VALUES('2002','29','13/05'||TO_CHAR(EXTRACT(YEAR FROM SYSDATE)+2),'18330',null,null,null,null);
INSERT INTO CUOTA_CREDITO_CLIENTE VALUES('2002','30','13/06'||TO_CHAR(EXTRACT(YEAR FROM SYSDATE)+2),'18330',null,null,null,null);
INSERT INTO CUOTA_CREDITO_CLIENTE VALUES('2002','31','13/07'||TO_CHAR(EXTRACT(YEAR FROM SYSDATE)+2),'18330',null,null,null,null);
INSERT INTO CUOTA_CREDITO_CLIENTE VALUES('2002','32','13/08'||TO_CHAR(EXTRACT(YEAR FROM SYSDATE)+2),'18330',null,null,null,null);
INSERT INTO CUOTA_CREDITO_CLIENTE VALUES('2002','33','13/09'||TO_CHAR(EXTRACT(YEAR FROM SYSDATE)+2),'18330',null,null,null,null);
INSERT INTO CUOTA_CREDITO_CLIENTE VALUES('2002','34','13/10'||TO_CHAR(EXTRACT(YEAR FROM SYSDATE)+2),'18330',null,null,null,null);
INSERT INTO CUOTA_CREDITO_CLIENTE VALUES('2002','35','13/11'||TO_CHAR(EXTRACT(YEAR FROM SYSDATE)+2),'18330',null,null,null,null);
INSERT INTO CUOTA_CREDITO_CLIENTE VALUES('2002','36','13/12'||TO_CHAR(EXTRACT(YEAR FROM SYSDATE)+2),'18330',null,null,null,null);
INSERT INTO CUOTA_CREDITO_CLIENTE VALUES('2003','1','22/01'||TO_CHAR(EXTRACT(YEAR FROM SYSDATE)),'23625','22/01'||TO_CHAR(EXTRACT(YEAR FROM SYSDATE)),'23625','0','1');
INSERT INTO CUOTA_CREDITO_CLIENTE VALUES('2003','2','22/02'||TO_CHAR(EXTRACT(YEAR FROM SYSDATE)),'23625','22/02'||TO_CHAR(EXTRACT(YEAR FROM SYSDATE)),'23625','0','2');
INSERT INTO CUOTA_CREDITO_CLIENTE VALUES('2003','3','22/03'||TO_CHAR(EXTRACT(YEAR FROM SYSDATE)),'23625','22/03'||TO_CHAR(EXTRACT(YEAR FROM SYSDATE)),'23625','0','1');
INSERT INTO CUOTA_CREDITO_CLIENTE VALUES('2003','4','22/04'||TO_CHAR(EXTRACT(YEAR FROM SYSDATE)),'23625','22/04'||TO_CHAR(EXTRACT(YEAR FROM SYSDATE)),'23625','0','3');
INSERT INTO CUOTA_CREDITO_CLIENTE VALUES('2003','5','22/05'||TO_CHAR(EXTRACT(YEAR FROM SYSDATE)),'23625',null,null,null,null);
INSERT INTO CUOTA_CREDITO_CLIENTE VALUES('2003','6','22/06'||TO_CHAR(EXTRACT(YEAR FROM SYSDATE)),'23625',null,null,null,null);
INSERT INTO CUOTA_CREDITO_CLIENTE VALUES('2003','7','22/07'||TO_CHAR(EXTRACT(YEAR FROM SYSDATE)),'23625',null,null,null,null);
INSERT INTO CUOTA_CREDITO_CLIENTE VALUES('2003','8','22/08'||TO_CHAR(EXTRACT(YEAR FROM SYSDATE)),'23625',null,null,null,null);
INSERT INTO CUOTA_CREDITO_CLIENTE VALUES('2003','9','22/09'||TO_CHAR(EXTRACT(YEAR FROM SYSDATE)),'23625',null,null,null,null);
INSERT INTO CUOTA_CREDITO_CLIENTE VALUES('2003','10','22/10'||TO_CHAR(EXTRACT(YEAR FROM SYSDATE)),'23625',null,null,null,null);
INSERT INTO CUOTA_CREDITO_CLIENTE VALUES('2003','11','22/11'||TO_CHAR(EXTRACT(YEAR FROM SYSDATE)),'23625',null,null,null,null);
INSERT INTO CUOTA_CREDITO_CLIENTE VALUES('2003','12','22/12'||TO_CHAR(EXTRACT(YEAR FROM SYSDATE)),'23625',null,null,null,null);
INSERT INTO CUOTA_CREDITO_CLIENTE VALUES('2003','13','22/01'||TO_CHAR(EXTRACT(YEAR FROM SYSDATE)+1),'23625',null,null,null,null);
INSERT INTO CUOTA_CREDITO_CLIENTE VALUES('2003','14','22/02'||TO_CHAR(EXTRACT(YEAR FROM SYSDATE)+1),'23625',null,null,null,null);
INSERT INTO CUOTA_CREDITO_CLIENTE VALUES('2003','15','22/03'||TO_CHAR(EXTRACT(YEAR FROM SYSDATE)+1),'23625',null,null,null,null);
INSERT INTO CUOTA_CREDITO_CLIENTE VALUES('2003','16','22/04'||TO_CHAR(EXTRACT(YEAR FROM SYSDATE)+1),'23625',null,null,null,null);
INSERT INTO CUOTA_CREDITO_CLIENTE VALUES('2003','17','22/05'||TO_CHAR(EXTRACT(YEAR FROM SYSDATE)+1),'23625',null,null,null,null);
INSERT INTO CUOTA_CREDITO_CLIENTE VALUES('2003','18','22/06'||TO_CHAR(EXTRACT(YEAR FROM SYSDATE)+1),'23625',null,null,null,null);
INSERT INTO CUOTA_CREDITO_CLIENTE VALUES('2003','19','22/07'||TO_CHAR(EXTRACT(YEAR FROM SYSDATE)+1),'23625',null,null,null,null);
INSERT INTO CUOTA_CREDITO_CLIENTE VALUES('2003','20','22/08'||TO_CHAR(EXTRACT(YEAR FROM SYSDATE)+1),'23625',null,null,null,null);
INSERT INTO CUOTA_CREDITO_CLIENTE VALUES('2003','21','22/09'||TO_CHAR(EXTRACT(YEAR FROM SYSDATE)+1),'23625',null,null,null,null);
INSERT INTO CUOTA_CREDITO_CLIENTE VALUES('2003','22','22/10'||TO_CHAR(EXTRACT(YEAR FROM SYSDATE)+1),'23625',null,null,null,null);
INSERT INTO CUOTA_CREDITO_CLIENTE VALUES('2003','23','22/11'||TO_CHAR(EXTRACT(YEAR FROM SYSDATE)+1),'23625',null,null,null,null);
INSERT INTO CUOTA_CREDITO_CLIENTE VALUES('2003','24','22/12'||TO_CHAR(EXTRACT(YEAR FROM SYSDATE)+1),'23625',null,null,null,null);
INSERT INTO CUOTA_CREDITO_CLIENTE VALUES('2004','1','01/01'||TO_CHAR(EXTRACT(YEAR FROM SYSDATE)),'55560','28/01'||TO_CHAR(EXTRACT(YEAR FROM SYSDATE)),'55560','0','1');
INSERT INTO CUOTA_CREDITO_CLIENTE VALUES('2004','2','01/02'||TO_CHAR(EXTRACT(YEAR FROM SYSDATE)),'55560','01/02'||TO_CHAR(EXTRACT(YEAR FROM SYSDATE)),'55560','0','1');
INSERT INTO CUOTA_CREDITO_CLIENTE VALUES('2004','3','01/03'||TO_CHAR(EXTRACT(YEAR FROM SYSDATE)),'55560','01/03'||TO_CHAR(EXTRACT(YEAR FROM SYSDATE)),'55560','0','1');
INSERT INTO CUOTA_CREDITO_CLIENTE VALUES('2004','4','01/04'||TO_CHAR(EXTRACT(YEAR FROM SYSDATE)),'55560','09/04'||TO_CHAR(EXTRACT(YEAR FROM SYSDATE)),'40000','15560','1');
INSERT INTO CUOTA_CREDITO_CLIENTE VALUES('2004','5','01/05'||TO_CHAR(EXTRACT(YEAR FROM SYSDATE)),'55560',null,null,null,null);
INSERT INTO CUOTA_CREDITO_CLIENTE VALUES('2004','6','01/06'||TO_CHAR(EXTRACT(YEAR FROM SYSDATE)),'55560',null,null,null,null);
INSERT INTO CUOTA_CREDITO_CLIENTE VALUES('2004','7','01/07'||TO_CHAR(EXTRACT(YEAR FROM SYSDATE)),'55560',null,null,null,null);
INSERT INTO CUOTA_CREDITO_CLIENTE VALUES('2004','8','01/08'||TO_CHAR(EXTRACT(YEAR FROM SYSDATE)),'55560',null,null,null,null);
INSERT INTO CUOTA_CREDITO_CLIENTE VALUES('2004','9','01/09'||TO_CHAR(EXTRACT(YEAR FROM SYSDATE)),'55560',null,null,null,null);
INSERT INTO CUOTA_CREDITO_CLIENTE VALUES('2004','10','01/10'||TO_CHAR(EXTRACT(YEAR FROM SYSDATE)),'55560',null,null,null,null);
INSERT INTO CUOTA_CREDITO_CLIENTE VALUES('2004','11','01/11'||TO_CHAR(EXTRACT(YEAR FROM SYSDATE)),'55560',null,null,null,null);
INSERT INTO CUOTA_CREDITO_CLIENTE VALUES('2004','12','01/12'||TO_CHAR(EXTRACT(YEAR FROM SYSDATE)),'55560',null,null,null,null);
INSERT INTO CUOTA_CREDITO_CLIENTE VALUES('2004','13','01/01'||TO_CHAR(EXTRACT(YEAR FROM SYSDATE)+1),'55560',null,null,null,null);
INSERT INTO CUOTA_CREDITO_CLIENTE VALUES('2004','14','01/02'||TO_CHAR(EXTRACT(YEAR FROM SYSDATE)+1),'55560',null,null,null,null);
INSERT INTO CUOTA_CREDITO_CLIENTE VALUES('2004','15','01/03'||TO_CHAR(EXTRACT(YEAR FROM SYSDATE)+1),'55560',null,null,null,null);
INSERT INTO CUOTA_CREDITO_CLIENTE VALUES('2004','16','01/04'||TO_CHAR(EXTRACT(YEAR FROM SYSDATE)+1),'55560',null,null,null,null);
INSERT INTO CUOTA_CREDITO_CLIENTE VALUES('2004','17','01/05'||TO_CHAR(EXTRACT(YEAR FROM SYSDATE)+1),'55560',null,null,null,null);
INSERT INTO CUOTA_CREDITO_CLIENTE VALUES('2004','18','01/06'||TO_CHAR(EXTRACT(YEAR FROM SYSDATE)+1),'55560',null,null,null,null);
INSERT INTO CUOTA_CREDITO_CLIENTE VALUES('2005','1','17/01'||TO_CHAR(EXTRACT(YEAR FROM SYSDATE)),'86667','15/01'||TO_CHAR(EXTRACT(YEAR FROM SYSDATE)),'86667','0','1');
INSERT INTO CUOTA_CREDITO_CLIENTE VALUES('2005','2','17/02'||TO_CHAR(EXTRACT(YEAR FROM SYSDATE)),'86667','14/02'||TO_CHAR(EXTRACT(YEAR FROM SYSDATE)),'86667','0','2');
INSERT INTO CUOTA_CREDITO_CLIENTE VALUES('2005','3','17/03'||TO_CHAR(EXTRACT(YEAR FROM SYSDATE)),'86667','17/03'||TO_CHAR(EXTRACT(YEAR FROM SYSDATE)),'86667','0','1');
INSERT INTO CUOTA_CREDITO_CLIENTE VALUES('2006','1','30/01'||TO_CHAR(EXTRACT(YEAR FROM SYSDATE)),'32710','30/01'||TO_CHAR(EXTRACT(YEAR FROM SYSDATE)),'32710','0','2');
INSERT INTO CUOTA_CREDITO_CLIENTE VALUES('2006','2','28/02'||TO_CHAR(EXTRACT(YEAR FROM SYSDATE)),'32710','28/02'||TO_CHAR(EXTRACT(YEAR FROM SYSDATE)),'32710','0','2');
INSERT INTO CUOTA_CREDITO_CLIENTE VALUES('2006','3','30/03'||TO_CHAR(EXTRACT(YEAR FROM SYSDATE)),'32710','30/03'||TO_CHAR(EXTRACT(YEAR FROM SYSDATE)),'32710','0','2');
INSERT INTO CUOTA_CREDITO_CLIENTE VALUES('2006','4','30/04'||TO_CHAR(EXTRACT(YEAR FROM SYSDATE)),'32710','29/04'||TO_CHAR(EXTRACT(YEAR FROM SYSDATE)),'32710','0','2');
INSERT INTO CUOTA_CREDITO_CLIENTE VALUES('2006','5','30/05'||TO_CHAR(EXTRACT(YEAR FROM SYSDATE)),'32710',null,null,null,null);
INSERT INTO CUOTA_CREDITO_CLIENTE VALUES('2006','6','30/06'||TO_CHAR(EXTRACT(YEAR FROM SYSDATE)),'32710',null,null,null,null);
INSERT INTO CUOTA_CREDITO_CLIENTE VALUES('2006','7','30/07'||TO_CHAR(EXTRACT(YEAR FROM SYSDATE)),'32710',null,null,null,null);
INSERT INTO CUOTA_CREDITO_CLIENTE VALUES('2006','8','30/08'||TO_CHAR(EXTRACT(YEAR FROM SYSDATE)),'32710',null,null,null,null);
INSERT INTO CUOTA_CREDITO_CLIENTE VALUES('2006','9','30/09'||TO_CHAR(EXTRACT(YEAR FROM SYSDATE)),'32710',null,null,null,null);
INSERT INTO CUOTA_CREDITO_CLIENTE VALUES('2006','10','30/10'||TO_CHAR(EXTRACT(YEAR FROM SYSDATE)),'32710',null,null,null,null);
INSERT INTO CUOTA_CREDITO_CLIENTE VALUES('2006','11','30/11'||TO_CHAR(EXTRACT(YEAR FROM SYSDATE)),'32710',null,null,null,null);
INSERT INTO CUOTA_CREDITO_CLIENTE VALUES('2006','12','30/12'||TO_CHAR(EXTRACT(YEAR FROM SYSDATE)),'32710',null,null,null,null);
INSERT INTO CUOTA_CREDITO_CLIENTE VALUES('2006','13','30/01'||TO_CHAR(EXTRACT(YEAR FROM SYSDATE)+1),'32710',null,null,null,null);
INSERT INTO CUOTA_CREDITO_CLIENTE VALUES('2006','14','28/02'||TO_CHAR(EXTRACT(YEAR FROM SYSDATE)+1),'32710',null,null,null,null);
INSERT INTO CUOTA_CREDITO_CLIENTE VALUES('2006','15','30/03'||TO_CHAR(EXTRACT(YEAR FROM SYSDATE)+1),'32710',null,null,null,null);
INSERT INTO CUOTA_CREDITO_CLIENTE VALUES('2006','16','30/04'||TO_CHAR(EXTRACT(YEAR FROM SYSDATE)+1),'32710',null,null,null,null);
INSERT INTO CUOTA_CREDITO_CLIENTE VALUES('2006','17','30/05'||TO_CHAR(EXTRACT(YEAR FROM SYSDATE)+1),'32710',null,null,null,null);
INSERT INTO CUOTA_CREDITO_CLIENTE VALUES('2006','18','30/06'||TO_CHAR(EXTRACT(YEAR FROM SYSDATE)+1),'32710',null,null,null,null);
INSERT INTO CUOTA_CREDITO_CLIENTE VALUES('2006','19','30/07'||TO_CHAR(EXTRACT(YEAR FROM SYSDATE)+1),'32710',null,null,null,null);
INSERT INTO CUOTA_CREDITO_CLIENTE VALUES('2006','20','30/08'||TO_CHAR(EXTRACT(YEAR FROM SYSDATE)+1),'32710',null,null,null,null);
INSERT INTO CUOTA_CREDITO_CLIENTE VALUES('2006','21','30/09'||TO_CHAR(EXTRACT(YEAR FROM SYSDATE)+1),'32710',null,null,null,null);
INSERT INTO CUOTA_CREDITO_CLIENTE VALUES('2006','22','30/10'||TO_CHAR(EXTRACT(YEAR FROM SYSDATE)+1),'32710',null,null,null,null);
INSERT INTO CUOTA_CREDITO_CLIENTE VALUES('2006','23','30/11'||TO_CHAR(EXTRACT(YEAR FROM SYSDATE)+1),'32710',null,null,null,null);
INSERT INTO CUOTA_CREDITO_CLIENTE VALUES('2006','24','30/12'||TO_CHAR(EXTRACT(YEAR FROM SYSDATE)+1),'32710',null,null,null,null);
INSERT INTO CUOTA_CREDITO_CLIENTE VALUES('2007','1','11/01'||TO_CHAR(EXTRACT(YEAR FROM SYSDATE)),'116667','11/01'||TO_CHAR(EXTRACT(YEAR FROM SYSDATE)),'116667','0','2');
INSERT INTO CUOTA_CREDITO_CLIENTE VALUES('2007','2','11/02'||TO_CHAR(EXTRACT(YEAR FROM SYSDATE)),'116667','11/02'||TO_CHAR(EXTRACT(YEAR FROM SYSDATE)),'116667','0','1');
INSERT INTO CUOTA_CREDITO_CLIENTE VALUES('2007','3','11/03'||TO_CHAR(EXTRACT(YEAR FROM SYSDATE)),'116667','11/03'||TO_CHAR(EXTRACT(YEAR FROM SYSDATE)),'116667','0','2');
INSERT INTO CUOTA_CREDITO_CLIENTE VALUES('2007','4','11/04'||TO_CHAR(EXTRACT(YEAR FROM SYSDATE)),'116667','20/04'||TO_CHAR(EXTRACT(YEAR FROM SYSDATE)),'116667','0','2');
INSERT INTO CUOTA_CREDITO_CLIENTE VALUES('2007','5','11/05'||TO_CHAR(EXTRACT(YEAR FROM SYSDATE)),'116667',null,null,null,null);
INSERT INTO CUOTA_CREDITO_CLIENTE VALUES('2007','6','11/06'||TO_CHAR(EXTRACT(YEAR FROM SYSDATE)),'116667',null,null,null,null);
INSERT INTO CUOTA_CREDITO_CLIENTE VALUES('2007','7','11/07'||TO_CHAR(EXTRACT(YEAR FROM SYSDATE)),'116667',null,null,null,null);
INSERT INTO CUOTA_CREDITO_CLIENTE VALUES('2007','8','11/08'||TO_CHAR(EXTRACT(YEAR FROM SYSDATE)),'116667',null,null,null,null);
INSERT INTO CUOTA_CREDITO_CLIENTE VALUES('2007','9','11/09'||TO_CHAR(EXTRACT(YEAR FROM SYSDATE)),'116667',null,null,null,null);
INSERT INTO CUOTA_CREDITO_CLIENTE VALUES('2007','10','11/10'||TO_CHAR(EXTRACT(YEAR FROM SYSDATE)),'116667',null,null,null,null);
INSERT INTO CUOTA_CREDITO_CLIENTE VALUES('2007','11','11/11'||TO_CHAR(EXTRACT(YEAR FROM SYSDATE)),'116667',null,null,null,null);
INSERT INTO CUOTA_CREDITO_CLIENTE VALUES('2007','12','11/12'||TO_CHAR(EXTRACT(YEAR FROM SYSDATE)),'116667',null,null,null,null);
INSERT INTO CUOTA_CREDITO_CLIENTE VALUES('2007','13','11/01'||TO_CHAR(EXTRACT(YEAR FROM SYSDATE)+1),'116667',null,null,null,null);
INSERT INTO CUOTA_CREDITO_CLIENTE VALUES('2007','14','11/02'||TO_CHAR(EXTRACT(YEAR FROM SYSDATE)+1),'116667',null,null,null,null);
INSERT INTO CUOTA_CREDITO_CLIENTE VALUES('2007','15','11/03'||TO_CHAR(EXTRACT(YEAR FROM SYSDATE)+1),'116667',null,null,null,null);
INSERT INTO CUOTA_CREDITO_CLIENTE VALUES('2007','16','11/04'||TO_CHAR(EXTRACT(YEAR FROM SYSDATE)+1),'116667',null,null,null,null);
INSERT INTO CUOTA_CREDITO_CLIENTE VALUES('2007','17','11/05'||TO_CHAR(EXTRACT(YEAR FROM SYSDATE)+1),'116667',null,null,null,null);
INSERT INTO CUOTA_CREDITO_CLIENTE VALUES('2007','18','11/06'||TO_CHAR(EXTRACT(YEAR FROM SYSDATE)+1),'116667',null,null,null,null);
INSERT INTO CUOTA_CREDITO_CLIENTE VALUES('2008','1','23/01'||TO_CHAR(EXTRACT(YEAR FROM SYSDATE)),'129167','23/01'||TO_CHAR(EXTRACT(YEAR FROM SYSDATE)),'129167','0','2');
INSERT INTO CUOTA_CREDITO_CLIENTE VALUES('2008','2','23/02'||TO_CHAR(EXTRACT(YEAR FROM SYSDATE)),'129167','20/02'||TO_CHAR(EXTRACT(YEAR FROM SYSDATE)),'129167','0','2');
INSERT INTO CUOTA_CREDITO_CLIENTE VALUES('2008','3','23/03'||TO_CHAR(EXTRACT(YEAR FROM SYSDATE)),'129167','23/03'||TO_CHAR(EXTRACT(YEAR FROM SYSDATE)),'129167','0','2');
INSERT INTO CUOTA_CREDITO_CLIENTE VALUES('2008','4','23/04'||TO_CHAR(EXTRACT(YEAR FROM SYSDATE)),'129167','23/04'||TO_CHAR(EXTRACT(YEAR FROM SYSDATE)),'70000','59167','2');
INSERT INTO CUOTA_CREDITO_CLIENTE VALUES('2008','5','23/05'||TO_CHAR(EXTRACT(YEAR FROM SYSDATE)),'129167',null,null,null,null);
INSERT INTO CUOTA_CREDITO_CLIENTE VALUES('2008','6','23/06'||TO_CHAR(EXTRACT(YEAR FROM SYSDATE)),'129167',null,null,null,null);
INSERT INTO CUOTA_CREDITO_CLIENTE VALUES('2008','7','23/07'||TO_CHAR(EXTRACT(YEAR FROM SYSDATE)),'129167',null,null,null,null);
INSERT INTO CUOTA_CREDITO_CLIENTE VALUES('2008','8','23/08'||TO_CHAR(EXTRACT(YEAR FROM SYSDATE)),'129167',null,null,null,null);
INSERT INTO CUOTA_CREDITO_CLIENTE VALUES('2008','9','23/09'||TO_CHAR(EXTRACT(YEAR FROM SYSDATE)),'129167',null,null,null,null);
INSERT INTO CUOTA_CREDITO_CLIENTE VALUES('2008','10','23/10'||TO_CHAR(EXTRACT(YEAR FROM SYSDATE)),'129167',null,null,null,null);
INSERT INTO CUOTA_CREDITO_CLIENTE VALUES('2008','11','23/11'||TO_CHAR(EXTRACT(YEAR FROM SYSDATE)),'129167',null,null,null,null);
INSERT INTO CUOTA_CREDITO_CLIENTE VALUES('2008','12','23/12'||TO_CHAR(EXTRACT(YEAR FROM SYSDATE)),'129167',null,null,null,null);
INSERT INTO CUOTA_CREDITO_CLIENTE VALUES('2009','1','23/01'||TO_CHAR(EXTRACT(YEAR FROM SYSDATE)),'104167','23/01'||TO_CHAR(EXTRACT(YEAR FROM SYSDATE)),'104167','0','2');
INSERT INTO CUOTA_CREDITO_CLIENTE VALUES('2009','2','23/02'||TO_CHAR(EXTRACT(YEAR FROM SYSDATE)),'104167','23/02'||TO_CHAR(EXTRACT(YEAR FROM SYSDATE)),'104167','0','2');
INSERT INTO CUOTA_CREDITO_CLIENTE VALUES('2009','3','23/03'||TO_CHAR(EXTRACT(YEAR FROM SYSDATE)),'104167','23/03'||TO_CHAR(EXTRACT(YEAR FROM SYSDATE)),'104167','0','2');
INSERT INTO CUOTA_CREDITO_CLIENTE VALUES('2009','4','23/04'||TO_CHAR(EXTRACT(YEAR FROM SYSDATE)),'104167','23/04'||TO_CHAR(EXTRACT(YEAR FROM SYSDATE)),'104167','0','2');
INSERT INTO CUOTA_CREDITO_CLIENTE VALUES('2009','5','23/05'||TO_CHAR(EXTRACT(YEAR FROM SYSDATE)),'104167',null,null,null,null);
INSERT INTO CUOTA_CREDITO_CLIENTE VALUES('2009','6','23/06'||TO_CHAR(EXTRACT(YEAR FROM SYSDATE)),'104167',null,null,null,null);
INSERT INTO CUOTA_CREDITO_CLIENTE VALUES('2009','7','23/07'||TO_CHAR(EXTRACT(YEAR FROM SYSDATE)),'104167',null,null,null,null);
INSERT INTO CUOTA_CREDITO_CLIENTE VALUES('2009','8','23/08'||TO_CHAR(EXTRACT(YEAR FROM SYSDATE)),'104167',null,null,null,null);
INSERT INTO CUOTA_CREDITO_CLIENTE VALUES('2009','9','23/09'||TO_CHAR(EXTRACT(YEAR FROM SYSDATE)-1),'104167',null,null,null,null);
INSERT INTO CUOTA_CREDITO_CLIENTE VALUES('2009','10','23/10'||TO_CHAR(EXTRACT(YEAR FROM SYSDATE)),'104167',null,null,null,null);
INSERT INTO CUOTA_CREDITO_CLIENTE VALUES('2009','11','23/11'||TO_CHAR(EXTRACT(YEAR FROM SYSDATE)),'104167',null,null,null,null);
INSERT INTO CUOTA_CREDITO_CLIENTE VALUES('2009','12','23/12'||TO_CHAR(EXTRACT(YEAR FROM SYSDATE)),'104167',null,null,null,null);
INSERT INTO CUOTA_CREDITO_CLIENTE VALUES('2010','1','18/01'||TO_CHAR(EXTRACT(YEAR FROM SYSDATE)),'104167','18/01'||TO_CHAR(EXTRACT(YEAR FROM SYSDATE)),'104167','0','2');
INSERT INTO CUOTA_CREDITO_CLIENTE VALUES('2010','2','18/02'||TO_CHAR(EXTRACT(YEAR FROM SYSDATE)),'104167','18/02'||TO_CHAR(EXTRACT(YEAR FROM SYSDATE)),'104167','0','2');
INSERT INTO CUOTA_CREDITO_CLIENTE VALUES('2010','3','18/03'||TO_CHAR(EXTRACT(YEAR FROM SYSDATE)),'104167','18/03'||TO_CHAR(EXTRACT(YEAR FROM SYSDATE)),'104167','0','2');
INSERT INTO CUOTA_CREDITO_CLIENTE VALUES('2010','4','18/04'||TO_CHAR(EXTRACT(YEAR FROM SYSDATE)),'104167','23/04'||TO_CHAR(EXTRACT(YEAR FROM SYSDATE)),'80000','86667','2');
INSERT INTO CUOTA_CREDITO_CLIENTE VALUES('2010','5','18/05'||TO_CHAR(EXTRACT(YEAR FROM SYSDATE)),'104167',null,null,null,null);
INSERT INTO CUOTA_CREDITO_CLIENTE VALUES('2010','6','18/06'||TO_CHAR(EXTRACT(YEAR FROM SYSDATE)),'104167',null,null,null,null);
INSERT INTO CUOTA_CREDITO_CLIENTE VALUES('2011','1','07/02'||TO_CHAR(EXTRACT(YEAR FROM SYSDATE)),'121667','07/02'||TO_CHAR(EXTRACT(YEAR FROM SYSDATE)),'121667','0','2');
INSERT INTO CUOTA_CREDITO_CLIENTE VALUES('2011','2','07/03'||TO_CHAR(EXTRACT(YEAR FROM SYSDATE)),'121667','07/03'||TO_CHAR(EXTRACT(YEAR FROM SYSDATE)),'121667','0','2');
INSERT INTO CUOTA_CREDITO_CLIENTE VALUES('2011','3','07/04'||TO_CHAR(EXTRACT(YEAR FROM SYSDATE)),'121667','07/04'||TO_CHAR(EXTRACT(YEAR FROM SYSDATE)),'121667','0','2');
INSERT INTO CUOTA_CREDITO_CLIENTE VALUES('2011','4','07/05'||TO_CHAR(EXTRACT(YEAR FROM SYSDATE)),'121667',null,null,null,null);
INSERT INTO CUOTA_CREDITO_CLIENTE VALUES('2011','5','07/06'||TO_CHAR(EXTRACT(YEAR FROM SYSDATE)),'121667',null,null,null,null);
INSERT INTO CUOTA_CREDITO_CLIENTE VALUES('2011','6','07/07'||TO_CHAR(EXTRACT(YEAR FROM SYSDATE)),'121667',null,null,null,null);
INSERT INTO CUOTA_CREDITO_CLIENTE VALUES('2012','1','26/01'||TO_CHAR(EXTRACT(YEAR FROM SYSDATE)),'103334','26/01'||TO_CHAR(EXTRACT(YEAR FROM SYSDATE)),'103334','0','2');
INSERT INTO CUOTA_CREDITO_CLIENTE VALUES('2012','2','26/02'||TO_CHAR(EXTRACT(YEAR FROM SYSDATE)),'103334','26/02'||TO_CHAR(EXTRACT(YEAR FROM SYSDATE)),'103334','0','2');
INSERT INTO CUOTA_CREDITO_CLIENTE VALUES('2012','3','26/03'||TO_CHAR(EXTRACT(YEAR FROM SYSDATE)),'103334','26/03'||TO_CHAR(EXTRACT(YEAR FROM SYSDATE)),'103334','0','2');
INSERT INTO CUOTA_CREDITO_CLIENTE VALUES('2012','4','26/04'||TO_CHAR(EXTRACT(YEAR FROM SYSDATE)),'103334','26/04'||TO_CHAR(EXTRACT(YEAR FROM SYSDATE)),'103334','0','2');
INSERT INTO CUOTA_CREDITO_CLIENTE VALUES('2012','5','26/05'||TO_CHAR(EXTRACT(YEAR FROM SYSDATE)),'103334',null,null,null,null);
INSERT INTO CUOTA_CREDITO_CLIENTE VALUES('2012','6','26/06'||TO_CHAR(EXTRACT(YEAR FROM SYSDATE)),'103334',null,null,null,null);
INSERT INTO CUOTA_CREDITO_CLIENTE VALUES('2013','1','22/01'||TO_CHAR(EXTRACT(YEAR FROM SYSDATE)),'43334','22/01'||TO_CHAR(EXTRACT(YEAR FROM SYSDATE)),'43334','0','2');
INSERT INTO CUOTA_CREDITO_CLIENTE VALUES('2013','2','22/02'||TO_CHAR(EXTRACT(YEAR FROM SYSDATE)),'43334','22/02'||TO_CHAR(EXTRACT(YEAR FROM SYSDATE)),'43334','0','2');
INSERT INTO CUOTA_CREDITO_CLIENTE VALUES('2013','9','22/09'||TO_CHAR(EXTRACT(YEAR FROM SYSDATE)),'43334',null,null,null,null);
INSERT INTO CUOTA_CREDITO_CLIENTE VALUES('2013','10','22/10'||TO_CHAR(EXTRACT(YEAR FROM SYSDATE)),'43334',null,null,null,null);
INSERT INTO CUOTA_CREDITO_CLIENTE VALUES('2013','11','22/11'||TO_CHAR(EXTRACT(YEAR FROM SYSDATE)),'43334',null,null,null,null);
INSERT INTO CUOTA_CREDITO_CLIENTE VALUES('2013','12','22/12'||TO_CHAR(EXTRACT(YEAR FROM SYSDATE)),'43334',null,null,null,null);
INSERT INTO CUOTA_CREDITO_CLIENTE VALUES('2013','3','22/03'||TO_CHAR(EXTRACT(YEAR FROM SYSDATE)),'43334','22/03'||TO_CHAR(EXTRACT(YEAR FROM SYSDATE)),'43334','0','2');
INSERT INTO CUOTA_CREDITO_CLIENTE VALUES('2013','4','22/04'||TO_CHAR(EXTRACT(YEAR FROM SYSDATE)),'43334','22/04'||TO_CHAR(EXTRACT(YEAR FROM SYSDATE)),'43334','0','2');
INSERT INTO CUOTA_CREDITO_CLIENTE VALUES('2013','5','22/05'||TO_CHAR(EXTRACT(YEAR FROM SYSDATE)),'43334',null,null,null,null);
INSERT INTO CUOTA_CREDITO_CLIENTE VALUES('2013','6','22/06'||TO_CHAR(EXTRACT(YEAR FROM SYSDATE)),'43334',null,null,null,null);
INSERT INTO CUOTA_CREDITO_CLIENTE VALUES('2013','7','22/07'||TO_CHAR(EXTRACT(YEAR FROM SYSDATE)),'43334',null,null,null,null);
INSERT INTO CUOTA_CREDITO_CLIENTE VALUES('2013','8','22/08'||TO_CHAR(EXTRACT(YEAR FROM SYSDATE)),'43334',null,null,null,null);
INSERT INTO CUOTA_CREDITO_CLIENTE VALUES('2014','1','16/01'||TO_CHAR(EXTRACT(YEAR FROM SYSDATE)),'28334','16/01'||TO_CHAR(EXTRACT(YEAR FROM SYSDATE)),'28334','0','2');
INSERT INTO CUOTA_CREDITO_CLIENTE VALUES('2014','2','16/02'||TO_CHAR(EXTRACT(YEAR FROM SYSDATE)),'28334','16/02'||TO_CHAR(EXTRACT(YEAR FROM SYSDATE)),'28334','0','2');
INSERT INTO CUOTA_CREDITO_CLIENTE VALUES('2014','3','16/03'||TO_CHAR(EXTRACT(YEAR FROM SYSDATE)),'28334','16/03'||TO_CHAR(EXTRACT(YEAR FROM SYSDATE)),'28334','0','2');
INSERT INTO CUOTA_CREDITO_CLIENTE VALUES('2014','4','16/04'||TO_CHAR(EXTRACT(YEAR FROM SYSDATE)),'28334','16/04'||TO_CHAR(EXTRACT(YEAR FROM SYSDATE)),'28334','0','2');
INSERT INTO CUOTA_CREDITO_CLIENTE VALUES('2014','5','16/05'||TO_CHAR(EXTRACT(YEAR FROM SYSDATE)),'28334',null,null,null,null);
INSERT INTO CUOTA_CREDITO_CLIENTE VALUES('2014','6','16/06'||TO_CHAR(EXTRACT(YEAR FROM SYSDATE)),'28334',null,null,null,null);
INSERT INTO CUOTA_CREDITO_CLIENTE VALUES('2014','7','16/07'||TO_CHAR(EXTRACT(YEAR FROM SYSDATE)),'28334',null,null,null,null);
INSERT INTO CUOTA_CREDITO_CLIENTE VALUES('2014','8','16/08'||TO_CHAR(EXTRACT(YEAR FROM SYSDATE)),'28334',null,null,null,null);
INSERT INTO CUOTA_CREDITO_CLIENTE VALUES('2014','9','16/09'||TO_CHAR(EXTRACT(YEAR FROM SYSDATE)),'28334',null,null,null,null);
INSERT INTO CUOTA_CREDITO_CLIENTE VALUES('2014','10','16/10'||TO_CHAR(EXTRACT(YEAR FROM SYSDATE)),'28334',null,null,null,null);
INSERT INTO CUOTA_CREDITO_CLIENTE VALUES('2014','11','16/11'||TO_CHAR(EXTRACT(YEAR FROM SYSDATE)),'28334',null,null,null,null);
INSERT INTO CUOTA_CREDITO_CLIENTE VALUES('2014','12','16/12'||TO_CHAR(EXTRACT(YEAR FROM SYSDATE)),'28334',null,null,null,null);
INSERT INTO CUOTA_CREDITO_CLIENTE VALUES('2015','1','15/03'||TO_CHAR(EXTRACT(YEAR FROM SYSDATE)),'120000','15/01'||TO_CHAR(EXTRACT(YEAR FROM SYSDATE)),'120000','0','1');
INSERT INTO CUOTA_CREDITO_CLIENTE VALUES('2015','2','15/04'||TO_CHAR(EXTRACT(YEAR FROM SYSDATE)),'120000','15/04'||TO_CHAR(EXTRACT(YEAR FROM SYSDATE)),'80000','40000','1');
INSERT INTO CUOTA_CREDITO_CLIENTE VALUES('2015','3','15/05'||TO_CHAR(EXTRACT(YEAR FROM SYSDATE)),'120000',null,null,null,null);
INSERT INTO CUOTA_CREDITO_CLIENTE VALUES('2015','4','15/06'||TO_CHAR(EXTRACT(YEAR FROM SYSDATE)),'120000',null,null,null,null);
INSERT INTO CUOTA_CREDITO_CLIENTE VALUES('2015','5','15/07'||TO_CHAR(EXTRACT(YEAR FROM SYSDATE)),'120000',null,null,null,null);
INSERT INTO CUOTA_CREDITO_CLIENTE VALUES('2015','6','15/08'||TO_CHAR(EXTRACT(YEAR FROM SYSDATE)),'120000',null,null,null,null);
INSERT INTO CUOTA_CREDITO_CLIENTE VALUES('3001','1','22/01'||TO_CHAR(EXTRACT(YEAR FROM SYSDATE)),'175000','22/01'||TO_CHAR(EXTRACT(YEAR FROM SYSDATE)),'175000','0','1');
INSERT INTO CUOTA_CREDITO_CLIENTE VALUES('3001','2','22/02'||TO_CHAR(EXTRACT(YEAR FROM SYSDATE)),'175000','22/02'||TO_CHAR(EXTRACT(YEAR FROM SYSDATE)),'175000','0','1');
INSERT INTO CUOTA_CREDITO_CLIENTE VALUES('3001','3','22/03'||TO_CHAR(EXTRACT(YEAR FROM SYSDATE)),'175000','22/03'||TO_CHAR(EXTRACT(YEAR FROM SYSDATE)),'175000','0','2');
INSERT INTO CUOTA_CREDITO_CLIENTE VALUES('3001','4','22/04'||TO_CHAR(EXTRACT(YEAR FROM SYSDATE)),'175000','30/04'||TO_CHAR(EXTRACT(YEAR FROM SYSDATE)),'175000','0','2');
INSERT INTO CUOTA_CREDITO_CLIENTE VALUES('3001','5','22/05'||TO_CHAR(EXTRACT(YEAR FROM SYSDATE)),'175000',null,null,null,null);
INSERT INTO CUOTA_CREDITO_CLIENTE VALUES('3001','6','22/06'||TO_CHAR(EXTRACT(YEAR FROM SYSDATE)),'175000',null,null,null,null);
INSERT INTO CUOTA_CREDITO_CLIENTE VALUES('3001','7','22/07'||TO_CHAR(EXTRACT(YEAR FROM SYSDATE)),'175000',null,null,null,null);
INSERT INTO CUOTA_CREDITO_CLIENTE VALUES('3001','8','22/08'||TO_CHAR(EXTRACT(YEAR FROM SYSDATE)),'175000',null,null,null,null);
INSERT INTO CUOTA_CREDITO_CLIENTE VALUES('3001','9','22/09'||TO_CHAR(EXTRACT(YEAR FROM SYSDATE)),'175000',null,null,null,null);
INSERT INTO CUOTA_CREDITO_CLIENTE VALUES('3001','10','22/10'||TO_CHAR(EXTRACT(YEAR FROM SYSDATE)),'175000',null,null,null,null);
INSERT INTO CUOTA_CREDITO_CLIENTE VALUES('3001','11','22/11'||TO_CHAR(EXTRACT(YEAR FROM SYSDATE)),'175000',null,null,null,null);
INSERT INTO CUOTA_CREDITO_CLIENTE VALUES('3001','12','22/12'||TO_CHAR(EXTRACT(YEAR FROM SYSDATE)),'175000',null,null,null,null);
INSERT INTO CUOTA_CREDITO_CLIENTE VALUES('3001','13','22/01'||TO_CHAR(EXTRACT(YEAR FROM SYSDATE)+1),'175000',null,null,null,null);
INSERT INTO CUOTA_CREDITO_CLIENTE VALUES('3001','14','22/02'||TO_CHAR(EXTRACT(YEAR FROM SYSDATE)+1),'175000',null,null,null,null);
INSERT INTO CUOTA_CREDITO_CLIENTE VALUES('3001','15','22/03'||TO_CHAR(EXTRACT(YEAR FROM SYSDATE)+1),'175000',null,null,null,null);
INSERT INTO CUOTA_CREDITO_CLIENTE VALUES('3001','16','22/04'||TO_CHAR(EXTRACT(YEAR FROM SYSDATE)+1),'175000',null,null,null,null);
INSERT INTO CUOTA_CREDITO_CLIENTE VALUES('3001','17','22/05'||TO_CHAR(EXTRACT(YEAR FROM SYSDATE)+1),'175000',null,null,null,null);
INSERT INTO CUOTA_CREDITO_CLIENTE VALUES('3001','18','22/06'||TO_CHAR(EXTRACT(YEAR FROM SYSDATE)+1),'175000',null,null,null,null);
INSERT INTO CUOTA_CREDITO_CLIENTE VALUES('3001','19','22/07'||TO_CHAR(EXTRACT(YEAR FROM SYSDATE)+1),'175000',null,null,null,null);
INSERT INTO CUOTA_CREDITO_CLIENTE VALUES('3001','20','22/08'||TO_CHAR(EXTRACT(YEAR FROM SYSDATE)+1),'175000',null,null,null,null);
INSERT INTO CUOTA_CREDITO_CLIENTE VALUES('3001','21','22/09'||TO_CHAR(EXTRACT(YEAR FROM SYSDATE)+1),'175000',null,null,null,null);
INSERT INTO CUOTA_CREDITO_CLIENTE VALUES('3001','22','22/10'||TO_CHAR(EXTRACT(YEAR FROM SYSDATE)+1),'175000',null,null,null,null);
INSERT INTO CUOTA_CREDITO_CLIENTE VALUES('3001','23','22/11'||TO_CHAR(EXTRACT(YEAR FROM SYSDATE)+1),'175000',null,null,null,null);
INSERT INTO CUOTA_CREDITO_CLIENTE VALUES('3001','24','22/12'||TO_CHAR(EXTRACT(YEAR FROM SYSDATE)+1),'175000',null,null,null,null);
INSERT INTO CUOTA_CREDITO_CLIENTE VALUES('3001','25','22/01'||TO_CHAR(EXTRACT(YEAR FROM SYSDATE)+2),'175000',null,null,null,null);
INSERT INTO CUOTA_CREDITO_CLIENTE VALUES('3001','26','22/02'||TO_CHAR(EXTRACT(YEAR FROM SYSDATE)+2),'175000',null,null,null,null);
INSERT INTO CUOTA_CREDITO_CLIENTE VALUES('3001','27','22/03'||TO_CHAR(EXTRACT(YEAR FROM SYSDATE)+2),'175000',null,null,null,null);
INSERT INTO CUOTA_CREDITO_CLIENTE VALUES('3001','28','22/04'||TO_CHAR(EXTRACT(YEAR FROM SYSDATE)+2),'175000',null,null,null,null);
INSERT INTO CUOTA_CREDITO_CLIENTE VALUES('3001','29','22/05'||TO_CHAR(EXTRACT(YEAR FROM SYSDATE)+2),'175000',null,null,null,null);
INSERT INTO CUOTA_CREDITO_CLIENTE VALUES('3001','30','22/06'||TO_CHAR(EXTRACT(YEAR FROM SYSDATE)+2),'175000',null,null,null,null);
INSERT INTO CUOTA_CREDITO_CLIENTE VALUES('3001','31','22/07'||TO_CHAR(EXTRACT(YEAR FROM SYSDATE)+2),'175000',null,null,null,null);
INSERT INTO CUOTA_CREDITO_CLIENTE VALUES('3001','32','22/08'||TO_CHAR(EXTRACT(YEAR FROM SYSDATE)+2),'175000',null,null,null,null);
INSERT INTO CUOTA_CREDITO_CLIENTE VALUES('3001','33','22/09'||TO_CHAR(EXTRACT(YEAR FROM SYSDATE)+2),'175000',null,null,null,null);
INSERT INTO CUOTA_CREDITO_CLIENTE VALUES('3001','34','22/10'||TO_CHAR(EXTRACT(YEAR FROM SYSDATE)+2),'175000',null,null,null,null);
INSERT INTO CUOTA_CREDITO_CLIENTE VALUES('3001','35','22/11'||TO_CHAR(EXTRACT(YEAR FROM SYSDATE)+2),'175000',null,null,null,null);
INSERT INTO CUOTA_CREDITO_CLIENTE VALUES('3001','36','22/12'||TO_CHAR(EXTRACT(YEAR FROM SYSDATE)+2),'175000',null,null,null,null);
INSERT INTO CUOTA_CREDITO_CLIENTE VALUES('3001','37','22/01'||TO_CHAR(EXTRACT(YEAR FROM SYSDATE)+3),'175000',null,null,null,null);
INSERT INTO CUOTA_CREDITO_CLIENTE VALUES('3001','38','22/02'||TO_CHAR(EXTRACT(YEAR FROM SYSDATE)+3),'175000',null,null,null,null);
INSERT INTO CUOTA_CREDITO_CLIENTE VALUES('3001','39','22/03'||TO_CHAR(EXTRACT(YEAR FROM SYSDATE)+3),'175000',null,null,null,null);
INSERT INTO CUOTA_CREDITO_CLIENTE VALUES('3001','40','22/04'||TO_CHAR(EXTRACT(YEAR FROM SYSDATE)+3),'175000',null,null,null,null);
INSERT INTO CUOTA_CREDITO_CLIENTE VALUES('3001','41','22/05'||TO_CHAR(EXTRACT(YEAR FROM SYSDATE)+3),'175000',null,null,null,null);
INSERT INTO CUOTA_CREDITO_CLIENTE VALUES('3001','42','22/06'||TO_CHAR(EXTRACT(YEAR FROM SYSDATE)+3),'175000',null,null,null,null);
INSERT INTO CUOTA_CREDITO_CLIENTE VALUES('3001','43','22/07'||TO_CHAR(EXTRACT(YEAR FROM SYSDATE)+3),'175000',null,null,null,null);
INSERT INTO CUOTA_CREDITO_CLIENTE VALUES('3001','44','22/08'||TO_CHAR(EXTRACT(YEAR FROM SYSDATE)+3),'175000',null,null,null,null);
INSERT INTO CUOTA_CREDITO_CLIENTE VALUES('3001','45','22/09'||TO_CHAR(EXTRACT(YEAR FROM SYSDATE)+3),'175000',null,null,null,null);
INSERT INTO CUOTA_CREDITO_CLIENTE VALUES('3001','46','22/10'||TO_CHAR(EXTRACT(YEAR FROM SYSDATE)+3),'175000',null,null,null,null);
INSERT INTO CUOTA_CREDITO_CLIENTE VALUES('3001','47','22/11'||TO_CHAR(EXTRACT(YEAR FROM SYSDATE)+3),'175000',null,null,null,null);
INSERT INTO CUOTA_CREDITO_CLIENTE VALUES('3001','48','22/12'||TO_CHAR(EXTRACT(YEAR FROM SYSDATE)+3),'175000',null,null,null,null);
INSERT INTO CUOTA_CREDITO_CLIENTE VALUES('3002','1','13/01'||TO_CHAR(EXTRACT(YEAR FROM SYSDATE)),'217222','13/01'||TO_CHAR(EXTRACT(YEAR FROM SYSDATE)),'217222','0','1');
INSERT INTO CUOTA_CREDITO_CLIENTE VALUES('3002','2','13/02'||TO_CHAR(EXTRACT(YEAR FROM SYSDATE)),'217222','13/02'||TO_CHAR(EXTRACT(YEAR FROM SYSDATE)),'217222','0','1');
INSERT INTO CUOTA_CREDITO_CLIENTE VALUES('3002','3','13/03'||TO_CHAR(EXTRACT(YEAR FROM SYSDATE)),'217222','10/03'||TO_CHAR(EXTRACT(YEAR FROM SYSDATE)),'217222','0','2');
INSERT INTO CUOTA_CREDITO_CLIENTE VALUES('3002','4','13/04'||TO_CHAR(EXTRACT(YEAR FROM SYSDATE)),'217222','30/04'||TO_CHAR(EXTRACT(YEAR FROM SYSDATE)),'217222','0','2');
INSERT INTO CUOTA_CREDITO_CLIENTE VALUES('3002','5','13/05'||TO_CHAR(EXTRACT(YEAR FROM SYSDATE)),'217222',null,null,null,null);
INSERT INTO CUOTA_CREDITO_CLIENTE VALUES('3002','6','13/06'||TO_CHAR(EXTRACT(YEAR FROM SYSDATE)),'217222',null,null,null,null);
INSERT INTO CUOTA_CREDITO_CLIENTE VALUES('3002','7','13/07'||TO_CHAR(EXTRACT(YEAR FROM SYSDATE)),'217222',null,null,null,null);
INSERT INTO CUOTA_CREDITO_CLIENTE VALUES('3002','8','13/08'||TO_CHAR(EXTRACT(YEAR FROM SYSDATE)),'217222',null,null,null,null);
INSERT INTO CUOTA_CREDITO_CLIENTE VALUES('3002','9','13/09'||TO_CHAR(EXTRACT(YEAR FROM SYSDATE)),'217222',null,null,null,null);
INSERT INTO CUOTA_CREDITO_CLIENTE VALUES('3002','10','13/10'||TO_CHAR(EXTRACT(YEAR FROM SYSDATE)),'217222',null,null,null,null);
INSERT INTO CUOTA_CREDITO_CLIENTE VALUES('3002','11','13/11'||TO_CHAR(EXTRACT(YEAR FROM SYSDATE)),'217222',null,null,null,null);
INSERT INTO CUOTA_CREDITO_CLIENTE VALUES('3002','12','13/12'||TO_CHAR(EXTRACT(YEAR FROM SYSDATE)),'217222',null,null,null,null);
INSERT INTO CUOTA_CREDITO_CLIENTE VALUES('3002','13','13/01'||TO_CHAR(EXTRACT(YEAR FROM SYSDATE)+1),'217222',null,null,null,null);
INSERT INTO CUOTA_CREDITO_CLIENTE VALUES('3002','14','13/02'||TO_CHAR(EXTRACT(YEAR FROM SYSDATE)+1),'217222',null,null,null,null);
INSERT INTO CUOTA_CREDITO_CLIENTE VALUES('3002','15','13/03'||TO_CHAR(EXTRACT(YEAR FROM SYSDATE)+1),'217222',null,null,null,null);
INSERT INTO CUOTA_CREDITO_CLIENTE VALUES('3002','16','13/04'||TO_CHAR(EXTRACT(YEAR FROM SYSDATE)+1),'217222',null,null,null,null);
INSERT INTO CUOTA_CREDITO_CLIENTE VALUES('3002','17','13/05'||TO_CHAR(EXTRACT(YEAR FROM SYSDATE)+1),'217222',null,null,null,null);
INSERT INTO CUOTA_CREDITO_CLIENTE VALUES('3002','18','13/06'||TO_CHAR(EXTRACT(YEAR FROM SYSDATE)+1),'217222',null,null,null,null);
INSERT INTO CUOTA_CREDITO_CLIENTE VALUES('3002','19','13/07'||TO_CHAR(EXTRACT(YEAR FROM SYSDATE)+1),'217222',null,null,null,null);
INSERT INTO CUOTA_CREDITO_CLIENTE VALUES('3002','20','13/08'||TO_CHAR(EXTRACT(YEAR FROM SYSDATE)+1),'217222',null,null,null,null);
INSERT INTO CUOTA_CREDITO_CLIENTE VALUES('3002','21','13/09'||TO_CHAR(EXTRACT(YEAR FROM SYSDATE)+1),'217222',null,null,null,null);
INSERT INTO CUOTA_CREDITO_CLIENTE VALUES('3002','22','13/10'||TO_CHAR(EXTRACT(YEAR FROM SYSDATE)+1),'217222',null,null,null,null);
INSERT INTO CUOTA_CREDITO_CLIENTE VALUES('3002','23','13/11'||TO_CHAR(EXTRACT(YEAR FROM SYSDATE)+1),'217222',null,null,null,null);
INSERT INTO CUOTA_CREDITO_CLIENTE VALUES('3002','24','13/12'||TO_CHAR(EXTRACT(YEAR FROM SYSDATE)+1),'217222',null,null,null,null);
INSERT INTO CUOTA_CREDITO_CLIENTE VALUES('3002','25','13/01'||TO_CHAR(EXTRACT(YEAR FROM SYSDATE)+2),'217222',null,null,null,null);
INSERT INTO CUOTA_CREDITO_CLIENTE VALUES('3002','26','13/02'||TO_CHAR(EXTRACT(YEAR FROM SYSDATE)+2),'217222',null,null,null,null);
INSERT INTO CUOTA_CREDITO_CLIENTE VALUES('3002','27','13/03'||TO_CHAR(EXTRACT(YEAR FROM SYSDATE)+2),'217222',null,null,null,null);
INSERT INTO CUOTA_CREDITO_CLIENTE VALUES('3002','28','13/04'||TO_CHAR(EXTRACT(YEAR FROM SYSDATE)+2),'217222',null,null,null,null);
INSERT INTO CUOTA_CREDITO_CLIENTE VALUES('3002','29','13/05'||TO_CHAR(EXTRACT(YEAR FROM SYSDATE)+2),'217222',null,null,null,null);
INSERT INTO CUOTA_CREDITO_CLIENTE VALUES('3002','30','13/06'||TO_CHAR(EXTRACT(YEAR FROM SYSDATE)+2),'217222',null,null,null,null);
INSERT INTO CUOTA_CREDITO_CLIENTE VALUES('3002','31','13/07'||TO_CHAR(EXTRACT(YEAR FROM SYSDATE)+2),'217222',null,null,null,null);
INSERT INTO CUOTA_CREDITO_CLIENTE VALUES('3002','32','13/08'||TO_CHAR(EXTRACT(YEAR FROM SYSDATE)+2),'217222',null,null,null,null);
INSERT INTO CUOTA_CREDITO_CLIENTE VALUES('3002','33','13/09'||TO_CHAR(EXTRACT(YEAR FROM SYSDATE)+2),'217222',null,null,null,null);
INSERT INTO CUOTA_CREDITO_CLIENTE VALUES('3002','34','13/10'||TO_CHAR(EXTRACT(YEAR FROM SYSDATE)+2),'217222',null,null,null,null);
INSERT INTO CUOTA_CREDITO_CLIENTE VALUES('3002','35','13/11'||TO_CHAR(EXTRACT(YEAR FROM SYSDATE)+2),'217222',null,null,null,null);
INSERT INTO CUOTA_CREDITO_CLIENTE VALUES('3002','36','13/12'||TO_CHAR(EXTRACT(YEAR FROM SYSDATE)+2),'217222',null,null,null,null);
INSERT INTO CUOTA_CREDITO_CLIENTE VALUES('3003','1','22/01'||TO_CHAR(EXTRACT(YEAR FROM SYSDATE)),'102083','22/01'||TO_CHAR(EXTRACT(YEAR FROM SYSDATE)),'102083','0','1');
INSERT INTO CUOTA_CREDITO_CLIENTE VALUES('3003','2','22/02'||TO_CHAR(EXTRACT(YEAR FROM SYSDATE)),'102083','10/02'||TO_CHAR(EXTRACT(YEAR FROM SYSDATE)),'102083','0','1');
INSERT INTO CUOTA_CREDITO_CLIENTE VALUES('3003','3','22/03'||TO_CHAR(EXTRACT(YEAR FROM SYSDATE)),'102083','22/03'||TO_CHAR(EXTRACT(YEAR FROM SYSDATE)),'102083','0','2');
INSERT INTO CUOTA_CREDITO_CLIENTE VALUES('3003','4','22/04'||TO_CHAR(EXTRACT(YEAR FROM SYSDATE)),'102083','18/04'||TO_CHAR(EXTRACT(YEAR FROM SYSDATE)),'75000','27083','2');
INSERT INTO CUOTA_CREDITO_CLIENTE VALUES('3003','5','22/05'||TO_CHAR(EXTRACT(YEAR FROM SYSDATE)),'102083',null,null,null,null);
INSERT INTO CUOTA_CREDITO_CLIENTE VALUES('3003','6','22/06'||TO_CHAR(EXTRACT(YEAR FROM SYSDATE)),'102083',null,null,null,null);
INSERT INTO CUOTA_CREDITO_CLIENTE VALUES('3003','7','22/07'||TO_CHAR(EXTRACT(YEAR FROM SYSDATE)),'102083',null,null,null,null);
INSERT INTO CUOTA_CREDITO_CLIENTE VALUES('3003','8','22/08'||TO_CHAR(EXTRACT(YEAR FROM SYSDATE)),'102083',null,null,null,null);
INSERT INTO CUOTA_CREDITO_CLIENTE VALUES('3003','9','22/09'||TO_CHAR(EXTRACT(YEAR FROM SYSDATE)),'102083',null,null,null,null);
INSERT INTO CUOTA_CREDITO_CLIENTE VALUES('3003','10','22/10'||TO_CHAR(EXTRACT(YEAR FROM SYSDATE)),'102083',null,null,null,null);
INSERT INTO CUOTA_CREDITO_CLIENTE VALUES('3003','11','22/11'||TO_CHAR(EXTRACT(YEAR FROM SYSDATE)),'102083',null,null,null,null);
INSERT INTO CUOTA_CREDITO_CLIENTE VALUES('3003','12','22/12'||TO_CHAR(EXTRACT(YEAR FROM SYSDATE)),'102083',null,null,null,null);
INSERT INTO CUOTA_CREDITO_CLIENTE VALUES('3003','13','22/01'||TO_CHAR(EXTRACT(YEAR FROM SYSDATE)+1),'102083',null,null,null,null);
INSERT INTO CUOTA_CREDITO_CLIENTE VALUES('3003','14','22/02'||TO_CHAR(EXTRACT(YEAR FROM SYSDATE)+1),'102083',null,null,null,null);
INSERT INTO CUOTA_CREDITO_CLIENTE VALUES('3003','15','22/03'||TO_CHAR(EXTRACT(YEAR FROM SYSDATE)+1),'102083',null,null,null,null);
INSERT INTO CUOTA_CREDITO_CLIENTE VALUES('3003','16','22/04'||TO_CHAR(EXTRACT(YEAR FROM SYSDATE)+1),'102083',null,null,null,null);
INSERT INTO CUOTA_CREDITO_CLIENTE VALUES('3003','17','22/05'||TO_CHAR(EXTRACT(YEAR FROM SYSDATE)+1),'102083',null,null,null,null);
INSERT INTO CUOTA_CREDITO_CLIENTE VALUES('3003','18','22/06'||TO_CHAR(EXTRACT(YEAR FROM SYSDATE)+1),'102083',null,null,null,null);
INSERT INTO CUOTA_CREDITO_CLIENTE VALUES('3003','19','22/07'||TO_CHAR(EXTRACT(YEAR FROM SYSDATE)+1),'102083',null,null,null,null);
INSERT INTO CUOTA_CREDITO_CLIENTE VALUES('3003','20','22/08'||TO_CHAR(EXTRACT(YEAR FROM SYSDATE)+1),'102083',null,null,null,null);
INSERT INTO CUOTA_CREDITO_CLIENTE VALUES('3003','21','22/09'||TO_CHAR(EXTRACT(YEAR FROM SYSDATE)+1),'102083',null,null,null,null);
INSERT INTO CUOTA_CREDITO_CLIENTE VALUES('3003','22','22/10'||TO_CHAR(EXTRACT(YEAR FROM SYSDATE)+1),'102083',null,null,null,null);
INSERT INTO CUOTA_CREDITO_CLIENTE VALUES('3003','23','22/11'||TO_CHAR(EXTRACT(YEAR FROM SYSDATE)+1),'102083',null,null,null,null);
INSERT INTO CUOTA_CREDITO_CLIENTE VALUES('3003','24','22/12'||TO_CHAR(EXTRACT(YEAR FROM SYSDATE)+1),'102083',null,null,null,null);
INSERT INTO CUOTA_CREDITO_CLIENTE VALUES('3003','25','22/01'||TO_CHAR(EXTRACT(YEAR FROM SYSDATE)+2),'102083',null,null,null,null);
INSERT INTO CUOTA_CREDITO_CLIENTE VALUES('3003','26','22/02'||TO_CHAR(EXTRACT(YEAR FROM SYSDATE)+2),'102083',null,null,null,null);
INSERT INTO CUOTA_CREDITO_CLIENTE VALUES('3003','27','22/03'||TO_CHAR(EXTRACT(YEAR FROM SYSDATE)+2),'102083',null,null,null,null);
INSERT INTO CUOTA_CREDITO_CLIENTE VALUES('3003','28','22/04'||TO_CHAR(EXTRACT(YEAR FROM SYSDATE)+2),'102083',null,null,null,null);
INSERT INTO CUOTA_CREDITO_CLIENTE VALUES('3003','29','22/05'||TO_CHAR(EXTRACT(YEAR FROM SYSDATE)+2),'102083',null,null,null,null);
INSERT INTO CUOTA_CREDITO_CLIENTE VALUES('3003','30','22/06'||TO_CHAR(EXTRACT(YEAR FROM SYSDATE)+2),'102083',null,null,null,null);
INSERT INTO CUOTA_CREDITO_CLIENTE VALUES('3003','31','22/07'||TO_CHAR(EXTRACT(YEAR FROM SYSDATE)+2),'102083',null,null,null,null);
INSERT INTO CUOTA_CREDITO_CLIENTE VALUES('3003','32','22/08'||TO_CHAR(EXTRACT(YEAR FROM SYSDATE)+2),'102083',null,null,null,null);
INSERT INTO CUOTA_CREDITO_CLIENTE VALUES('3003','33','22/09'||TO_CHAR(EXTRACT(YEAR FROM SYSDATE)+2),'102083',null,null,null,null);
INSERT INTO CUOTA_CREDITO_CLIENTE VALUES('3003','34','22/10'||TO_CHAR(EXTRACT(YEAR FROM SYSDATE)+2),'102083',null,null,null,null);
INSERT INTO CUOTA_CREDITO_CLIENTE VALUES('3003','35','22/11'||TO_CHAR(EXTRACT(YEAR FROM SYSDATE)+2),'102083',null,null,null,null);
INSERT INTO CUOTA_CREDITO_CLIENTE VALUES('3003','36','22/12'||TO_CHAR(EXTRACT(YEAR FROM SYSDATE)+2),'102083',null,null,null,null);
INSERT INTO CUOTA_CREDITO_CLIENTE VALUES('3003','37','22/01'||TO_CHAR(EXTRACT(YEAR FROM SYSDATE)+3),'102083',null,null,null,null);
INSERT INTO CUOTA_CREDITO_CLIENTE VALUES('3003','38','22/02'||TO_CHAR(EXTRACT(YEAR FROM SYSDATE)+3),'102083',null,null,null,null);
INSERT INTO CUOTA_CREDITO_CLIENTE VALUES('3003','39','22/03'||TO_CHAR(EXTRACT(YEAR FROM SYSDATE)+3),'102083',null,null,null,null);
INSERT INTO CUOTA_CREDITO_CLIENTE VALUES('3003','40','22/04'||TO_CHAR(EXTRACT(YEAR FROM SYSDATE)+3),'102083',null,null,null,null);
INSERT INTO CUOTA_CREDITO_CLIENTE VALUES('3003','41','22/05'||TO_CHAR(EXTRACT(YEAR FROM SYSDATE)+3),'102083',null,null,null,null);
INSERT INTO CUOTA_CREDITO_CLIENTE VALUES('3003','42','22/06'||TO_CHAR(EXTRACT(YEAR FROM SYSDATE)+3),'102083',null,null,null,null);
INSERT INTO CUOTA_CREDITO_CLIENTE VALUES('3003','43','22/07'||TO_CHAR(EXTRACT(YEAR FROM SYSDATE)+3),'102083',null,null,null,null);
INSERT INTO CUOTA_CREDITO_CLIENTE VALUES('3003','44','22/08'||TO_CHAR(EXTRACT(YEAR FROM SYSDATE)+3),'102083',null,null,null,null);
INSERT INTO CUOTA_CREDITO_CLIENTE VALUES('3003','45','22/09'||TO_CHAR(EXTRACT(YEAR FROM SYSDATE)+3),'102083',null,null,null,null);
INSERT INTO CUOTA_CREDITO_CLIENTE VALUES('3003','46','22/10'||TO_CHAR(EXTRACT(YEAR FROM SYSDATE)+3),'102083',null,null,null,null);
INSERT INTO CUOTA_CREDITO_CLIENTE VALUES('3003','47','22/11'||TO_CHAR(EXTRACT(YEAR FROM SYSDATE)+3),'102083',null,null,null,null);
INSERT INTO CUOTA_CREDITO_CLIENTE VALUES('3003','48','22/12'||TO_CHAR(EXTRACT(YEAR FROM SYSDATE)+3),'102083',null,null,null,null);
INSERT INTO CUOTA_CREDITO_CLIENTE VALUES('3004','1','01/01'||TO_CHAR(EXTRACT(YEAR FROM SYSDATE)),'105555','28/12'||TO_CHAR(EXTRACT(YEAR FROM SYSDATE)-1),'105555','0','1');
INSERT INTO CUOTA_CREDITO_CLIENTE VALUES('3004','2','01/02'||TO_CHAR(EXTRACT(YEAR FROM SYSDATE)),'105555','01/02'||TO_CHAR(EXTRACT(YEAR FROM SYSDATE)),'105555','0','1');
INSERT INTO CUOTA_CREDITO_CLIENTE VALUES('3004','3','01/03'||TO_CHAR(EXTRACT(YEAR FROM SYSDATE)),'105555','01/03'||TO_CHAR(EXTRACT(YEAR FROM SYSDATE)),'105555','0','2');
INSERT INTO CUOTA_CREDITO_CLIENTE VALUES('3004','4','01/04'||TO_CHAR(EXTRACT(YEAR FROM SYSDATE)),'105555','01/04'||TO_CHAR(EXTRACT(YEAR FROM SYSDATE)),'105555','0','3');
INSERT INTO CUOTA_CREDITO_CLIENTE VALUES('3004','5','01/05'||TO_CHAR(EXTRACT(YEAR FROM SYSDATE)),'105555',null,null,null,null);
INSERT INTO CUOTA_CREDITO_CLIENTE VALUES('3004','6','01/06'||TO_CHAR(EXTRACT(YEAR FROM SYSDATE)),'105555',null,null,null,null);
INSERT INTO CUOTA_CREDITO_CLIENTE VALUES('3004','7','01/07'||TO_CHAR(EXTRACT(YEAR FROM SYSDATE)),'105555',null,null,null,null);
INSERT INTO CUOTA_CREDITO_CLIENTE VALUES('3004','8','01/08'||TO_CHAR(EXTRACT(YEAR FROM SYSDATE)),'105555',null,null,null,null);
INSERT INTO CUOTA_CREDITO_CLIENTE VALUES('3004','9','01/09'||TO_CHAR(EXTRACT(YEAR FROM SYSDATE)),'105555',null,null,null,null);
INSERT INTO CUOTA_CREDITO_CLIENTE VALUES('3004','10','01/10'||TO_CHAR(EXTRACT(YEAR FROM SYSDATE)),'105555',null,null,null,null);
INSERT INTO CUOTA_CREDITO_CLIENTE VALUES('3004','11','01/11'||TO_CHAR(EXTRACT(YEAR FROM SYSDATE)),'105555',null,null,null,null);
INSERT INTO CUOTA_CREDITO_CLIENTE VALUES('3004','12','01/12'||TO_CHAR(EXTRACT(YEAR FROM SYSDATE)),'105555',null,null,null,null);
INSERT INTO CUOTA_CREDITO_CLIENTE VALUES('3004','13','01/01'||TO_CHAR(EXTRACT(YEAR FROM SYSDATE)+1),'105555',null,null,null,null);
INSERT INTO CUOTA_CREDITO_CLIENTE VALUES('3004','14','01/02'||TO_CHAR(EXTRACT(YEAR FROM SYSDATE)+1),'105555',null,null,null,null);
INSERT INTO CUOTA_CREDITO_CLIENTE VALUES('3004','15','01/03'||TO_CHAR(EXTRACT(YEAR FROM SYSDATE)+1),'105555',null,null,null,null);
INSERT INTO CUOTA_CREDITO_CLIENTE VALUES('3004','16','01/04'||TO_CHAR(EXTRACT(YEAR FROM SYSDATE)+1),'105555',null,null,null,null);
INSERT INTO CUOTA_CREDITO_CLIENTE VALUES('3004','17','01/05'||TO_CHAR(EXTRACT(YEAR FROM SYSDATE)+1),'105555',null,null,null,null);
INSERT INTO CUOTA_CREDITO_CLIENTE VALUES('3004','18','01/06'||TO_CHAR(EXTRACT(YEAR FROM SYSDATE)+1),'105555',null,null,null,null);
INSERT INTO CUOTA_CREDITO_CLIENTE VALUES('3004','19','01/07'||TO_CHAR(EXTRACT(YEAR FROM SYSDATE)+1),'105555',null,null,null,null);
INSERT INTO CUOTA_CREDITO_CLIENTE VALUES('3004','20','01/08'||TO_CHAR(EXTRACT(YEAR FROM SYSDATE)+1),'105555',null,null,null,null);
INSERT INTO CUOTA_CREDITO_CLIENTE VALUES('3004','21','01/09'||TO_CHAR(EXTRACT(YEAR FROM SYSDATE)+1),'105555',null,null,null,null);
INSERT INTO CUOTA_CREDITO_CLIENTE VALUES('3004','22','01/10'||TO_CHAR(EXTRACT(YEAR FROM SYSDATE)+1),'105555',null,null,null,null);
INSERT INTO CUOTA_CREDITO_CLIENTE VALUES('3004','23','01/11'||TO_CHAR(EXTRACT(YEAR FROM SYSDATE)+1),'105555',null,null,null,null);
INSERT INTO CUOTA_CREDITO_CLIENTE VALUES('3004','24','01/12'||TO_CHAR(EXTRACT(YEAR FROM SYSDATE)+1),'105555',null,null,null,null);
INSERT INTO CUOTA_CREDITO_CLIENTE VALUES('3004','25','01/01'||TO_CHAR(EXTRACT(YEAR FROM SYSDATE)+2),'105555',null,null,null,null);
INSERT INTO CUOTA_CREDITO_CLIENTE VALUES('3004','26','01/02'||TO_CHAR(EXTRACT(YEAR FROM SYSDATE)+2),'105555',null,null,null,null);
INSERT INTO CUOTA_CREDITO_CLIENTE VALUES('3004','27','01/03'||TO_CHAR(EXTRACT(YEAR FROM SYSDATE)+2),'105555',null,null,null,null);
INSERT INTO CUOTA_CREDITO_CLIENTE VALUES('3004','28','01/04'||TO_CHAR(EXTRACT(YEAR FROM SYSDATE)+2),'105555',null,null,null,null);
INSERT INTO CUOTA_CREDITO_CLIENTE VALUES('3004','29','01/05'||TO_CHAR(EXTRACT(YEAR FROM SYSDATE)+2),'105555',null,null,null,null);
INSERT INTO CUOTA_CREDITO_CLIENTE VALUES('3004','30','01/06'||TO_CHAR(EXTRACT(YEAR FROM SYSDATE)+2),'105555',null,null,null,null);
INSERT INTO CUOTA_CREDITO_CLIENTE VALUES('3004','31','01/07'||TO_CHAR(EXTRACT(YEAR FROM SYSDATE)+2),'105555',null,null,null,null);
INSERT INTO CUOTA_CREDITO_CLIENTE VALUES('3004','32','01/08'||TO_CHAR(EXTRACT(YEAR FROM SYSDATE)+2),'105555',null,null,null,null);
INSERT INTO CUOTA_CREDITO_CLIENTE VALUES('3004','33','01/09'||TO_CHAR(EXTRACT(YEAR FROM SYSDATE)+2),'105555',null,null,null,null);
INSERT INTO CUOTA_CREDITO_CLIENTE VALUES('3004','34','01/10'||TO_CHAR(EXTRACT(YEAR FROM SYSDATE)+2),'105555',null,null,null,null);
INSERT INTO CUOTA_CREDITO_CLIENTE VALUES('3004','35','01/11'||TO_CHAR(EXTRACT(YEAR FROM SYSDATE)+2),'105555',null,null,null,null);
INSERT INTO CUOTA_CREDITO_CLIENTE VALUES('3004','36','01/12'||TO_CHAR(EXTRACT(YEAR FROM SYSDATE)+2),'105555',null,null,null,null);
INSERT INTO CUOTA_CREDITO_CLIENTE VALUES('3005','1','17/01'||TO_CHAR(EXTRACT(YEAR FROM SYSDATE)),'208333','12/01'||TO_CHAR(EXTRACT(YEAR FROM SYSDATE)),'208333','0','1');
INSERT INTO CUOTA_CREDITO_CLIENTE VALUES('3005','2','17/02'||TO_CHAR(EXTRACT(YEAR FROM SYSDATE)),'208333','16/02'||TO_CHAR(EXTRACT(YEAR FROM SYSDATE)),'208333','0','1');
INSERT INTO CUOTA_CREDITO_CLIENTE VALUES('3005','3','17/03'||TO_CHAR(EXTRACT(YEAR FROM SYSDATE)),'208333','14/03'||TO_CHAR(EXTRACT(YEAR FROM SYSDATE)),'208333','0','2');
INSERT INTO CUOTA_CREDITO_CLIENTE VALUES('3005','4','17/04'||TO_CHAR(EXTRACT(YEAR FROM SYSDATE)),'208333','17/04'||TO_CHAR(EXTRACT(YEAR FROM SYSDATE)),'208333','0','3');
INSERT INTO CUOTA_CREDITO_CLIENTE VALUES('3005','5','17/05'||TO_CHAR(EXTRACT(YEAR FROM SYSDATE)),'208333',null,null,null,null);
INSERT INTO CUOTA_CREDITO_CLIENTE VALUES('3005','6','17/06'||TO_CHAR(EXTRACT(YEAR FROM SYSDATE)),'208333',null,null,null,null);
INSERT INTO CUOTA_CREDITO_CLIENTE VALUES('3005','7','17/07'||TO_CHAR(EXTRACT(YEAR FROM SYSDATE)),'208333',null,null,null,null);
INSERT INTO CUOTA_CREDITO_CLIENTE VALUES('3005','8','17/08'||TO_CHAR(EXTRACT(YEAR FROM SYSDATE)),'208333',null,null,null,null);
INSERT INTO CUOTA_CREDITO_CLIENTE VALUES('3005','9','17/09'||TO_CHAR(EXTRACT(YEAR FROM SYSDATE)),'208333',null,null,null,null);
INSERT INTO CUOTA_CREDITO_CLIENTE VALUES('3005','10','17/10'||TO_CHAR(EXTRACT(YEAR FROM SYSDATE)),'208333',null,null,null,null);
INSERT INTO CUOTA_CREDITO_CLIENTE VALUES('3005','11','17/11'||TO_CHAR(EXTRACT(YEAR FROM SYSDATE)),'208333',null,null,null,null);
INSERT INTO CUOTA_CREDITO_CLIENTE VALUES('3005','12','17/12'||TO_CHAR(EXTRACT(YEAR FROM SYSDATE)),'208333',null,null,null,null);
INSERT INTO CUOTA_CREDITO_CLIENTE VALUES('3005','13','17/01'||TO_CHAR(EXTRACT(YEAR FROM SYSDATE)+1),'208333',null,null,null,null);
INSERT INTO CUOTA_CREDITO_CLIENTE VALUES('3005','14','17/02'||TO_CHAR(EXTRACT(YEAR FROM SYSDATE)+1),'208333',null,null,null,null);
INSERT INTO CUOTA_CREDITO_CLIENTE VALUES('3005','15','17/03'||TO_CHAR(EXTRACT(YEAR FROM SYSDATE)+1),'208333',null,null,null,null);
INSERT INTO CUOTA_CREDITO_CLIENTE VALUES('3005','16','17/04'||TO_CHAR(EXTRACT(YEAR FROM SYSDATE)+1),'208333',null,null,null,null);
INSERT INTO CUOTA_CREDITO_CLIENTE VALUES('3005','17','17/05'||TO_CHAR(EXTRACT(YEAR FROM SYSDATE)+1),'208333',null,null,null,null);
INSERT INTO CUOTA_CREDITO_CLIENTE VALUES('3005','18','17/06'||TO_CHAR(EXTRACT(YEAR FROM SYSDATE)+1),'208333',null,null,null,null);
INSERT INTO CUOTA_CREDITO_CLIENTE VALUES('3005','19','17/07'||TO_CHAR(EXTRACT(YEAR FROM SYSDATE)+1),'208333',null,null,null,null);
INSERT INTO CUOTA_CREDITO_CLIENTE VALUES('3005','20','17/08'||TO_CHAR(EXTRACT(YEAR FROM SYSDATE)+1),'208333',null,null,null,null);
INSERT INTO CUOTA_CREDITO_CLIENTE VALUES('3005','21','17/09'||TO_CHAR(EXTRACT(YEAR FROM SYSDATE)+1),'208333',null,null,null,null);
INSERT INTO CUOTA_CREDITO_CLIENTE VALUES('3005','22','17/10'||TO_CHAR(EXTRACT(YEAR FROM SYSDATE)+1),'208333',null,null,null,null);
INSERT INTO CUOTA_CREDITO_CLIENTE VALUES('3005','23','17/11'||TO_CHAR(EXTRACT(YEAR FROM SYSDATE)+1),'208333',null,null,null,null);
INSERT INTO CUOTA_CREDITO_CLIENTE VALUES('3005','24','17/12'||TO_CHAR(EXTRACT(YEAR FROM SYSDATE)+1),'208333',null,null,null,null);
INSERT INTO CUOTA_CREDITO_CLIENTE VALUES('3006','1','30/01'||TO_CHAR(EXTRACT(YEAR FROM SYSDATE)),'333333','30/01'||TO_CHAR(EXTRACT(YEAR FROM SYSDATE)),'333333','0','1');
INSERT INTO CUOTA_CREDITO_CLIENTE VALUES('3006','2','28/02'||TO_CHAR(EXTRACT(YEAR FROM SYSDATE)),'333333','28/02'||TO_CHAR(EXTRACT(YEAR FROM SYSDATE)),'333333','0','1');
INSERT INTO CUOTA_CREDITO_CLIENTE VALUES('3006','3','30/03'||TO_CHAR(EXTRACT(YEAR FROM SYSDATE)),'333333','30/03'||TO_CHAR(EXTRACT(YEAR FROM SYSDATE)),'333333','0','2');
INSERT INTO CUOTA_CREDITO_CLIENTE VALUES('3006','4','30/04'||TO_CHAR(EXTRACT(YEAR FROM SYSDATE)),'333333','30/04'||TO_CHAR(EXTRACT(YEAR FROM SYSDATE)),'333333','0','3');
INSERT INTO CUOTA_CREDITO_CLIENTE VALUES('3006','5','30/05'||TO_CHAR(EXTRACT(YEAR FROM SYSDATE)),'333333',null,null,null,null);
INSERT INTO CUOTA_CREDITO_CLIENTE VALUES('3006','6','30/06'||TO_CHAR(EXTRACT(YEAR FROM SYSDATE)),'333333',null,null,null,null);
INSERT INTO CUOTA_CREDITO_CLIENTE VALUES('3006','7','30/07'||TO_CHAR(EXTRACT(YEAR FROM SYSDATE)),'333333',null,null,null,null);
INSERT INTO CUOTA_CREDITO_CLIENTE VALUES('3006','8','30/08'||TO_CHAR(EXTRACT(YEAR FROM SYSDATE)),'333333',null,null,null,null);
INSERT INTO CUOTA_CREDITO_CLIENTE VALUES('3006','9','30/09'||TO_CHAR(EXTRACT(YEAR FROM SYSDATE)),'333333',null,null,null,null);
INSERT INTO CUOTA_CREDITO_CLIENTE VALUES('3006','10','30/10'||TO_CHAR(EXTRACT(YEAR FROM SYSDATE)),'333333',null,null,null,null);
INSERT INTO CUOTA_CREDITO_CLIENTE VALUES('3006','11','30/11'||TO_CHAR(EXTRACT(YEAR FROM SYSDATE)),'333333',null,null,null,null);
INSERT INTO CUOTA_CREDITO_CLIENTE VALUES('3006','12','30/12'||TO_CHAR(EXTRACT(YEAR FROM SYSDATE)),'333333',null,null,null,null);
INSERT INTO CUOTA_CREDITO_CLIENTE VALUES('3007','1','11/01'||TO_CHAR(EXTRACT(YEAR FROM SYSDATE)),'233333','11/01'||TO_CHAR(EXTRACT(YEAR FROM SYSDATE)),'333333','0','1');
INSERT INTO CUOTA_CREDITO_CLIENTE VALUES('3007','2','11/02'||TO_CHAR(EXTRACT(YEAR FROM SYSDATE)),'233333','11/02'||TO_CHAR(EXTRACT(YEAR FROM SYSDATE)),'333333','0','1');
INSERT INTO CUOTA_CREDITO_CLIENTE VALUES('3007','3','11/03'||TO_CHAR(EXTRACT(YEAR FROM SYSDATE)),'233333','11/03'||TO_CHAR(EXTRACT(YEAR FROM SYSDATE)),'333333','0','2');
INSERT INTO CUOTA_CREDITO_CLIENTE VALUES('3007','4','11/04'||TO_CHAR(EXTRACT(YEAR FROM SYSDATE)),'233333','20/04'||TO_CHAR(EXTRACT(YEAR FROM SYSDATE)),'133333','200000','2');
INSERT INTO CUOTA_CREDITO_CLIENTE VALUES('3007','5','11/05'||TO_CHAR(EXTRACT(YEAR FROM SYSDATE)),'233333',null,null,null,null);
INSERT INTO CUOTA_CREDITO_CLIENTE VALUES('3007','6','11/06'||TO_CHAR(EXTRACT(YEAR FROM SYSDATE)),'233333',null,null,null,null);
INSERT INTO CUOTA_CREDITO_CLIENTE VALUES('3007','7','11/07'||TO_CHAR(EXTRACT(YEAR FROM SYSDATE)),'233333',null,null,null,null);
INSERT INTO CUOTA_CREDITO_CLIENTE VALUES('3007','8','11/08'||TO_CHAR(EXTRACT(YEAR FROM SYSDATE)),'233333',null,null,null,null);
INSERT INTO CUOTA_CREDITO_CLIENTE VALUES('3007','9','11/09'||TO_CHAR(EXTRACT(YEAR FROM SYSDATE)),'233333',null,null,null,null);
INSERT INTO CUOTA_CREDITO_CLIENTE VALUES('3007','10','11/10'||TO_CHAR(EXTRACT(YEAR FROM SYSDATE)),'233333',null,null,null,null);
INSERT INTO CUOTA_CREDITO_CLIENTE VALUES('3007','11','11/11'||TO_CHAR(EXTRACT(YEAR FROM SYSDATE)),'233333',null,null,null,null);
INSERT INTO CUOTA_CREDITO_CLIENTE VALUES('3007','12','11/12'||TO_CHAR(EXTRACT(YEAR FROM SYSDATE)),'233333',null,null,null,null);
INSERT INTO CUOTA_CREDITO_CLIENTE VALUES('3009','1','23/11'||TO_CHAR(EXTRACT(YEAR FROM SYSDATE)-1),'408333','23/11'||TO_CHAR(EXTRACT(YEAR FROM SYSDATE)-1),'408333','0','2');
INSERT INTO CUOTA_CREDITO_CLIENTE VALUES('3009','2','23/12'||TO_CHAR(EXTRACT(YEAR FROM SYSDATE)-1),'408333','23/12'||TO_CHAR(EXTRACT(YEAR FROM SYSDATE)-1),'408333','0','2');
INSERT INTO CUOTA_CREDITO_CLIENTE VALUES('3009','3','23/01'||TO_CHAR(EXTRACT(YEAR FROM SYSDATE)),'408333','22/01'||TO_CHAR(EXTRACT(YEAR FROM SYSDATE)-1),'408333','0','2');
INSERT INTO CUOTA_CREDITO_CLIENTE VALUES('3009','4','23/02'||TO_CHAR(EXTRACT(YEAR FROM SYSDATE)),'408333','20/02'||TO_CHAR(EXTRACT(YEAR FROM SYSDATE)),'408333','0','2');
INSERT INTO CUOTA_CREDITO_CLIENTE VALUES('3009','5','23/03'||TO_CHAR(EXTRACT(YEAR FROM SYSDATE)),'408333','21/03'||TO_CHAR(EXTRACT(YEAR FROM SYSDATE)),'408333','0','2');
INSERT INTO CUOTA_CREDITO_CLIENTE VALUES('3009','6','23/04'||TO_CHAR(EXTRACT(YEAR FROM SYSDATE)),'408333','22/04'||TO_CHAR(EXTRACT(YEAR FROM SYSDATE)),'408333','0','2');
INSERT INTO CUOTA_CREDITO_CLIENTE VALUES('3009','7','23/05'||TO_CHAR(EXTRACT(YEAR FROM SYSDATE)),'408333',null,null,null,null);
INSERT INTO CUOTA_CREDITO_CLIENTE VALUES('3009','8','23/06'||TO_CHAR(EXTRACT(YEAR FROM SYSDATE)),'408333',null,null,null,null);
INSERT INTO CUOTA_CREDITO_CLIENTE VALUES('3009','9','23/07'||TO_CHAR(EXTRACT(YEAR FROM SYSDATE)),'408333',null,null,null,null);
INSERT INTO CUOTA_CREDITO_CLIENTE VALUES('3009','10','23/08'||TO_CHAR(EXTRACT(YEAR FROM SYSDATE)),'408333',null,null,null,null);
INSERT INTO CUOTA_CREDITO_CLIENTE VALUES('3009','11','23/01'||TO_CHAR(EXTRACT(YEAR FROM SYSDATE)),'408333',null,null,null,null);
INSERT INTO CUOTA_CREDITO_CLIENTE VALUES('3009','12','23/10'||TO_CHAR(EXTRACT(YEAR FROM SYSDATE)),'408333',null,null,null,null);
INSERT INTO CUOTA_CREDITO_CLIENTE VALUES('3010','1','18/10'||TO_CHAR(EXTRACT(YEAR FROM SYSDATE)-1),'333333','18/10'||TO_CHAR(EXTRACT(YEAR FROM SYSDATE)-1),'333333','0','2');
INSERT INTO CUOTA_CREDITO_CLIENTE VALUES('3010','2','18/11'||TO_CHAR(EXTRACT(YEAR FROM SYSDATE)-1),'333333','18/11'||TO_CHAR(EXTRACT(YEAR FROM SYSDATE)-1),'333333','0','2');
INSERT INTO CUOTA_CREDITO_CLIENTE VALUES('3010','3','18/12'||TO_CHAR(EXTRACT(YEAR FROM SYSDATE)-1),'333333','18/12'||TO_CHAR(EXTRACT(YEAR FROM SYSDATE)-1),'333333','0','1');
INSERT INTO CUOTA_CREDITO_CLIENTE VALUES('3010','4','18/01'||TO_CHAR(EXTRACT(YEAR FROM SYSDATE)),'333333','18/01'||TO_CHAR(EXTRACT(YEAR FROM SYSDATE)),'333333','0','3');
INSERT INTO CUOTA_CREDITO_CLIENTE VALUES('3010','5','18/02'||TO_CHAR(EXTRACT(YEAR FROM SYSDATE)),'333333','18/02'||TO_CHAR(EXTRACT(YEAR FROM SYSDATE)),'333333','0','2');
INSERT INTO CUOTA_CREDITO_CLIENTE VALUES('3010','6','18/03'||TO_CHAR(EXTRACT(YEAR FROM SYSDATE)),'333333','18/03'||TO_CHAR(EXTRACT(YEAR FROM SYSDATE)),'333333','0','2');
INSERT INTO CUOTA_CREDITO_CLIENTE VALUES('3010','7','18/04'||TO_CHAR(EXTRACT(YEAR FROM SYSDATE)),'333333','23/04'||TO_CHAR(EXTRACT(YEAR FROM SYSDATE)),'200000','133333','2');
INSERT INTO CUOTA_CREDITO_CLIENTE VALUES('3010','8','18/05'||TO_CHAR(EXTRACT(YEAR FROM SYSDATE)),'333333',null,null,null,null);
INSERT INTO CUOTA_CREDITO_CLIENTE VALUES('3010','9','18/06'||TO_CHAR(EXTRACT(YEAR FROM SYSDATE)),'333333',null,null,null,null);
INSERT INTO CUOTA_CREDITO_CLIENTE VALUES('3010','10','18/07'||TO_CHAR(EXTRACT(YEAR FROM SYSDATE)),'333333',null,null,null,null);
INSERT INTO CUOTA_CREDITO_CLIENTE VALUES('3010','11','18/08'||TO_CHAR(EXTRACT(YEAR FROM SYSDATE)),'333333',null,null,null,null);
INSERT INTO CUOTA_CREDITO_CLIENTE VALUES('3010','12','18/09'||TO_CHAR(EXTRACT(YEAR FROM SYSDATE)),'333333',null,null,null,null);
INSERT INTO CUOTA_CREDITO_CLIENTE VALUES('3008','1','23/01'||TO_CHAR(EXTRACT(YEAR FROM SYSDATE)),'272222','23/01'||TO_CHAR(EXTRACT(YEAR FROM SYSDATE)),'272222','0','2');
INSERT INTO CUOTA_CREDITO_CLIENTE VALUES('3008','2','23/02'||TO_CHAR(EXTRACT(YEAR FROM SYSDATE)),'272222','23/02'||TO_CHAR(EXTRACT(YEAR FROM SYSDATE)),'272222','0','2');
INSERT INTO CUOTA_CREDITO_CLIENTE VALUES('3008','3','23/03'||TO_CHAR(EXTRACT(YEAR FROM SYSDATE)),'272222','23/03'||TO_CHAR(EXTRACT(YEAR FROM SYSDATE)),'272222','0','2');
INSERT INTO CUOTA_CREDITO_CLIENTE VALUES('3008','4','23/04'||TO_CHAR(EXTRACT(YEAR FROM SYSDATE)),'272222','28/04'||TO_CHAR(EXTRACT(YEAR FROM SYSDATE)),'200000','72222','2');
INSERT INTO CUOTA_CREDITO_CLIENTE VALUES('3008','5','23/05'||TO_CHAR(EXTRACT(YEAR FROM SYSDATE)),'272222',null,null,null,null);
INSERT INTO CUOTA_CREDITO_CLIENTE VALUES('3008','6','23/06'||TO_CHAR(EXTRACT(YEAR FROM SYSDATE)),'272222',null,null,null,null);
INSERT INTO CUOTA_CREDITO_CLIENTE VALUES('3008','7','23/07'||TO_CHAR(EXTRACT(YEAR FROM SYSDATE)),'272222',null,null,null,null);
INSERT INTO CUOTA_CREDITO_CLIENTE VALUES('3008','8','23/08'||TO_CHAR(EXTRACT(YEAR FROM SYSDATE)),'272222',null,null,null,null);
INSERT INTO CUOTA_CREDITO_CLIENTE VALUES('3008','9','23/09'||TO_CHAR(EXTRACT(YEAR FROM SYSDATE)),'272222',null,null,null,null);
INSERT INTO CUOTA_CREDITO_CLIENTE VALUES('3008','10','23/10'||TO_CHAR(EXTRACT(YEAR FROM SYSDATE)),'272222',null,null,null,null);
INSERT INTO CUOTA_CREDITO_CLIENTE VALUES('3008','11','23/11'||TO_CHAR(EXTRACT(YEAR FROM SYSDATE)),'272222',null,null,null,null);
INSERT INTO CUOTA_CREDITO_CLIENTE VALUES('3008','12','23/12'||TO_CHAR(EXTRACT(YEAR FROM SYSDATE)),'272222',null,null,null,null);
INSERT INTO CUOTA_CREDITO_CLIENTE VALUES('3008','13','23/01'||TO_CHAR(EXTRACT(YEAR FROM SYSDATE)+1),'272222',null,null,null,null);
INSERT INTO CUOTA_CREDITO_CLIENTE VALUES('3008','14','23/02'||TO_CHAR(EXTRACT(YEAR FROM SYSDATE)+1),'272222',null,null,null,null);
INSERT INTO CUOTA_CREDITO_CLIENTE VALUES('3008','15','23/03'||TO_CHAR(EXTRACT(YEAR FROM SYSDATE)+1),'272222',null,null,null,null);
INSERT INTO CUOTA_CREDITO_CLIENTE VALUES('3008','16','23/04'||TO_CHAR(EXTRACT(YEAR FROM SYSDATE)+1),'272222',null,null,null,null);
INSERT INTO CUOTA_CREDITO_CLIENTE VALUES('3008','17','23/05'||TO_CHAR(EXTRACT(YEAR FROM SYSDATE)+1),'272222',null,null,null,null);
INSERT INTO CUOTA_CREDITO_CLIENTE VALUES('3008','18','23/06'||TO_CHAR(EXTRACT(YEAR FROM SYSDATE)+1),'272222',null,null,null,null);
INSERT INTO CUOTA_CREDITO_CLIENTE VALUES('3008','19','23/07'||TO_CHAR(EXTRACT(YEAR FROM SYSDATE)+1),'272222',null,null,null,null);
INSERT INTO CUOTA_CREDITO_CLIENTE VALUES('3008','20','23/08'||TO_CHAR(EXTRACT(YEAR FROM SYSDATE)+1),'272222',null,null,null,null);
INSERT INTO CUOTA_CREDITO_CLIENTE VALUES('3008','21','23/09'||TO_CHAR(EXTRACT(YEAR FROM SYSDATE)+1),'272222',null,null,null,null);
INSERT INTO CUOTA_CREDITO_CLIENTE VALUES('3008','22','23/10'||TO_CHAR(EXTRACT(YEAR FROM SYSDATE)+1),'272222',null,null,null,null);
INSERT INTO CUOTA_CREDITO_CLIENTE VALUES('3008','23','23/11'||TO_CHAR(EXTRACT(YEAR FROM SYSDATE)+1),'272222',null,null,null,null);
INSERT INTO CUOTA_CREDITO_CLIENTE VALUES('3008','24','23/12'||TO_CHAR(EXTRACT(YEAR FROM SYSDATE)+1),'272222',null,null,null,null);
INSERT INTO CUOTA_CREDITO_CLIENTE VALUES('3008','25','23/01'||TO_CHAR(EXTRACT(YEAR FROM SYSDATE)+2),'272222',null,null,null,null);
INSERT INTO CUOTA_CREDITO_CLIENTE VALUES('3008','26','23/02'||TO_CHAR(EXTRACT(YEAR FROM SYSDATE)+2),'272222',null,null,null,null);
INSERT INTO CUOTA_CREDITO_CLIENTE VALUES('3008','27','23/03'||TO_CHAR(EXTRACT(YEAR FROM SYSDATE)+2),'272222',null,null,null,null);
INSERT INTO CUOTA_CREDITO_CLIENTE VALUES('3008','28','23/04'||TO_CHAR(EXTRACT(YEAR FROM SYSDATE)+2),'272222',null,null,null,null);
INSERT INTO CUOTA_CREDITO_CLIENTE VALUES('3008','29','23/05'||TO_CHAR(EXTRACT(YEAR FROM SYSDATE)+2),'272222',null,null,null,null);
INSERT INTO CUOTA_CREDITO_CLIENTE VALUES('3008','30','23/06'||TO_CHAR(EXTRACT(YEAR FROM SYSDATE)+2),'272222',null,null,null,null);
INSERT INTO CUOTA_CREDITO_CLIENTE VALUES('3008','31','23/07'||TO_CHAR(EXTRACT(YEAR FROM SYSDATE)+2),'272222',null,null,null,null);
INSERT INTO CUOTA_CREDITO_CLIENTE VALUES('3008','32','23/08'||TO_CHAR(EXTRACT(YEAR FROM SYSDATE)+2),'272222',null,null,null,null);
INSERT INTO CUOTA_CREDITO_CLIENTE VALUES('3008','33','23/09'||TO_CHAR(EXTRACT(YEAR FROM SYSDATE)+2),'272222',null,null,null,null);
INSERT INTO CUOTA_CREDITO_CLIENTE VALUES('3008','34','23/10'||TO_CHAR(EXTRACT(YEAR FROM SYSDATE)+2),'272222',null,null,null,null);
INSERT INTO CUOTA_CREDITO_CLIENTE VALUES('3008','35','23/11'||TO_CHAR(EXTRACT(YEAR FROM SYSDATE)+2),'272222',null,null,null,null);
INSERT INTO CUOTA_CREDITO_CLIENTE VALUES('3008','36','23/12'||TO_CHAR(EXTRACT(YEAR FROM SYSDATE)+2),'272222',null,null,null,null);
COMMIT;